Codigo_Barras;SKU_Interno;Descripcion;Fabricante;Contenido;Precio_Lista;Descuento_Porc
779100000301;SKU-10300;COCA-COLA GASEOSA COLA 1500 ML;Coca-Cola;1500 ml;3598.38;10.0
779100000302;SKU-10301;SPRITE GASEOSA LIMA LIMON 500 ML;Sprite;500 ml;1468.27;5.0
779100000303;SKU-10302;QUILMES CERVEZA RUBIA 1000 CC;Quilmes;1000 cc;2207.78;5.0
779100000304;SKU-10303;LA SERENÍSIMA LECHE ENTERA TETRA 1L;La Serenísima;Tetra 1L;1367.22;10.0
779100000305;SKU-10304;SANCOR LECHE DESCREMADA 1000 CC;Sancor;1000 cc;1526.15;10.0
779100000306;SKU-10305;LA SERENÍSIMA YOGUR BEBIBLE FRUTILLA 180 G;La Serenísima;180 g;1932.34;0.0
779100000307;SKU-10306;SAN IGNACIO DULCE DE LECHE CLASICO 1000 G;San Ignacio;1000 g;2394.74;5.0
779100000308;SKU-10307;NATURA ACEITE GIRASOL 3 L;Natura;3 l;2376.73;0.0
779100000309;SKU-10308;COCINERO ACEITE MEZCLA 900 ML;Cocinero;900 ml;1749.98;0.0
779100000310;SKU-10309;GALLO ARROZ LARGO FINO 500 G;Gallo;500 g;1108.92;5.0
779100000311;SKU-10310;MATARAZZO FIDEOS GUISEROS 500 G;Matarazzo;500 g;747.26;10.0
779100000312;SKU-10311;LUCCHETTI FIDEOS TALLARINES 500 GR;Lucchetti;500 gr;684.2;5.0
779100000313;SKU-10312;MAROLIO PURE DE TOMATE 520 G;Marolio;520 g;802.76;0.0
779100000314;SKU-10313;HELLMANNS MAYONESA CLASICA 1000 GR;Hellmanns;1000 gr;2969.92;5.0
779100000315;SKU-10314;ARCOR GALLETITAS DULCES 300 G;Arcor;300 g;1227.52;0.0
779100000316;SKU-10315;TERRABUSI GALLETITAS DE AGUA 100 G;Terrabusi;100 g;1072.67;5.0
779100000317;SKU-10316;HEAD & SHOULDERS SHAMPOO ANTICASPA 400 ML;Head & Shoulders;400 ml;4654.82;10.0
779100000318;SKU-10317;PANTENE ACONDICIONADOR BRILLO 200 ML;Pantene;200 ml;1850.38;0.0
779100000319;SKU-10318;REXONA DESODORANTE AEROSOL 150 ML;Rexona;150 ml;2770.24;10.0
779100000320;SKU-10319;COLGATE CREMA DENTAL TRIPLE ACCION 70 G;Colgate;70 g;1975.11;5.0
779100000321;SKU-10320;COCA-COLA GASEOSA COLA 500 ML;Coca-Cola;500 ml;1873.27;5.0
779100000322;SKU-10321;SPRITE GASEOSA LIMA LIMON 2250 ML;Sprite;2250 ml;5239.19;5.0
779100000323;SKU-10322;QUILMES CERVEZA RUBIA 1000 CC;Quilmes;1000 cc;2516.82;5.0
779100000324;SKU-10323;LA SERENÍSIMA LECHE ENTERA 1000 CC;La Serenísima;1000 cc;1263.17;5.0
779100000325;SKU-10324;SANCOR LECHE DESCREMADA 1000 ML;Sancor;1000 ml;1219.84;10.0
779100000326;SKU-10325;LA SERENÍSIMA YOGUR BEBIBLE FRUTILLA 1000 GR;La Serenísima;1000 gr;2022.86;10.0
779100000327;SKU-10326;SAN IGNACIO DULCE DE LECHE CLASICO 400 G;San Ignacio;400 g;2712.89;5.0
779100000328;SKU-10327;NATURA ACEITE GIRASOL 900 ML;Natura;900 ml;1994.44;0.0
779100000329;SKU-10328;COCINERO ACEITE MEZCLA 1500 ML;Cocinero;1500 ml;2380.57;5.0
779100000330;SKU-10329;GALLO ARROZ LARGO FINO 1000 GR;Gallo;1000 gr;1900.76;0.0
779100000331;SKU-10330;MATARAZZO FIDEOS GUISEROS 500 GR;Matarazzo;500 gr;833.24;5.0
779100000332;SKU-10331;LUCCHETTI FIDEOS TALLARINES 500 G;Lucchetti;500 g;765.05;0.0
779100000333;SKU-10332;MAROLIO PURE DE TOMATE 520 GR;Marolio;520 gr;766.4;0.0
779100000334;SKU-10333;HELLMANNS MAYONESA CLASICA 475 G;Hellmanns;475 g;2950.48;10.0
779100000335;SKU-10334;ARCOR GALLETITAS DULCES 120 G;Arcor;120 g;1131.09;0.0
779100000336;SKU-10335;TERRABUSI GALLETITAS DE AGUA 300 G;Terrabusi;300 g;917.0;5.0
779100000337;SKU-10336;HEAD & SHOULDERS SHAMPOO ANTICASPA 200 ML;Head & Shoulders;200 ml;1914.23;5.0
779100000338;SKU-10337;PANTENE ACONDICIONADOR BRILLO 400 ML;Pantene;400 ml;4626.51;0.0
779100000339;SKU-10338;REXONA DESODORANTE AEROSOL 150 CC;Rexona;150 cc;2905.89;0.0
779100000340;SKU-10339;COLGATE CREMA DENTAL TRIPLE ACCION 90 G;Colgate;90 g;2149.07;5.0
779100000341;SKU-10340;COCA-COLA GASEOSA COLA 354 ML;Coca-Cola;354 ml;1307.48;0.0
779100000342;SKU-10341;SPRITE GASEOSA LIMA LIMON 2250 ML;Sprite;2250 ml;5337.47;10.0
779100000343;SKU-10342;QUILMES CERVEZA RUBIA 473 ML;Quilmes;473 ml;1289.78;10.0
779100000344;SKU-10343;LA SERENÍSIMA LECHE ENTERA 1000 ML;La Serenísima;1000 ml;1363.31;0.0
779100000345;SKU-10344;SANCOR LECHE DESCREMADA TETRA 1L;Sancor;Tetra 1L;1388.93;0.0
779100000346;SKU-10345;LA SERENÍSIMA YOGUR BEBIBLE FRUTILLA 1000 G;La Serenísima;1000 g;2337.88;0.0
779100000347;SKU-10346;SAN IGNACIO DULCE DE LECHE CLASICO 400 GR;San Ignacio;400 gr;2869.27;10.0
779100000348;SKU-10347;NATURA ACEITE GIRASOL 1500 ML;Natura;1500 ml;3272.94;5.0
779100000349;SKU-10348;COCINERO ACEITE MEZCLA 1500 ML;Cocinero;1500 ml;2680.78;5.0
779100000350;SKU-10349;GALLO ARROZ LARGO FINO 1000 G;Gallo;1000 g;1844.97;5.0
779100000351;SKU-10350;MATARAZZO FIDEOS GUISEROS 1000 GR;Matarazzo;1000 gr;1413.26;0.0
779100000352;SKU-10351;LUCCHETTI FIDEOS TALLARINES 500 GR;Lucchetti;500 gr;715.93;0.0
779100000353;SKU-10352;MAROLIO PURE DE TOMATE TETRA 520G;Marolio;Tetra 520g;803.28;5.0
779100000354;SKU-10353;HELLMANNS MAYONESA CLASICA 500 G;Hellmanns;500 g;1472.57;10.0
779100000355;SKU-10354;ARCOR GALLETITAS DULCES 160 G;Arcor;160 g;1008.27;5.0
779100000356;SKU-10355;TERRABUSI GALLETITAS DE AGUA PACK X3 300G;Terrabusi;Pack x3 300g;2612.93;5.0
779100000357;SKU-10356;HEAD & SHOULDERS SHAMPOO ANTICASPA 750 ML;Head & Shoulders;750 ml;4071.03;5.0
779100000358;SKU-10357;PANTENE ACONDICIONADOR BRILLO 200 ML;Pantene;200 ml;2034.59;0.0
779100000359;SKU-10358;REXONA DESODORANTE AEROSOL PACK X2;Rexona;Pack x2;7442.62;0.0
779100000360;SKU-10359;COLGATE CREMA DENTAL TRIPLE ACCION 140 G;Colgate;140 g;1854.37;5.0
779100000361;SKU-10360;COCA-COLA GASEOSA COLA 2250 ML;Coca-Cola;2250 ml;5111.86;5.0
779100000362;SKU-10361;SPRITE GASEOSA LIMA LIMON 1500 ML;Sprite;1500 ml;3430.56;10.0
779100000363;SKU-10362;QUILMES CERVEZA RUBIA 710 ML;Quilmes;710 ml;2100.78;10.0
779100000364;SKU-10363;LA SERENÍSIMA LECHE ENTERA SACHET 1L;La Serenísima;Sachet 1L;1480.64;10.0
779100000365;SKU-10364;SANCOR LECHE DESCREMADA 1000 CC;Sancor;1000 cc;1373.4;5.0
779100000366;SKU-10365;LA SERENÍSIMA YOGUR BEBIBLE FRUTILLA 1000 GR;La Serenísima;1000 gr;2038.97;5.0
779100000367;SKU-10366;SAN IGNACIO DULCE DE LECHE CLASICO 1000 GR;San Ignacio;1000 gr;2704.59;10.0
779100000368;SKU-10367;NATURA ACEITE GIRASOL 1500 ML;Natura;1500 ml;3401.7;10.0
779100000369;SKU-10368;COCINERO ACEITE MEZCLA 900 ML;Cocinero;900 ml;1558.46;0.0
779100000370;SKU-10369;GALLO ARROZ LARGO FINO 1000 GR;Gallo;1000 gr;1761.98;10.0
779100000371;SKU-10370;MATARAZZO FIDEOS GUISEROS 500 G;Matarazzo;500 g;773.14;5.0
779100000372;SKU-10371;LUCCHETTI FIDEOS TALLARINES 500 G;Lucchetti;500 g;818.48;0.0
779100000373;SKU-10372;MAROLIO PURE DE TOMATE 520 G;Marolio;520 g;884.28;0.0
779100000374;SKU-10373;HELLMANNS MAYONESA CLASICA 950 G;Hellmanns;950 g;2676.24;5.0
779100000375;SKU-10374;ARCOR GALLETITAS DULCES PACK X3;Arcor;Pack x3;2675.63;0.0
779100000376;SKU-10375;TERRABUSI GALLETITAS DE AGUA 100 G;Terrabusi;100 g;1009.01;0.0
779100000377;SKU-10376;HEAD & SHOULDERS SHAMPOO ANTICASPA 400 ML;Head & Shoulders;400 ml;4100.29;5.0
779100000378;SKU-10377;PANTENE ACONDICIONADOR BRILLO 400 ML;Pantene;400 ml;4295.39;10.0
779100000379;SKU-10378;REXONA DESODORANTE AEROSOL 150 ML;Rexona;150 ml;2914.94;10.0
779100000380;SKU-10379;COLGATE CREMA DENTAL TRIPLE ACCION 70 G;Colgate;70 g;2034.02;0.0
779100000381;SKU-10380;COCA-COLA GASEOSA COLA 2250 ML;Coca-Cola;2250 ml;5252.04;0.0
779100000382;SKU-10381;SPRITE GASEOSA LIMA LIMON 500 ML;Sprite;500 ml;1697.64;5.0
779100000383;SKU-10382;QUILMES CERVEZA RUBIA PACK X6;Quilmes;Pack x6;11809.72;5.0
779100000384;SKU-10383;LA SERENÍSIMA LECHE ENTERA TETRA 1L;La Serenísima;Tetra 1L;1432.46;10.0
779100000385;SKU-10384;SANCOR LECHE DESCREMADA 1000 ML;Sancor;1000 ml;1544.13;0.0
779100000386;SKU-10385;LA SERENÍSIMA YOGUR BEBIBLE FRUTILLA 180 G;La Serenísima;180 g;2158.53;5.0
779100000387;SKU-10386;SAN IGNACIO DULCE DE LECHE CLASICO 1000 G;San Ignacio;1000 g;2736.64;5.0
779100000388;SKU-10387;NATURA ACEITE GIRASOL 3 L;Natura;3 l;2586.82;5.0
779100000389;SKU-10388;COCINERO ACEITE MEZCLA 1500 ML;Cocinero;1500 ml;2445.25;5.0
779100000390;SKU-10389;GALLO ARROZ LARGO FINO 500 G;Gallo;500 g;1023.71;5.0
779100000391;SKU-10390;MATARAZZO FIDEOS GUISEROS 500 GR;Matarazzo;500 gr;815.27;0.0
779100000392;SKU-10391;LUCCHETTI FIDEOS TALLARINES 500 GR;Lucchetti;500 gr;693.28;5.0
779100000393;SKU-10392;MAROLIO PURE DE TOMATE 520 GR;Marolio;520 gr;821.25;5.0
779100000394;SKU-10393;HELLMANNS MAYONESA CLASICA 1000 GR;Hellmanns;1000 gr;2349.95;5.0
779100000395;SKU-10394;ARCOR GALLETITAS DULCES 300 G;Arcor;300 g;1238.03;0.0
779100000396;SKU-10395;TERRABUSI GALLETITAS DE AGUA 300 G;Terrabusi;300 g;981.09;10.0
779100000397;SKU-10396;HEAD & SHOULDERS SHAMPOO ANTICASPA 200 ML;Head & Shoulders;200 ml;2154.13;5.0
779100000398;SKU-10397;PANTENE ACONDICIONADOR BRILLO 200 ML;Pantene;200 ml;2077.01;0.0
779100000399;SKU-10398;REXONA DESODORANTE AEROSOL 150 CC;Rexona;150 cc;3098.88;5.0
779100000400;SKU-10399;COLGATE CREMA DENTAL TRIPLE ACCION 90 G;Colgate;90 g;1791.65;0.0
779100000401;SKU-10400;COCA-COLA GASEOSA COLA 2.25L;Coca-Cola;2.25L;5633.3;10.0
779100000402;SKU-10401;SPRITE GASEOSA LIMA LIMON 2250 ML;Sprite;2250 ml;5055.88;5.0
779100000403;SKU-10402;QUILMES CERVEZA RUBIA 1000 CC;Quilmes;1000 cc;2420.86;5.0
779100000404;SKU-10403;LA SERENÍSIMA LECHE ENTERA 1000 CC;La Serenísima;1000 cc;1430.14;0.0
779100000405;SKU-10404;SANCOR LECHE DESCREMADA TETRA 1L;Sancor;Tetra 1L;1440.9;0.0
779100000406;SKU-10405;LA SERENÍSIMA YOGUR BEBIBLE FRUTILLA 1000 GR;La Serenísima;1000 gr;2292.0;5.0
779100000407;SKU-10406;SAN IGNACIO DULCE DE LECHE CLASICO 400 G;San Ignacio;400 g;2479.76;0.0
779100000408;SKU-10407;NATURA ACEITE GIRASOL 900 ML;Natura;900 ml;2110.13;0.0
779100000409;SKU-10408;COCINERO ACEITE MEZCLA 1500 ML;Cocinero;1500 ml;2408.13;5.0
779100000410;SKU-10409;GALLO ARROZ LARGO FINO 1000 GR;Gallo;1000 gr;1798.36;5.0
779100000411;SKU-10410;MATARAZZO FIDEOS GUISEROS 1000 GR;Matarazzo;1000 gr;1421.17;0.0
779100000412;SKU-10411;LUCCHETTI FIDEOS TALLARINES 500 G;Lucchetti;500 g;830.16;0.0
779100000413;SKU-10412;MAROLIO PURE DE TOMATE TETRA 520G;Marolio;Tetra 520g;947.29;5.0
779100000414;SKU-10413;HELLMANNS MAYONESA CLASICA 475 G;Hellmanns;475 g;2692.77;5.0
779100000415;SKU-10414;ARCOR GALLETITAS DULCES 120 G;Arcor;120 g;1054.05;10.0
779100000416;SKU-10415;TERRABUSI GALLETITAS DE AGUA PACK X3 300G;Terrabusi;Pack x3 300g;2582.55;5.0
779100000417;SKU-10416;HEAD & SHOULDERS SHAMPOO ANTICASPA 750 ML;Head & Shoulders;750 ml;4747.47;5.0
779100000418;SKU-10417;PANTENE ACONDICIONADOR BRILLO 400 ML;Pantene;400 ml;4049.25;5.0
779100000419;SKU-10418;REXONA DESODORANTE AEROSOL PACK X2;Rexona;Pack x2;7698.18;5.0
779100000420;SKU-10419;COLGATE CREMA DENTAL TRIPLE ACCION 140 G;Colgate;140 g;1820.65;10.0
779100000421;SKU-10420;COCA-COLA GASEOSA COLA 1500 ML;Coca-Cola;1500 ml;3321.2;0.0
779100000422;SKU-10421;SPRITE GASEOSA LIMA LIMON 2250 ML;Sprite;2250 ml;4609.94;10.0
779100000423;SKU-10422;QUILMES CERVEZA RUBIA 1000 CC;Quilmes;1000 cc;2266.81;10.0
779100000424;SKU-10423;LA SERENÍSIMA LECHE ENTERA 1000 ML;La Serenísima;1000 ml;1459.06;0.0
779100000425;SKU-10424;SANCOR LECHE DESCREMADA 1000 CC;Sancor;1000 cc;1246.33;10.0
779100000426;SKU-10425;LA SERENÍSIMA YOGUR BEBIBLE FRUTILLA 1000 G;La Serenísima;1000 g;2194.71;0.0
779100000427;SKU-10426;SAN IGNACIO DULCE DE LECHE CLASICO 400 GR;San Ignacio;400 gr;2286.82;5.0
779100000428;SKU-10427;NATURA ACEITE GIRASOL 1500 ML;Natura;1500 ml;3126.57;0.0
779100000429;SKU-10428;COCINERO ACEITE MEZCLA 900 ML;Cocinero;900 ml;1912.49;0.0
779100000430;SKU-10429;GALLO ARROZ LARGO FINO 1000 G;Gallo;1000 g;1896.75;0.0
779100000431;SKU-10430;MATARAZZO FIDEOS GUISEROS 500 G;Matarazzo;500 g;717.48;0.0
779100000432;SKU-10431;LUCCHETTI FIDEOS TALLARINES 500 GR;Lucchetti;500 gr;836.89;10.0
779100000433;SKU-10432;MAROLIO PURE DE TOMATE 520 G;Marolio;520 g;889.54;0.0
779100000434;SKU-10433;HELLMANNS MAYONESA CLASICA 500 G;Hellmanns;500 g;1743.07;0.0
779100000435;SKU-10434;ARCOR GALLETITAS DULCES 160 G;Arcor;160 g;1118.26;10.0
779100000436;SKU-10435;TERRABUSI GALLETITAS DE AGUA 100 G;Terrabusi;100 g;863.91;10.0
779100000437;SKU-10436;HEAD & SHOULDERS SHAMPOO ANTICASPA 400 ML;Head & Shoulders;400 ml;4724.46;10.0
779100000438;SKU-10437;PANTENE ACONDICIONADOR BRILLO 200 ML;Pantene;200 ml;1976.52;10.0
779100000439;SKU-10438;REXONA DESODORANTE AEROSOL 150 ML;Rexona;150 ml;2891.0;0.0
779100000440;SKU-10439;COLGATE CREMA DENTAL TRIPLE ACCION 70 G;Colgate;70 g;2153.62;5.0
779100000441;SKU-10440;COCA-COLA GASEOSA COLA 500 ML;Coca-Cola;500 ml;1769.63;5.0
779100000442;SKU-10441;SPRITE GASEOSA LIMA LIMON 1500 ML;Sprite;1500 ml;3603.72;0.0
779100000443;SKU-10442;QUILMES CERVEZA RUBIA 473 ML;Quilmes;473 ml;1459.11;10.0
779100000444;SKU-10443;LA SERENÍSIMA LECHE ENTERA SACHET 1L;La Serenísima;Sachet 1L;1541.83;5.0
779100000445;SKU-10444;SANCOR LECHE DESCREMADA 1000 ML;Sancor;1000 ml;1272.12;5.0
779100000446;SKU-10445;LA SERENÍSIMA YOGUR BEBIBLE FRUTILLA 1000 GR;La Serenísima;1000 gr;1939.38;0.0
779100000447;SKU-10446;SAN IGNACIO DULCE DE LECHE CLASICO 1000 GR;San Ignacio;1000 gr;2302.06;10.0
779100000448;SKU-10447;NATURA ACEITE GIRASOL 1500 ML;Natura;1500 ml;2863.69;5.0
779100000449;SKU-10448;COCINERO ACEITE MEZCLA 1500 ML;Cocinero;1500 ml;2778.71;5.0
779100000450;SKU-10449;GALLO ARROZ LARGO FINO 1000 GR;Gallo;1000 gr;2023.77;5.0
779100000451;SKU-10450;MATARAZZO FIDEOS GUISEROS 500 GR;Matarazzo;500 gr;825.8;10.0
779100000452;SKU-10451;LUCCHETTI FIDEOS TALLARINES 500 G;Lucchetti;500 g;698.11;10.0
779100000453;SKU-10452;MAROLIO PURE DE TOMATE 520 GR;Marolio;520 gr;803.53;0.0
779100000454;SKU-10453;HELLMANNS MAYONESA CLASICA 950 G;Hellmanns;950 g;2194.44;5.0
779100000455;SKU-10454;ARCOR GALLETITAS DULCES PACK X3;Arcor;Pack x3;3218.91;0.0
779100000456;SKU-10455;TERRABUSI GALLETITAS DE AGUA 300 G;Terrabusi;300 g;901.89;10.0
779100000457;SKU-10456;HEAD & SHOULDERS SHAMPOO ANTICASPA 200 ML;Head & Shoulders;200 ml;2134.31;10.0
779100000458;SKU-10457;PANTENE ACONDICIONADOR BRILLO 400 ML;Pantene;400 ml;4737.18;0.0
779100000459;SKU-10458;REXONA DESODORANTE AEROSOL 150 CC;Rexona;150 cc;2920.0;0.0
779100000460;SKU-10459;COLGATE CREMA DENTAL TRIPLE ACCION 90 G;Colgate;90 g;1982.75;0.0
779100000461;SKU-10460;COCA-COLA GASEOSA COLA 354 ML;Coca-Cola;354 ml;1150.05;10.0
779100000462;SKU-10461;SPRITE GASEOSA LIMA LIMON 500 ML;Sprite;500 ml;1577.96;5.0
779100000463;SKU-10462;QUILMES CERVEZA RUBIA 710 ML;Quilmes;710 ml;2350.39;5.0
779100000464;SKU-10463;LA SERENÍSIMA LECHE ENTERA TETRA 1L;La Serenísima;Tetra 1L;1421.63;0.0
779100000465;SKU-10464;SANCOR LECHE DESCREMADA TETRA 1L;Sancor;Tetra 1L;1222.29;5.0
779100000466;SKU-10465;LA SERENÍSIMA YOGUR BEBIBLE FRUTILLA 180 G;La Serenísima;180 g;2051.07;0.0
779100000467;SKU-10466;SAN IGNACIO DULCE DE LECHE CLASICO 1000 G;San Ignacio;1000 g;2527.69;0.0
779100000468;SKU-10467;NATURA ACEITE GIRASOL 3 L;Natura;3 l;2161.73;10.0
779100000469;SKU-10468;COCINERO ACEITE MEZCLA 1500 ML;Cocinero;1500 ml;2637.82;10.0
779100000470;SKU-10469;GALLO ARROZ LARGO FINO 500 G;Gallo;500 g;1129.24;10.0
779100000471;SKU-10470;MATARAZZO FIDEOS GUISEROS 1000 GR;Matarazzo;1000 gr;1419.05;5.0
779100000472;SKU-10471;LUCCHETTI FIDEOS TALLARINES 500 GR;Lucchetti;500 gr;762.35;0.0
779100000473;SKU-10472;MAROLIO PURE DE TOMATE TETRA 520G;Marolio;Tetra 520g;919.19;0.0
779100000474;SKU-10473;HELLMANNS MAYONESA CLASICA 1000 GR;Hellmanns;1000 gr;2914.36;0.0
779100000475;SKU-10474;ARCOR GALLETITAS DULCES 300 G;Arcor;300 g;1161.83;0.0
779100000476;SKU-10475;TERRABUSI GALLETITAS DE AGUA PACK X3 300G;Terrabusi;Pack x3 300g;2586.37;10.0
779100000477;SKU-10476;HEAD & SHOULDERS SHAMPOO ANTICASPA 750 ML;Head & Shoulders;750 ml;5075.44;0.0
779100000478;SKU-10477;PANTENE ACONDICIONADOR BRILLO 200 ML;Pantene;200 ml;1766.93;10.0
779100000479;SKU-10478;REXONA DESODORANTE AEROSOL PACK X2;Rexona;Pack x2;7633.72;10.0
779100000480;SKU-10479;COLGATE CREMA DENTAL TRIPLE ACCION 140 G;Colgate;140 g;1738.31;0.0
779100000481;SKU-10480;COCA-COLA GASEOSA COLA 2250 ML;Coca-Cola;2250 ml;4902.93;5.0
779100000482;SKU-10481;SPRITE GASEOSA LIMA LIMON 2250 ML;Sprite;2250 ml;4632.53;0.0
779100000483;SKU-10482;QUILMES CERVEZA RUBIA PACK X6;Quilmes;Pack x6;12291.69;5.0
779100000484;SKU-10483;LA SERENÍSIMA LECHE ENTERA 1000 CC;La Serenísima;1000 cc;1583.7;0.0
779100000485;SKU-10484;SANCOR LECHE DESCREMADA 1000 CC;Sancor;1000 cc;1503.16;0.0
779100000486;SKU-10485;LA SERENÍSIMA YOGUR BEBIBLE FRUTILLA 1000 GR;La Serenísima;1000 gr;1919.13;5.0
779100000487;SKU-10486;SAN IGNACIO DULCE DE LECHE CLASICO 400 G;San Ignacio;400 g;2402.08;0.0
779100000488;SKU-10487;NATURA ACEITE GIRASOL 900 ML;Natura;900 ml;2125.18;5.0
779100000489;SKU-10488;COCINERO ACEITE MEZCLA 900 ML;Cocinero;900 ml;1817.89;5.0
779100000490;SKU-10489;GALLO ARROZ LARGO FINO 1000 GR;Gallo;1000 gr;1971.82;0.0
779100000491;SKU-10490;MATARAZZO FIDEOS GUISEROS 500 G;Matarazzo;500 g;845.62;0.0
779100000492;SKU-10491;LUCCHETTI FIDEOS TALLARINES 500 G;Lucchetti;500 g;857.06;10.0
779100000493;SKU-10492;MAROLIO PURE DE TOMATE 520 G;Marolio;520 g;817.66;5.0
779100000494;SKU-10493;HELLMANNS MAYONESA CLASICA 475 G;Hellmanns;475 g;2956.07;0.0
779100000495;SKU-10494;ARCOR GALLETITAS DULCES 120 G;Arcor;120 g;1033.3;5.0
779100000496;SKU-10495;TERRABUSI GALLETITAS DE AGUA 100 G;Terrabusi;100 g;865.15;10.0
779100000497;SKU-10496;HEAD & SHOULDERS SHAMPOO ANTICASPA 400 ML;Head & Shoulders;400 ml;4339.66;5.0
779100000498;SKU-10497;PANTENE ACONDICIONADOR BRILLO 400 ML;Pantene;400 ml;3893.39;10.0
779100000499;SKU-10498;REXONA DESODORANTE AEROSOL 150 ML;Rexona;150 ml;2733.73;0.0
779100000500;SKU-10499;COLGATE CREMA DENTAL TRIPLE ACCION 70 G;Colgate;70 g;1972.07;0.0
779100000501;SKU-10500;COCA-COLA GASEOSA COLA 2250 ML;Coca-Cola;2250 ml;5300.6;10.0
779100000502;SKU-10501;SPRITE GASEOSA LIMA LIMON 2250 ML;Sprite;2250 ml;4423.94;5.0
779100000503;SKU-10502;QUILMES CERVEZA RUBIA 1000 CC;Quilmes;1000 cc;2007.81;10.0
779100000504;SKU-10503;LA SERENÍSIMA LECHE ENTERA 1000 ML;La Serenísima;1000 ml;1406.56;5.0
779100000505;SKU-10504;SANCOR LECHE DESCREMADA 1000 ML;Sancor;1000 ml;1432.95;5.0
779100000506;SKU-10505;LA SERENÍSIMA YOGUR BEBIBLE FRUTILLA 1000 G;La Serenísima;1000 g;1998.55;5.0
779100000507;SKU-10506;SAN IGNACIO DULCE DE LECHE CLASICO 400 GR;San Ignacio;400 gr;2559.97;10.0
779100000508;SKU-10507;NATURA ACEITE GIRASOL 1500 ML;Natura;1500 ml;3018.02;0.0
779100000509;SKU-10508;COCINERO ACEITE MEZCLA 1500 ML;Cocinero;1500 ml;2662.95;5.0
779100000510;SKU-10509;GALLO ARROZ LARGO FINO 1000 G;Gallo;1000 g;1862.3;0.0
779100000511;SKU-10510;MATARAZZO FIDEOS GUISEROS 500 GR;Matarazzo;500 gr;762.09;5.0
779100000512;SKU-10511;LUCCHETTI FIDEOS TALLARINES 500 GR;Lucchetti;500 gr;828.15;0.0
779100000513;SKU-10512;MAROLIO PURE DE TOMATE 520 GR;Marolio;520 gr;897.92;10.0
779100000514;SKU-10513;HELLMANNS MAYONESA CLASICA 500 G;Hellmanns;500 g;1456.51;0.0
779100000515;SKU-10514;ARCOR GALLETITAS DULCES 160 G;Arcor;160 g;1063.86;0.0
779100000516;SKU-10515;TERRABUSI GALLETITAS DE AGUA 300 G;Terrabusi;300 g;1039.88;10.0
779100000517;SKU-10516;HEAD & SHOULDERS SHAMPOO ANTICASPA 200 ML;Head & Shoulders;200 ml;1876.62;10.0
779100000518;SKU-10517;PANTENE ACONDICIONADOR BRILLO 200 ML;Pantene;200 ml;1947.44;0.0
779100000519;SKU-10518;REXONA DESODORANTE AEROSOL 150 CC;Rexona;150 cc;3115.52;10.0
779100000520;SKU-10519;COLGATE CREMA DENTAL TRIPLE ACCION 90 G;Colgate;90 g;1740.94;10.0
779100000521;SKU-10520;COCA-COLA GASEOSA COLA 2.25L;Coca-Cola;2.25L;4997.63;5.0
779100000522;SKU-10521;SPRITE GASEOSA LIMA LIMON 1500 ML;Sprite;1500 ml;3562.12;10.0
779100000523;SKU-10522;QUILMES CERVEZA RUBIA 1000 CC;Quilmes;1000 cc;2038.65;0.0
779100000524;SKU-10523;LA SERENÍSIMA LECHE ENTERA SACHET 1L;La Serenísima;Sachet 1L;1283.83;0.0
779100000525;SKU-10524;SANCOR LECHE DESCREMADA TETRA 1L;Sancor;Tetra 1L;1481.37;0.0
779100000526;SKU-10525;LA SERENÍSIMA YOGUR BEBIBLE FRUTILLA 1000 GR;La Serenísima;1000 gr;2308.89;0.0
779100000527;SKU-10526;SAN IGNACIO DULCE DE LECHE CLASICO 1000 GR;San Ignacio;1000 gr;2292.42;5.0
779100000528;SKU-10527;NATURA ACEITE GIRASOL 1500 ML;Natura;1500 ml;2940.91;10.0
779100000529;SKU-10528;COCINERO ACEITE MEZCLA 1500 ML;Cocinero;1500 ml;2392.25;10.0
779100000530;SKU-10529;GALLO ARROZ LARGO FINO 1000 GR;Gallo;1000 gr;2063.35;5.0
779100000531;SKU-10530;MATARAZZO FIDEOS GUISEROS 1000 GR;Matarazzo;1000 gr;1395.45;5.0
779100000532;SKU-10531;LUCCHETTI FIDEOS TALLARINES 500 G;Lucchetti;500 g;754.17;10.0
779100000533;SKU-10532;MAROLIO PURE DE TOMATE TETRA 520G;Marolio;Tetra 520g;837.26;10.0
779100000534;SKU-10533;HELLMANNS MAYONESA CLASICA 950 G;Hellmanns;950 g;2256.68;10.0
779100000535;SKU-10534;ARCOR GALLETITAS DULCES PACK X3;Arcor;Pack x3;3236.53;10.0
779100000536;SKU-10535;TERRABUSI GALLETITAS DE AGUA PACK X3 300G;Terrabusi;Pack x3 300g;2919.21;10.0
779100000537;SKU-10536;HEAD & SHOULDERS SHAMPOO ANTICASPA 750 ML;Head & Shoulders;750 ml;4589.09;10.0
779100000538;SKU-10537;PANTENE ACONDICIONADOR BRILLO 400 ML;Pantene;400 ml;3912.73;10.0
779100000539;SKU-10538;REXONA DESODORANTE AEROSOL PACK X2;Rexona;Pack x2;7517.54;0.0
779100000540;SKU-10539;COLGATE CREMA DENTAL TRIPLE ACCION 140 G;Colgate;140 g;1720.86;10.0
779100000541;SKU-10540;COCA-COLA GASEOSA COLA 1500 ML;Coca-Cola;1500 ml;3773.16;10.0
779100000542;SKU-10541;SPRITE GASEOSA LIMA LIMON 500 ML;Sprite;500 ml;1500.8;0.0
779100000543;SKU-10542;QUILMES CERVEZA RUBIA 473 ML;Quilmes;473 ml;1296.46;10.0
779100000544;SKU-10543;LA SERENÍSIMA LECHE ENTERA TETRA 1L;La Serenísima;Tetra 1L;1311.42;5.0
779100000545;SKU-10544;SANCOR LECHE DESCREMADA 1000 CC;Sancor;1000 cc;1335.16;5.0
779100000546;SKU-10545;LA SERENÍSIMA YOGUR BEBIBLE FRUTILLA 180 G;La Serenísima;180 g;2250.57;10.0
779100000547;SKU-10546;SAN IGNACIO DULCE DE LECHE CLASICO 1000 G;San Ignacio;1000 g;2269.55;0.0
779100000548;SKU-10547;NATURA ACEITE GIRASOL 3 L;Natura;3 l;2680.63;10.0
779100000549;SKU-10548;COCINERO ACEITE MEZCLA 900 ML;Cocinero;900 ml;1676.71;5.0
779100000550;SKU-10549;GALLO ARROZ LARGO FINO 500 G;Gallo;500 g;1075.52;5.0
779100000551;SKU-10550;MATARAZZO FIDEOS GUISEROS 500 G;Matarazzo;500 g;747.17;0.0
779100000552;SKU-10551;LUCCHETTI FIDEOS TALLARINES 500 GR;Lucchetti;500 gr;788.77;5.0
779100000553;SKU-10552;MAROLIO PURE DE TOMATE 520 G;Marolio;520 g;880.02;5.0
779100000554;SKU-10553;HELLMANNS MAYONESA CLASICA 1000 GR;Hellmanns;1000 gr;2886.53;0.0
779100000555;SKU-10554;ARCOR GALLETITAS DULCES 300 G;Arcor;300 g;1065.26;0.0
779100000556;SKU-10555;TERRABUSI GALLETITAS DE AGUA 100 G;Terrabusi;100 g;1046.78;0.0
779100000557;SKU-10556;HEAD & SHOULDERS SHAMPOO ANTICASPA 400 ML;Head & Shoulders;400 ml;4598.65;10.0
779100000558;SKU-10557;PANTENE ACONDICIONADOR BRILLO 200 ML;Pantene;200 ml;2204.32;0.0
779100000559;SKU-10558;REXONA DESODORANTE AEROSOL 150 ML;Rexona;150 ml;3097.54;5.0
779100000560;SKU-10559;COLGATE CREMA DENTAL TRIPLE ACCION 70 G;Colgate;70 g;2017.77;5.0
779100000561;SKU-10560;COCA-COLA GASEOSA COLA 500 ML;Coca-Cola;500 ml;1640.51;5.0
779100000562;SKU-10561;SPRITE GASEOSA LIMA LIMON 2250 ML;Sprite;2250 ml;4475.35;5.0
779100000563;SKU-10562;QUILMES CERVEZA RUBIA 710 ML;Quilmes;710 ml;2373.6;10.0
779100000564;SKU-10563;LA SERENÍSIMA LECHE ENTERA 1000 CC;La Serenísima;1000 cc;1419.42;10.0
779100000565;SKU-10564;SANCOR LECHE DESCREMADA 1000 ML;Sancor;1000 ml;1382.73;10.0
779100000566;SKU-10565;LA SERENÍSIMA YOGUR BEBIBLE FRUTILLA 1000 GR;La Serenísima;1000 gr;2012.02;10.0
779100000567;SKU-10566;SAN IGNACIO DULCE DE LECHE CLASICO 400 G;San Ignacio;400 g;2558.6;0.0
779100000568;SKU-10567;NATURA ACEITE GIRASOL 900 ML;Natura;900 ml;2052.83;0.0
779100000569;SKU-10568;COCINERO ACEITE MEZCLA 1500 ML;Cocinero;1500 ml;2331.46;5.0
779100000570;SKU-10569;GALLO ARROZ LARGO FINO 1000 GR;Gallo;1000 gr;1921.44;5.0
779100000571;SKU-10570;MATARAZZO FIDEOS GUISEROS 500 GR;Matarazzo;500 gr;866.07;0.0
779100000572;SKU-10571;LUCCHETTI FIDEOS TALLARINES 500 G;Lucchetti;500 g;798.11;0.0
779100000573;SKU-10572;MAROLIO PURE DE TOMATE 520 GR;Marolio;520 gr;806.15;0.0
779100000574;SKU-10573;HELLMANNS MAYONESA CLASICA 475 G;Hellmanns;475 g;2361.19;5.0
779100000575;SKU-10574;ARCOR GALLETITAS DULCES 120 G;Arcor;120 g;1074.29;10.0
779100000576;SKU-10575;TERRABUSI GALLETITAS DE AGUA 300 G;Terrabusi;300 g;917.96;0.0
779100000577;SKU-10576;HEAD & SHOULDERS SHAMPOO ANTICASPA 200 ML;Head & Shoulders;200 ml;2123.11;5.0
779100000578;SKU-10577;PANTENE ACONDICIONADOR BRILLO 400 ML;Pantene;400 ml;4007.61;10.0
779100000579;SKU-10578;REXONA DESODORANTE AEROSOL 150 CC;Rexona;150 cc;3114.28;5.0
779100000580;SKU-10579;COLGATE CREMA DENTAL TRIPLE ACCION 90 G;Colgate;90 g;1755.5;5.0
779100000581;SKU-10580;COCA-COLA GASEOSA COLA 354 ML;Coca-Cola;354 ml;1258.5;0.0
779100000582;SKU-10581;SPRITE GASEOSA LIMA LIMON 2250 ML;Sprite;2250 ml;5334.65;5.0
779100000583;SKU-10582;QUILMES CERVEZA RUBIA PACK X6;Quilmes;Pack x6;11806.59;5.0
779100000584;SKU-10583;LA SERENÍSIMA LECHE ENTERA 1000 ML;La Serenísima;1000 ml;1308.28;5.0
779100000585;SKU-10584;SANCOR LECHE DESCREMADA TETRA 1L;Sancor;Tetra 1L;1218.86;0.0
779100000586;SKU-10585;LA SERENÍSIMA YOGUR BEBIBLE FRUTILLA 1000 G;La Serenísima;1000 g;1897.98;10.0
779100000587;SKU-10586;SAN IGNACIO DULCE DE LECHE CLASICO 400 GR;San Ignacio;400 gr;2587.28;0.0
779100000588;SKU-10587;NATURA ACEITE GIRASOL 1500 ML;Natura;1500 ml;3428.54;5.0
779100000589;SKU-10588;COCINERO ACEITE MEZCLA 1500 ML;Cocinero;1500 ml;2761.16;5.0
779100000590;SKU-10589;GALLO ARROZ LARGO FINO 1000 G;Gallo;1000 g;1669.67;0.0
779100000591;SKU-10590;MATARAZZO FIDEOS GUISEROS 1000 GR;Matarazzo;1000 gr;1182.18;5.0
779100000592;SKU-10591;LUCCHETTI FIDEOS TALLARINES 500 GR;Lucchetti;500 gr;805.46;5.0
779100000593;SKU-10592;MAROLIO PURE DE TOMATE TETRA 520G;Marolio;Tetra 520g;955.61;5.0
779100000594;SKU-10593;HELLMANNS MAYONESA CLASICA 500 G;Hellmanns;500 g;1668.05;10.0
779100000595;SKU-10594;ARCOR GALLETITAS DULCES 160 G;Arcor;160 g;1240.11;0.0
779100000596;SKU-10595;TERRABUSI GALLETITAS DE AGUA PACK X3 300G;Terrabusi;Pack x3 300g;2754.77;0.0
779100000597;SKU-10596;HEAD & SHOULDERS SHAMPOO ANTICASPA 750 ML;Head & Shoulders;750 ml;4908.07;5.0
779100000598;SKU-10597;PANTENE ACONDICIONADOR BRILLO 200 ML;Pantene;200 ml;1996.41;5.0
779100000599;SKU-10598;REXONA DESODORANTE AEROSOL PACK X2;Rexona;Pack x2;8268.39;10.0
779100000600;SKU-10599;COLGATE CREMA DENTAL TRIPLE ACCION 140 G;Colgate;140 g;1908.31;5.0
779100000601;SKU-10600;COCA-COLA GASEOSA COLA 2250 ML;Coca-Cola;2250 ml;5305.72;5.0
779100000602;SKU-10601;SPRITE GASEOSA LIMA LIMON 1500 ML;Sprite;1500 ml;3212.32;5.0
779100000603;SKU-10602;QUILMES CERVEZA RUBIA 1000 CC;Quilmes;1000 cc;2196.17;10.0
779100000604;SKU-10603;LA SERENÍSIMA LECHE ENTERA SACHET 1L;La Serenísima;Sachet 1L;1595.52;0.0
779100000605;SKU-10604;SANCOR LECHE DESCREMADA 1000 CC;Sancor;1000 cc;1465.75;5.0
779100000606;SKU-10605;LA SERENÍSIMA YOGUR BEBIBLE FRUTILLA 1000 GR;La Serenísima;1000 gr;2014.03;5.0
779100000607;SKU-10606;SAN IGNACIO DULCE DE LECHE CLASICO 1000 GR;San Ignacio;1000 gr;2796.24;10.0
779100000608;SKU-10607;NATURA ACEITE GIRASOL 1500 ML;Natura;1500 ml;3433.96;5.0
779100000609;SKU-10608;COCINERO ACEITE MEZCLA 900 ML;Cocinero;900 ml;1581.11;0.0
779100000610;SKU-10609;GALLO ARROZ LARGO FINO 1000 GR;Gallo;1000 gr;1936.42;0.0
779100000611;SKU-10610;MATARAZZO FIDEOS GUISEROS 500 G;Matarazzo;500 g;712.1;0.0
779100000612;SKU-10611;LUCCHETTI FIDEOS TALLARINES 500 G;Lucchetti;500 g;734.8;0.0
779100000613;SKU-10612;MAROLIO PURE DE TOMATE 520 G;Marolio;520 g;909.82;10.0
779100000614;SKU-10613;HELLMANNS MAYONESA CLASICA 950 G;Hellmanns;950 g;2380.04;0.0
779100000615;SKU-10614;ARCOR GALLETITAS DULCES PACK X3;Arcor;Pack x3;2709.08;5.0
779100000616;SKU-10615;TERRABUSI GALLETITAS DE AGUA 100 G;Terrabusi;100 g;1053.96;10.0
779100000617;SKU-10616;HEAD & SHOULDERS SHAMPOO ANTICASPA 400 ML;Head & Shoulders;400 ml;4785.92;10.0
779100000618;SKU-10617;PANTENE ACONDICIONADOR BRILLO 400 ML;Pantene;400 ml;4009.84;0.0
779100000619;SKU-10618;REXONA DESODORANTE AEROSOL 150 ML;Rexona;150 ml;2650.58;10.0
779100000620;SKU-10619;COLGATE CREMA DENTAL TRIPLE ACCION 70 G;Colgate;70 g;1802.37;10.0
779100000621;SKU-10620;COCA-COLA GASEOSA COLA 2250 ML;Coca-Cola;2250 ml;5100.03;5.0
779100000622;SKU-10621;SPRITE GASEOSA LIMA LIMON 500 ML;Sprite;500 ml;1537.7;0.0
779100000623;SKU-10622;QUILMES CERVEZA RUBIA 1000 CC;Quilmes;1000 cc;2051.27;0.0
779100000624;SKU-10623;LA SERENÍSIMA LECHE ENTERA TETRA 1L;La Serenísima;Tetra 1L;1331.97;10.0
779100000625;SKU-10624;SANCOR LECHE DESCREMADA 1000 ML;Sancor;1000 ml;1296.23;5.0
779100000626;SKU-10625;LA SERENÍSIMA YOGUR BEBIBLE FRUTILLA 180 G;La Serenísima;180 g;2048.93;5.0
779100000627;SKU-10626;SAN IGNACIO DULCE DE LECHE CLASICO 1000 G;San Ignacio;1000 g;2321.92;5.0
779100000628;SKU-10627;NATURA ACEITE GIRASOL 3 L;Natura;3 l;2613.3;0.0
779100000629;SKU-10628;COCINERO ACEITE MEZCLA 1500 ML;Cocinero;1500 ml;2534.53;0.0
779100000630;SKU-10629;GALLO ARROZ LARGO FINO 500 G;Gallo;500 g;1132.08;0.0
779100000631;SKU-10630;MATARAZZO FIDEOS GUISEROS 500 GR;Matarazzo;500 gr;778.15;5.0
779100000632;SKU-10631;LUCCHETTI FIDEOS TALLARINES 500 GR;Lucchetti;500 gr;708.67;10.0
779100000633;SKU-10632;MAROLIO PURE DE TOMATE 520 GR;Marolio;520 gr;951.48;0.0
779100000634;SKU-10633;HELLMANNS MAYONESA CLASICA 1000 GR;Hellmanns;1000 gr;2654.46;5.0
779100000635;SKU-10634;ARCOR GALLETITAS DULCES 300 G;Arcor;300 g;1103.49;10.0
779100000636;SKU-10635;TERRABUSI GALLETITAS DE AGUA 300 G;Terrabusi;300 g;935.91;0.0
779100000637;SKU-10636;HEAD & SHOULDERS SHAMPOO ANTICASPA 200 ML;Head & Shoulders;200 ml;2012.59;10.0
779100000638;SKU-10637;PANTENE ACONDICIONADOR BRILLO 200 ML;Pantene;200 ml;2190.76;5.0
779100000639;SKU-10638;REXONA DESODORANTE AEROSOL 150 CC;Rexona;150 cc;2819.94;10.0
779100000640;SKU-10639;COLGATE CREMA DENTAL TRIPLE ACCION 90 G;Colgate;90 g;2179.02;10.0
779100000641;SKU-10640;COCA-COLA GASEOSA COLA 2.25L;Coca-Cola;2.25L;5347.56;0.0
779100000642;SKU-10641;SPRITE GASEOSA LIMA LIMON 2250 ML;Sprite;2250 ml;4473.13;0.0
779100000643;SKU-10642;QUILMES CERVEZA RUBIA 473 ML;Quilmes;473 ml;1346.87;5.0
779100000644;SKU-10643;LA SERENÍSIMA LECHE ENTERA 1000 CC;La Serenísima;1000 cc;1280.38;10.0
779100000645;SKU-10644;SANCOR LECHE DESCREMADA TETRA 1L;Sancor;Tetra 1L;1323.32;5.0
779100000646;SKU-10645;LA SERENÍSIMA YOGUR BEBIBLE FRUTILLA 1000 GR;La Serenísima;1000 gr;2400.22;10.0
779100000647;SKU-10646;SAN IGNACIO DULCE DE LECHE CLASICO 400 G;San Ignacio;400 g;2490.45;10.0
779100000648;SKU-10647;NATURA ACEITE GIRASOL 900 ML;Natura;900 ml;2420.18;10.0
779100000649;SKU-10648;COCINERO ACEITE MEZCLA 1500 ML;Cocinero;1500 ml;2784.65;5.0
779100000650;SKU-10649;GALLO ARROZ LARGO FINO 1000 GR;Gallo;1000 gr;1704.87;5.0
779100000651;SKU-10650;MATARAZZO FIDEOS GUISEROS 1000 GR;Matarazzo;1000 gr;1266.23;5.0
779100000652;SKU-10651;LUCCHETTI FIDEOS TALLARINES 500 G;Lucchetti;500 g;749.11;0.0
779100000653;SKU-10652;MAROLIO PURE DE TOMATE TETRA 520G;Marolio;Tetra 520g;776.01;0.0
779100000654;SKU-10653;HELLMANNS MAYONESA CLASICA 475 G;Hellmanns;475 g;2518.26;0.0
779100000655;SKU-10654;ARCOR GALLETITAS DULCES 120 G;Arcor;120 g;1223.81;10.0
779100000656;SKU-10655;TERRABUSI GALLETITAS DE AGUA PACK X3 300G;Terrabusi;Pack x3 300g;2816.43;5.0
779100000657;SKU-10656;HEAD & SHOULDERS SHAMPOO ANTICASPA 750 ML;Head & Shoulders;750 ml;4263.21;0.0
779100000658;SKU-10657;PANTENE ACONDICIONADOR BRILLO 400 ML;Pantene;400 ml;3973.57;5.0
779100000659;SKU-10658;REXONA DESODORANTE AEROSOL PACK X2;Rexona;Pack x2;7260.31;10.0
779100000660;SKU-10659;COLGATE CREMA DENTAL TRIPLE ACCION 140 G;Colgate;140 g;2150.54;10.0
779100000661;SKU-10660;COCA-COLA GASEOSA COLA 1500 ML;Coca-Cola;1500 ml;3470.24;10.0
779100000662;SKU-10661;SPRITE GASEOSA LIMA LIMON 2250 ML;Sprite;2250 ml;5488.24;10.0
779100000663;SKU-10662;QUILMES CERVEZA RUBIA 710 ML;Quilmes;710 ml;2424.09;0.0
779100000664;SKU-10663;LA SERENÍSIMA LECHE ENTERA 1000 ML;La Serenísima;1000 ml;1272.96;0.0
779100000665;SKU-10664;SANCOR LECHE DESCREMADA 1000 CC;Sancor;1000 cc;1544.83;10.0
779100000666;SKU-10665;LA SERENÍSIMA YOGUR BEBIBLE FRUTILLA 1000 G;La Serenísima;1000 g;2412.24;10.0
779100000667;SKU-10666;SAN IGNACIO DULCE DE LECHE CLASICO 400 GR;San Ignacio;400 gr;2737.1;0.0
779100000668;SKU-10667;NATURA ACEITE GIRASOL 1500 ML;Natura;1500 ml;2972.37;0.0
779100000669;SKU-10668;COCINERO ACEITE MEZCLA 900 ML;Cocinero;900 ml;1907.4;5.0
779100000670;SKU-10669;GALLO ARROZ LARGO FINO 1000 G;Gallo;1000 g;1766.3;5.0
779100000671;SKU-10670;MATARAZZO FIDEOS GUISEROS 500 G;Matarazzo;500 g;872.71;10.0
779100000672;SKU-10671;LUCCHETTI FIDEOS TALLARINES 500 GR;Lucchetti;500 gr;734.8;10.0
779100000673;SKU-10672;MAROLIO PURE DE TOMATE 520 G;Marolio;520 g;821.4;10.0
779100000674;SKU-10673;HELLMANNS MAYONESA CLASICA 500 G;Hellmanns;500 g;1749.18;0.0
779100000675;SKU-10674;ARCOR GALLETITAS DULCES 160 G;Arcor;160 g;1039.74;10.0
779100000676;SKU-10675;TERRABUSI GALLETITAS DE AGUA 100 G;Terrabusi;100 g;998.46;5.0
779100000677;SKU-10676;HEAD & SHOULDERS SHAMPOO ANTICASPA 400 ML;Head & Shoulders;400 ml;4321.5;0.0
779100000678;SKU-10677;PANTENE ACONDICIONADOR BRILLO 200 ML;Pantene;200 ml;2202.51;5.0
779100000679;SKU-10678;REXONA DESODORANTE AEROSOL 150 ML;Rexona;150 ml;3197.51;0.0
779100000680;SKU-10679;COLGATE CREMA DENTAL TRIPLE ACCION 70 G;Colgate;70 g;1810.44;5.0
779100000681;SKU-10680;COCA-COLA GASEOSA COLA 500 ML;Coca-Cola;500 ml;1797.06;10.0
779100000682;SKU-10681;SPRITE GASEOSA LIMA LIMON 1500 ML;Sprite;1500 ml;3484.77;5.0
779100000683;SKU-10682;QUILMES CERVEZA RUBIA PACK X6;Quilmes;Pack x6;10801.54;10.0
779100000684;SKU-10683;LA SERENÍSIMA LECHE ENTERA SACHET 1L;La Serenísima;Sachet 1L;1458.44;0.0
779100000685;SKU-10684;SANCOR LECHE DESCREMADA 1000 ML;Sancor;1000 ml;1418.93;0.0
779100000686;SKU-10685;LA SERENÍSIMA YOGUR BEBIBLE FRUTILLA 1000 GR;La Serenísima;1000 gr;2149.51;10.0
779100000687;SKU-10686;SAN IGNACIO DULCE DE LECHE CLASICO 1000 GR;San Ignacio;1000 gr;2750.63;5.0
779100000688;SKU-10687;NATURA ACEITE GIRASOL 1500 ML;Natura;1500 ml;3169.54;10.0
779100000689;SKU-10688;COCINERO ACEITE MEZCLA 1500 ML;Cocinero;1500 ml;2422.69;10.0
779100000690;SKU-10689;GALLO ARROZ LARGO FINO 1000 GR;Gallo;1000 gr;2029.08;10.0
779100000691;SKU-10690;MATARAZZO FIDEOS GUISEROS 500 GR;Matarazzo;500 gr;704.02;10.0
779100000692;SKU-10691;LUCCHETTI FIDEOS TALLARINES 500 G;Lucchetti;500 g;819.7;5.0
779100000693;SKU-10692;MAROLIO PURE DE TOMATE 520 GR;Marolio;520 gr;917.17;10.0
779100000694;SKU-10693;HELLMANNS MAYONESA CLASICA 950 G;Hellmanns;950 g;2132.3;0.0
779100000695;SKU-10694;ARCOR GALLETITAS DULCES PACK X3;Arcor;Pack x3;3217.84;0.0
779100000696;SKU-10695;TERRABUSI GALLETITAS DE AGUA 300 G;Terrabusi;300 g;879.85;5.0
779100000697;SKU-10696;HEAD & SHOULDERS SHAMPOO ANTICASPA 200 ML;Head & Shoulders;200 ml;2289.5;5.0
779100000698;SKU-10697;PANTENE ACONDICIONADOR BRILLO 400 ML;Pantene;400 ml;4075.23;5.0
779100000699;SKU-10698;REXONA DESODORANTE AEROSOL 150 CC;Rexona;150 cc;3047.14;5.0
779100000700;SKU-10699;COLGATE CREMA DENTAL TRIPLE ACCION 90 G;Colgate;90 g;2083.79;10.0
779100000701;SKU-10700;COCA-COLA GASEOSA COLA 354 ML;Coca-Cola;354 ml;1364.86;0.0
779100000702;SKU-10701;SPRITE GASEOSA LIMA LIMON 500 ML;Sprite;500 ml;1786.64;0.0
779100000703;SKU-10702;QUILMES CERVEZA RUBIA 1000 CC;Quilmes;1000 cc;2231.99;10.0
779100000704;SKU-10703;LA SERENÍSIMA LECHE ENTERA TETRA 1L;La Serenísima;Tetra 1L;1525.0;10.0
779100000705;SKU-10704;SANCOR LECHE DESCREMADA TETRA 1L;Sancor;Tetra 1L;1338.69;5.0
779100000706;SKU-10705;LA SERENÍSIMA YOGUR BEBIBLE FRUTILLA 180 G;La Serenísima;180 g;2386.11;0.0
779100000707;SKU-10706;SAN IGNACIO DULCE DE LECHE CLASICO 1000 G;San Ignacio;1000 g;2862.01;10.0
779100000708;SKU-10707;NATURA ACEITE GIRASOL 3 L;Natura;3 l;2572.17;10.0
779100000709;SKU-10708;COCINERO ACEITE MEZCLA 1500 ML;Cocinero;1500 ml;2517.54;0.0
779100000710;SKU-10709;GALLO ARROZ LARGO FINO 500 G;Gallo;500 g;1156.47;0.0
779100000711;SKU-10710;MATARAZZO FIDEOS GUISEROS 1000 GR;Matarazzo;1000 gr;1258.4;10.0
779100000712;SKU-10711;LUCCHETTI FIDEOS TALLARINES 500 GR;Lucchetti;500 gr;709.22;0.0
779100000713;SKU-10712;MAROLIO PURE DE TOMATE TETRA 520G;Marolio;Tetra 520g;784.7;5.0
779100000714;SKU-10713;HELLMANNS MAYONESA CLASICA 1000 GR;Hellmanns;1000 gr;2828.18;5.0
779100000715;SKU-10714;ARCOR GALLETITAS DULCES 300 G;Arcor;300 g;1158.03;10.0
779100000716;SKU-10715;TERRABUSI GALLETITAS DE AGUA PACK X3 300G;Terrabusi;Pack x3 300g;2435.98;5.0
779100000717;SKU-10716;HEAD & SHOULDERS SHAMPOO ANTICASPA 750 ML;Head & Shoulders;750 ml;4142.92;10.0
779100000718;SKU-10717;PANTENE ACONDICIONADOR BRILLO 200 ML;Pantene;200 ml;1927.93;5.0
779100000719;SKU-10718;REXONA DESODORANTE AEROSOL PACK X2;Rexona;Pack x2;8510.16;0.0
779100000720;SKU-10719;COLGATE CREMA DENTAL TRIPLE ACCION 140 G;Colgate;140 g;1924.27;10.0
779100000721;SKU-10720;COCA-COLA GASEOSA COLA 2250 ML;Coca-Cola;2250 ml;4660.02;10.0
779100000722;SKU-10721;SPRITE GASEOSA LIMA LIMON 2250 ML;Sprite;2250 ml;5473.21;5.0
779100000723;SKU-10722;QUILMES CERVEZA RUBIA 1000 CC;Quilmes;1000 cc;2402.93;0.0
779100000724;SKU-10723;LA SERENÍSIMA LECHE ENTERA 1000 CC;La Serenísima;1000 cc;1583.51;5.0
779100000725;SKU-10724;SANCOR LECHE DESCREMADA 1000 CC;Sancor;1000 cc;1215.52;0.0
779100000726;SKU-10725;LA SERENÍSIMA YOGUR BEBIBLE FRUTILLA 1000 GR;La Serenísima;1000 gr;2069.96;0.0
779100000727;SKU-10726;SAN IGNACIO DULCE DE LECHE CLASICO 400 G;San Ignacio;400 g;2483.78;0.0
779100000728;SKU-10727;NATURA ACEITE GIRASOL 900 ML;Natura;900 ml;2158.74;10.0
779100000729;SKU-10728;COCINERO ACEITE MEZCLA 900 ML;Cocinero;900 ml;1712.57;10.0
779100000730;SKU-10729;GALLO ARROZ LARGO FINO 1000 GR;Gallo;1000 gr;1793.36;5.0
779100000731;SKU-10730;MATARAZZO FIDEOS GUISEROS 500 G;Matarazzo;500 g;729.95;10.0
779100000732;SKU-10731;LUCCHETTI FIDEOS TALLARINES 500 G;Lucchetti;500 g;701.11;5.0
779100000733;SKU-10732;MAROLIO PURE DE TOMATE 520 G;Marolio;520 g;770.89;0.0
779100000734;SKU-10733;HELLMANNS MAYONESA CLASICA 475 G;Hellmanns;475 g;2367.18;10.0
779100000735;SKU-10734;ARCOR GALLETITAS DULCES 120 G;Arcor;120 g;1251.89;5.0
779100000736;SKU-10735;TERRABUSI GALLETITAS DE AGUA 100 G;Terrabusi;100 g;929.84;5.0
779100000737;SKU-10736;HEAD & SHOULDERS SHAMPOO ANTICASPA 400 ML;Head & Shoulders;400 ml;4740.24;0.0
779100000738;SKU-10737;PANTENE ACONDICIONADOR BRILLO 400 ML;Pantene;400 ml;4471.99;10.0
779100000739;SKU-10738;REXONA DESODORANTE AEROSOL 150 ML;Rexona;150 ml;3173.76;5.0
779100000740;SKU-10739;COLGATE CREMA DENTAL TRIPLE ACCION 70 G;Colgate;70 g;1976.68;10.0
779100000741;SKU-10740;COCA-COLA GASEOSA COLA 2250 ML;Coca-Cola;2250 ml;5191.37;10.0
779100000742;SKU-10741;SPRITE GASEOSA LIMA LIMON 2250 ML;Sprite;2250 ml;5179.13;10.0
779100000743;SKU-10742;QUILMES CERVEZA RUBIA 473 ML;Quilmes;473 ml;1489.86;5.0
779100000744;SKU-10743;LA SERENÍSIMA LECHE ENTERA 1000 ML;La Serenísima;1000 ml;1587.64;5.0
779100000745;SKU-10744;SANCOR LECHE DESCREMADA 1000 ML;Sancor;1000 ml;1331.71;10.0
779100000746;SKU-10745;LA SERENÍSIMA YOGUR BEBIBLE FRUTILLA 1000 G;La Serenísima;1000 g;2282.14;5.0
779100000747;SKU-10746;SAN IGNACIO DULCE DE LECHE CLASICO 400 GR;San Ignacio;400 gr;2323.21;10.0
779100000748;SKU-10747;NATURA ACEITE GIRASOL 1500 ML;Natura;1500 ml;2982.54;5.0
779100000749;SKU-10748;COCINERO ACEITE MEZCLA 1500 ML;Cocinero;1500 ml;2678.77;10.0
779100000750;SKU-10749;GALLO ARROZ LARGO FINO 1000 G;Gallo;1000 g;1933.45;10.0
779100000751;SKU-10750;MATARAZZO FIDEOS GUISEROS 500 GR;Matarazzo;500 gr;705.7;0.0
779100000752;SKU-10751;LUCCHETTI FIDEOS TALLARINES 500 GR;Lucchetti;500 gr;833.65;10.0
779100000753;SKU-10752;MAROLIO PURE DE TOMATE 520 GR;Marolio;520 gr;951.02;5.0
779100000754;SKU-10753;HELLMANNS MAYONESA CLASICA 500 G;Hellmanns;500 g;1491.67;5.0
779100000755;SKU-10754;ARCOR GALLETITAS DULCES 160 G;Arcor;160 g;1050.48;0.0
779100000756;SKU-10755;TERRABUSI GALLETITAS DE AGUA 300 G;Terrabusi;300 g;968.52;0.0
779100000757;SKU-10756;HEAD & SHOULDERS SHAMPOO ANTICASPA 200 ML;Head & Shoulders;200 ml;2001.65;5.0
779100000758;SKU-10757;PANTENE ACONDICIONADOR BRILLO 200 ML;Pantene;200 ml;2178.82;5.0
779100000759;SKU-10758;REXONA DESODORANTE AEROSOL 150 CC;Rexona;150 cc;2588.63;10.0
779100000760;SKU-10759;COLGATE CREMA DENTAL TRIPLE ACCION 90 G;Colgate;90 g;2184.63;10.0
779100000761;SKU-10760;COCA-COLA GASEOSA COLA 2.25L;Coca-Cola;2.25L;4590.72;5.0
779100000762;SKU-10761;SPRITE GASEOSA LIMA LIMON 1500 ML;Sprite;1500 ml;3762.96;0.0
779100000763;SKU-10762;QUILMES CERVEZA RUBIA 710 ML;Quilmes;710 ml;2123.86;0.0
779100000764;SKU-10763;LA SERENÍSIMA LECHE ENTERA SACHET 1L;La Serenísima;Sachet 1L;1440.36;0.0
779100000765;SKU-10764;SANCOR LECHE DESCREMADA TETRA 1L;Sancor;Tetra 1L;1225.69;0.0
779100000766;SKU-10765;LA SERENÍSIMA YOGUR BEBIBLE FRUTILLA 1000 GR;La Serenísima;1000 gr;2121.81;10.0
779100000767;SKU-10766;SAN IGNACIO DULCE DE LECHE CLASICO 1000 GR;San Ignacio;1000 gr;2289.63;10.0
779100000768;SKU-10767;NATURA ACEITE GIRASOL 1500 ML;Natura;1500 ml;3116.83;0.0
779100000769;SKU-10768;COCINERO ACEITE MEZCLA 1500 ML;Cocinero;1500 ml;2811.56;10.0
779100000770;SKU-10769;GALLO ARROZ LARGO FINO 1000 GR;Gallo;1000 gr;1971.01;0.0
779100000771;SKU-10770;MATARAZZO FIDEOS GUISEROS 1000 GR;Matarazzo;1000 gr;1423.62;10.0
779100000772;SKU-10771;LUCCHETTI FIDEOS TALLARINES 500 G;Lucchetti;500 g;693.46;0.0
779100000773;SKU-10772;MAROLIO PURE DE TOMATE TETRA 520G;Marolio;Tetra 520g;791.1;0.0
779100000774;SKU-10773;HELLMANNS MAYONESA CLASICA 950 G;Hellmanns;950 g;2538.24;0.0
779100000775;SKU-10774;ARCOR GALLETITAS DULCES PACK X3;Arcor;Pack x3;3256.28;0.0
779100000776;SKU-10775;TERRABUSI GALLETITAS DE AGUA PACK X3 300G;Terrabusi;Pack x3 300g;2691.9;10.0
779100000777;SKU-10776;HEAD & SHOULDERS SHAMPOO ANTICASPA 750 ML;Head & Shoulders;750 ml;5059.61;0.0
779100000778;SKU-10777;PANTENE ACONDICIONADOR BRILLO 400 ML;Pantene;400 ml;4926.35;10.0
779100000779;SKU-10778;REXONA DESODORANTE AEROSOL PACK X2;Rexona;Pack x2;8000.06;5.0
779100000780;SKU-10779;COLGATE CREMA DENTAL TRIPLE ACCION 140 G;Colgate;140 g;1879.66;0.0
779100000781;SKU-10780;COCA-COLA GASEOSA COLA 1500 ML;Coca-Cola;1500 ml;3670.48;10.0
779100000782;SKU-10781;SPRITE GASEOSA LIMA LIMON 500 ML;Sprite;500 ml;1615.59;0.0
779100000783;SKU-10782;QUILMES CERVEZA RUBIA PACK X6;Quilmes;Pack x6;12235.08;5.0
779100000784;SKU-10783;LA SERENÍSIMA LECHE ENTERA TETRA 1L;La Serenísima;Tetra 1L;1401.06;10.0
779100000785;SKU-10784;SANCOR LECHE DESCREMADA 1000 CC;Sancor;1000 cc;1407.41;5.0
779100000786;SKU-10785;LA SERENÍSIMA YOGUR BEBIBLE FRUTILLA 180 G;La Serenísima;180 g;1899.41;5.0
779100000787;SKU-10786;SAN IGNACIO DULCE DE LECHE CLASICO 1000 G;San Ignacio;1000 g;2676.63;10.0
779100000788;SKU-10787;NATURA ACEITE GIRASOL 3 L;Natura;3 l;2292.17;0.0
779100000789;SKU-10788;COCINERO ACEITE MEZCLA 900 ML;Cocinero;900 ml;1678.84;5.0
779100000790;SKU-10789;GALLO ARROZ LARGO FINO 500 G;Gallo;500 g;1027.89;0.0
779100000791;SKU-10790;MATARAZZO FIDEOS GUISEROS 500 G;Matarazzo;500 g;878.94;10.0
779100000792;SKU-10791;LUCCHETTI FIDEOS TALLARINES 500 GR;Lucchetti;500 gr;702.59;5.0
779100000793;SKU-10792;MAROLIO PURE DE TOMATE 520 G;Marolio;520 g;864.23;0.0
779100000794;SKU-10793;HELLMANNS MAYONESA CLASICA 1000 GR;Hellmanns;1000 gr;2932.6;0.0
779100000795;SKU-10794;ARCOR GALLETITAS DULCES 300 G;Arcor;300 g;996.39;0.0
779100000796;SKU-10795;TERRABUSI GALLETITAS DE AGUA 100 G;Terrabusi;100 g;993.22;0.0
779100000797;SKU-10796;HEAD & SHOULDERS SHAMPOO ANTICASPA 400 ML;Head & Shoulders;400 ml;4055.18;0.0
779100000798;SKU-10797;PANTENE ACONDICIONADOR BRILLO 200 ML;Pantene;200 ml;1748.82;10.0
779100000799;SKU-10798;REXONA DESODORANTE AEROSOL 150 ML;Rexona;150 ml;2624.37;0.0
779100000800;SKU-10799;COLGATE CREMA DENTAL TRIPLE ACCION 70 G;Colgate;70 g;1895.75;0.0
779100000801;SKU-10800;COCA-COLA GASEOSA COLA 500 ML;Coca-Cola;500 ml;1717.25;0.0
779100000802;SKU-10801;SPRITE GASEOSA LIMA LIMON 2250 ML;Sprite;2250 ml;4657.67;5.0
779100000803;SKU-10802;QUILMES CERVEZA RUBIA 1000 CC;Quilmes;1000 cc;2111.0;10.0
779100000804;SKU-10803;LA SERENÍSIMA LECHE ENTERA 1000 CC;La Serenísima;1000 cc;1361.98;5.0
779100000805;SKU-10804;SANCOR LECHE DESCREMADA 1000 ML;Sancor;1000 ml;1439.65;5.0
779100000806;SKU-10805;LA SERENÍSIMA YOGUR BEBIBLE FRUTILLA 1000 GR;La Serenísima;1000 gr;2129.95;10.0
779100000807;SKU-10806;SAN IGNACIO DULCE DE LECHE CLASICO 400 G;San Ignacio;400 g;2680.49;10.0
779100000808;SKU-10807;NATURA ACEITE GIRASOL 900 ML;Natura;900 ml;2082.07;5.0
779100000809;SKU-10808;COCINERO ACEITE MEZCLA 1500 ML;Cocinero;1500 ml;2267.41;10.0
779100000810;SKU-10809;GALLO ARROZ LARGO FINO 1000 GR;Gallo;1000 gr;1839.84;5.0
779100000811;SKU-10810;MATARAZZO FIDEOS GUISEROS 500 GR;Matarazzo;500 gr;840.65;5.0
779100000812;SKU-10811;LUCCHETTI FIDEOS TALLARINES 500 G;Lucchetti;500 g;847.58;0.0
779100000813;SKU-10812;MAROLIO PURE DE TOMATE 520 GR;Marolio;520 gr;887.31;10.0
779100000814;SKU-10813;HELLMANNS MAYONESA CLASICA 475 G;Hellmanns;475 g;2641.48;0.0
779100000815;SKU-10814;ARCOR GALLETITAS DULCES 120 G;Arcor;120 g;1205.23;0.0
779100000816;SKU-10815;TERRABUSI GALLETITAS DE AGUA 300 G;Terrabusi;300 g;1059.84;0.0
779100000817;SKU-10816;HEAD & SHOULDERS SHAMPOO ANTICASPA 200 ML;Head & Shoulders;200 ml;1855.04;5.0
779100000818;SKU-10817;PANTENE ACONDICIONADOR BRILLO 400 ML;Pantene;400 ml;4577.56;10.0
779100000819;SKU-10818;REXONA DESODORANTE AEROSOL 150 CC;Rexona;150 cc;2856.07;5.0
779100000820;SKU-10819;COLGATE CREMA DENTAL TRIPLE ACCION 90 G;Colgate;90 g;2154.11;0.0
779100000821;SKU-10820;COCA-COLA GASEOSA COLA 354 ML;Coca-Cola;354 ml;1201.09;10.0
779100000822;SKU-10821;SPRITE GASEOSA LIMA LIMON 2250 ML;Sprite;2250 ml;5137.48;5.0
779100000823;SKU-10822;QUILMES CERVEZA RUBIA 1000 CC;Quilmes;1000 cc;2222.78;5.0
779100000824;SKU-10823;LA SERENÍSIMA LECHE ENTERA 1000 ML;La Serenísima;1000 ml;1580.69;5.0
779100000825;SKU-10824;SANCOR LECHE DESCREMADA TETRA 1L;Sancor;Tetra 1L;1330.63;5.0
779100000826;SKU-10825;LA SERENÍSIMA YOGUR BEBIBLE FRUTILLA 1000 G;La Serenísima;1000 g;2188.16;10.0
779100000827;SKU-10826;SAN IGNACIO DULCE DE LECHE CLASICO 400 GR;San Ignacio;400 gr;2678.86;5.0
779100000828;SKU-10827;NATURA ACEITE GIRASOL 1500 ML;Natura;1500 ml;3583.96;5.0
779100000829;SKU-10828;COCINERO ACEITE MEZCLA 1500 ML;Cocinero;1500 ml;2832.62;10.0
779100000830;SKU-10829;GALLO ARROZ LARGO FINO 1000 G;Gallo;1000 g;1681.03;10.0
779100000831;SKU-10830;MATARAZZO FIDEOS GUISEROS 1000 GR;Matarazzo;1000 gr;1317.92;5.0
779100000832;SKU-10831;LUCCHETTI FIDEOS TALLARINES 500 GR;Lucchetti;500 gr;845.27;10.0
779100000833;SKU-10832;MAROLIO PURE DE TOMATE TETRA 520G;Marolio;Tetra 520g;910.93;5.0
779100000834;SKU-10833;HELLMANNS MAYONESA CLASICA 500 G;Hellmanns;500 g;1681.38;5.0
779100000835;SKU-10834;ARCOR GALLETITAS DULCES 160 G;Arcor;160 g;1015.4;0.0
779100000836;SKU-10835;TERRABUSI GALLETITAS DE AGUA PACK X3 300G;Terrabusi;Pack x3 300g;2445.58;10.0
779100000837;SKU-10836;HEAD & SHOULDERS SHAMPOO ANTICASPA 750 ML;Head & Shoulders;750 ml;4751.74;0.0
779100000838;SKU-10837;PANTENE ACONDICIONADOR BRILLO 200 ML;Pantene;200 ml;2089.46;0.0
779100000839;SKU-10838;REXONA DESODORANTE AEROSOL PACK X2;Rexona;Pack x2;8484.43;0.0
779100000840;SKU-10839;COLGATE CREMA DENTAL TRIPLE ACCION 140 G;Colgate;140 g;1969.0;0.0
779100000841;SKU-10840;COCA-COLA GASEOSA COLA 2250 ML;Coca-Cola;2250 ml;5222.21;5.0
779100000842;SKU-10841;SPRITE GASEOSA LIMA LIMON 1500 ML;Sprite;1500 ml;3746.96;0.0
779100000843;SKU-10842;QUILMES CERVEZA RUBIA 473 ML;Quilmes;473 ml;1279.19;5.0
779100000844;SKU-10843;LA SERENÍSIMA LECHE ENTERA SACHET 1L;La Serenísima;Sachet 1L;1569.21;5.0
779100000845;SKU-10844;SANCOR LECHE DESCREMADA 1000 CC;Sancor;1000 cc;1299.75;5.0
779100000846;SKU-10845;LA SERENÍSIMA YOGUR BEBIBLE FRUTILLA 1000 GR;La Serenísima;1000 gr;2015.34;0.0
779100000847;SKU-10846;SAN IGNACIO DULCE DE LECHE CLASICO 1000 GR;San Ignacio;1000 gr;2277.13;10.0
779100000848;SKU-10847;NATURA ACEITE GIRASOL 1500 ML;Natura;1500 ml;2896.73;10.0
779100000849;SKU-10848;COCINERO ACEITE MEZCLA 900 ML;Cocinero;900 ml;1660.77;5.0
779100000850;SKU-10849;GALLO ARROZ LARGO FINO 1000 GR;Gallo;1000 gr;1718.55;5.0
779100000851;SKU-10850;MATARAZZO FIDEOS GUISEROS 500 G;Matarazzo;500 g;716.43;10.0
779100000852;SKU-10851;LUCCHETTI FIDEOS TALLARINES 500 G;Lucchetti;500 g;736.38;5.0
779100000853;SKU-10852;MAROLIO PURE DE TOMATE 520 G;Marolio;520 g;860.69;0.0
779100000854;SKU-10853;HELLMANNS MAYONESA CLASICA 950 G;Hellmanns;950 g;2285.64;0.0
779100000855;SKU-10854;ARCOR GALLETITAS DULCES PACK X3;Arcor;Pack x3;2873.99;10.0
779100000856;SKU-10855;TERRABUSI GALLETITAS DE AGUA 100 G;Terrabusi;100 g;888.58;5.0
779100000857;SKU-10856;HEAD & SHOULDERS SHAMPOO ANTICASPA 400 ML;Head & Shoulders;400 ml;4212.75;0.0
779100000858;SKU-10857;PANTENE ACONDICIONADOR BRILLO 400 ML;Pantene;400 ml;4523.92;5.0
779100000859;SKU-10858;REXONA DESODORANTE AEROSOL 150 ML;Rexona;150 ml;2941.88;5.0
779100000860;SKU-10859;COLGATE CREMA DENTAL TRIPLE ACCION 70 G;Colgate;70 g;1996.37;0.0
779100000861;SKU-10860;COCA-COLA GASEOSA COLA 2250 ML;Coca-Cola;2250 ml;5275.62;0.0
779100000862;SKU-10861;SPRITE GASEOSA LIMA LIMON 500 ML;Sprite;500 ml;1666.95;5.0
779100000863;SKU-10862;QUILMES CERVEZA RUBIA 710 ML;Quilmes;710 ml;2390.16;0.0
779100000864;SKU-10863;LA SERENÍSIMA LECHE ENTERA TETRA 1L;La Serenísima;Tetra 1L;1336.09;0.0
779100000865;SKU-10864;SANCOR LECHE DESCREMADA 1000 ML;Sancor;1000 ml;1414.8;0.0
779100000866;SKU-10865;LA SERENÍSIMA YOGUR BEBIBLE FRUTILLA 180 G;La Serenísima;180 g;2075.92;10.0
779100000867;SKU-10866;SAN IGNACIO DULCE DE LECHE CLASICO 1000 G;San Ignacio;1000 g;2748.26;10.0
779100000868;SKU-10867;NATURA ACEITE GIRASOL 3 L;Natura;3 l;2413.79;0.0
779100000869;SKU-10868;COCINERO ACEITE MEZCLA 1500 ML;Cocinero;1500 ml;2677.35;5.0
779100000870;SKU-10869;GALLO ARROZ LARGO FINO 500 G;Gallo;500 g;1099.7;0.0
779100000871;SKU-10870;MATARAZZO FIDEOS GUISEROS 500 GR;Matarazzo;500 gr;728.04;10.0
779100000872;SKU-10871;LUCCHETTI FIDEOS TALLARINES 500 GR;Lucchetti;500 gr;841.51;10.0
779100000873;SKU-10872;MAROLIO PURE DE TOMATE 520 GR;Marolio;520 gr;773.05;0.0
779100000874;SKU-10873;HELLMANNS MAYONESA CLASICA 1000 GR;Hellmanns;1000 gr;2958.01;0.0
779100000875;SKU-10874;ARCOR GALLETITAS DULCES 300 G;Arcor;300 g;1254.1;5.0
779100000876;SKU-10875;TERRABUSI GALLETITAS DE AGUA 300 G;Terrabusi;300 g;917.37;0.0
779100000877;SKU-10876;HEAD & SHOULDERS SHAMPOO ANTICASPA 200 ML;Head & Shoulders;200 ml;2086.14;5.0
779100000878;SKU-10877;PANTENE ACONDICIONADOR BRILLO 200 ML;Pantene;200 ml;2027.99;10.0
779100000879;SKU-10878;REXONA DESODORANTE AEROSOL 150 CC;Rexona;150 cc;3089.61;10.0
779100000880;SKU-10879;COLGATE CREMA DENTAL TRIPLE ACCION 90 G;Colgate;90 g;2019.16;10.0
779100000881;SKU-10880;COCA-COLA GASEOSA COLA 2.25L;Coca-Cola;2.25L;5060.57;10.0
779100000882;SKU-10881;SPRITE GASEOSA LIMA LIMON 2250 ML;Sprite;2250 ml;5582.83;5.0
779100000883;SKU-10882;QUILMES CERVEZA RUBIA PACK X6;Quilmes;Pack x6;11678.02;10.0
779100000884;SKU-10883;LA SERENÍSIMA LECHE ENTERA 1000 CC;La Serenísima;1000 cc;1547.77;0.0
779100000885;SKU-10884;SANCOR LECHE DESCREMADA TETRA 1L;Sancor;Tetra 1L;1351.57;5.0
779100000886;SKU-10885;LA SERENÍSIMA YOGUR BEBIBLE FRUTILLA 1000 GR;La Serenísima;1000 gr;2052.18;0.0
779100000887;SKU-10886;SAN IGNACIO DULCE DE LECHE CLASICO 400 G;San Ignacio;400 g;2606.59;0.0
779100000888;SKU-10887;NATURA ACEITE GIRASOL 900 ML;Natura;900 ml;2023.98;5.0
779100000889;SKU-10888;COCINERO ACEITE MEZCLA 1500 ML;Cocinero;1500 ml;2672.64;10.0
779100000890;SKU-10889;GALLO ARROZ LARGO FINO 1000 GR;Gallo;1000 gr;1631.05;5.0
779100000891;SKU-10890;MATARAZZO FIDEOS GUISEROS 1000 GR;Matarazzo;1000 gr;1170.19;5.0
779100000892;SKU-10891;LUCCHETTI FIDEOS TALLARINES 500 G;Lucchetti;500 g;810.45;5.0
779100000893;SKU-10892;MAROLIO PURE DE TOMATE TETRA 520G;Marolio;Tetra 520g;845.83;10.0
779100000894;SKU-10893;HELLMANNS MAYONESA CLASICA 475 G;Hellmanns;475 g;2637.63;0.0
779100000895;SKU-10894;ARCOR GALLETITAS DULCES 120 G;Arcor;120 g;1040.59;0.0
779100000896;SKU-10895;TERRABUSI GALLETITAS DE AGUA PACK X3 300G;Terrabusi;Pack x3 300g;2894.9;10.0
779100000897;SKU-10896;HEAD & SHOULDERS SHAMPOO ANTICASPA 750 ML;Head & Shoulders;750 ml;4738.75;5.0
779100000898;SKU-10897;PANTENE ACONDICIONADOR BRILLO 400 ML;Pantene;400 ml;3926.45;5.0
779100000899;SKU-10898;REXONA DESODORANTE AEROSOL PACK X2;Rexona;Pack x2;8343.27;5.0
779100000900;SKU-10899;COLGATE CREMA DENTAL TRIPLE ACCION 140 G;Colgate;140 g;1825.5;5.0
779100000901;SKU-10900;COCA-COLA GASEOSA COLA 1500 ML;Coca-Cola;1500 ml;3554.9;0.0
779100000902;SKU-10901;SPRITE GASEOSA LIMA LIMON 2250 ML;Sprite;2250 ml;4513.85;0.0
779100000903;SKU-10902;QUILMES CERVEZA RUBIA 1000 CC;Quilmes;1000 cc;2078.52;5.0
779100000904;SKU-10903;LA SERENÍSIMA LECHE ENTERA 1000 ML;La Serenísima;1000 ml;1314.26;5.0
779100000905;SKU-10904;SANCOR LECHE DESCREMADA 1000 CC;Sancor;1000 cc;1443.32;5.0
779100000906;SKU-10905;LA SERENÍSIMA YOGUR BEBIBLE FRUTILLA 1000 G;La Serenísima;1000 g;2322.4;5.0
779100000907;SKU-10906;SAN IGNACIO DULCE DE LECHE CLASICO 400 GR;San Ignacio;400 gr;2475.54;0.0
779100000908;SKU-10907;NATURA ACEITE GIRASOL 1500 ML;Natura;1500 ml;2819.12;10.0
779100000909;SKU-10908;COCINERO ACEITE MEZCLA 900 ML;Cocinero;900 ml;1913.98;5.0
779100000910;SKU-10909;GALLO ARROZ LARGO FINO 1000 G;Gallo;1000 g;1641.03;5.0
779100000911;SKU-10910;MATARAZZO FIDEOS GUISEROS 500 G;Matarazzo;500 g;757.22;0.0
779100000912;SKU-10911;LUCCHETTI FIDEOS TALLARINES 500 GR;Lucchetti;500 gr;837.4;0.0
779100000913;SKU-10912;MAROLIO PURE DE TOMATE 520 G;Marolio;520 g;873.69;5.0
779100000914;SKU-10913;HELLMANNS MAYONESA CLASICA 500 G;Hellmanns;500 g;1731.09;10.0
779100000915;SKU-10914;ARCOR GALLETITAS DULCES 160 G;Arcor;160 g;1111.61;0.0
779100000916;SKU-10915;TERRABUSI GALLETITAS DE AGUA 100 G;Terrabusi;100 g;857.23;0.0
779100000917;SKU-10916;HEAD & SHOULDERS SHAMPOO ANTICASPA 400 ML;Head & Shoulders;400 ml;4160.46;0.0
779100000918;SKU-10917;PANTENE ACONDICIONADOR BRILLO 200 ML;Pantene;200 ml;1861.16;0.0
779100000919;SKU-10918;REXONA DESODORANTE AEROSOL 150 ML;Rexona;150 ml;3089.24;10.0
779100000920;SKU-10919;COLGATE CREMA DENTAL TRIPLE ACCION 70 G;Colgate;70 g;2100.43;10.0
779100000921;SKU-10920;COCA-COLA GASEOSA COLA 500 ML;Coca-Cola;500 ml;1929.61;0.0
779100000922;SKU-10921;SPRITE GASEOSA LIMA LIMON 1500 ML;Sprite;1500 ml;3518.65;10.0
779100000923;SKU-10922;QUILMES CERVEZA RUBIA 1000 CC;Quilmes;1000 cc;2214.46;0.0
779100000924;SKU-10923;LA SERENÍSIMA LECHE ENTERA SACHET 1L;La Serenísima;Sachet 1L;1432.37;5.0
779100000925;SKU-10924;SANCOR LECHE DESCREMADA 1000 ML;Sancor;1000 ml;1460.76;5.0
779100000926;SKU-10925;LA SERENÍSIMA YOGUR BEBIBLE FRUTILLA 1000 GR;La Serenísima;1000 gr;2338.2;0.0
779100000927;SKU-10926;SAN IGNACIO DULCE DE LECHE CLASICO 1000 GR;San Ignacio;1000 gr;2681.17;10.0
779100000928;SKU-10927;NATURA ACEITE GIRASOL 1500 ML;Natura;1500 ml;2896.06;5.0
779100000929;SKU-10928;COCINERO ACEITE MEZCLA 1500 ML;Cocinero;1500 ml;2624.6;10.0
779100000930;SKU-10929;GALLO ARROZ LARGO FINO 1000 GR;Gallo;1000 gr;2012.17;5.0
779100000931;SKU-10930;MATARAZZO FIDEOS GUISEROS 500 GR;Matarazzo;500 gr;764.2;5.0
779100000932;SKU-10931;LUCCHETTI FIDEOS TALLARINES 500 G;Lucchetti;500 g;813.63;5.0
779100000933;SKU-10932;MAROLIO PURE DE TOMATE 520 GR;Marolio;520 gr;829.14;0.0
779100000934;SKU-10933;HELLMANNS MAYONESA CLASICA 950 G;Hellmanns;950 g;2571.5;5.0
779100000935;SKU-10934;ARCOR GALLETITAS DULCES PACK X3;Arcor;Pack x3;3095.17;10.0
779100000936;SKU-10935;TERRABUSI GALLETITAS DE AGUA 300 G;Terrabusi;300 g;1070.27;10.0
779100000937;SKU-10936;HEAD & SHOULDERS SHAMPOO ANTICASPA 200 ML;Head & Shoulders;200 ml;2207.61;10.0
779100000938;SKU-10937;PANTENE ACONDICIONADOR BRILLO 400 ML;Pantene;400 ml;4890.22;10.0
779100000939;SKU-10938;REXONA DESODORANTE AEROSOL 150 CC;Rexona;150 cc;3078.9;10.0
779100000940;SKU-10939;COLGATE CREMA DENTAL TRIPLE ACCION 90 G;Colgate;90 g;1852.02;10.0
779100000941;SKU-10940;COCA-COLA GASEOSA COLA 354 ML;Coca-Cola;354 ml;1366.33;0.0
779100000942;SKU-10941;SPRITE GASEOSA LIMA LIMON 500 ML;Sprite;500 ml;1565.15;0.0
779100000943;SKU-10942;QUILMES CERVEZA RUBIA 473 ML;Quilmes;473 ml;1470.48;0.0
779100000944;SKU-10943;LA SERENÍSIMA LECHE ENTERA TETRA 1L;La Serenísima;Tetra 1L;1468.14;10.0
779100000945;SKU-10944;SANCOR LECHE DESCREMADA TETRA 1L;Sancor;Tetra 1L;1340.6;5.0
779100000946;SKU-10945;LA SERENÍSIMA YOGUR BEBIBLE FRUTILLA 180 G;La Serenísima;180 g;2053.32;10.0
779100000947;SKU-10946;SAN IGNACIO DULCE DE LECHE CLASICO 1000 G;San Ignacio;1000 g;2417.06;5.0
779100000948;SKU-10947;NATURA ACEITE GIRASOL 3 L;Natura;3 l;2161.86;0.0
779100000949;SKU-10948;COCINERO ACEITE MEZCLA 1500 ML;Cocinero;1500 ml;2506.05;5.0
779100000950;SKU-10949;GALLO ARROZ LARGO FINO 500 G;Gallo;500 g;1206.84;0.0
779100000951;SKU-10950;MATARAZZO FIDEOS GUISEROS 1000 GR;Matarazzo;1000 gr;1356.07;5.0
779100000952;SKU-10951;LUCCHETTI FIDEOS TALLARINES 500 GR;Lucchetti;500 gr;830.94;10.0
779100000953;SKU-10952;MAROLIO PURE DE TOMATE TETRA 520G;Marolio;Tetra 520g;855.68;0.0
779100000954;SKU-10953;HELLMANNS MAYONESA CLASICA 1000 GR;Hellmanns;1000 gr;2560.48;10.0
779100000955;SKU-10954;ARCOR GALLETITAS DULCES 300 G;Arcor;300 g;1223.46;0.0
779100000956;SKU-10955;TERRABUSI GALLETITAS DE AGUA PACK X3 300G;Terrabusi;Pack x3 300g;2623.33;0.0
779100000957;SKU-10956;HEAD & SHOULDERS SHAMPOO ANTICASPA 750 ML;Head & Shoulders;750 ml;4663.17;10.0
779100000958;SKU-10957;PANTENE ACONDICIONADOR BRILLO 200 ML;Pantene;200 ml;1802.96;10.0
779100000959;SKU-10958;REXONA DESODORANTE AEROSOL PACK X2;Rexona;Pack x2;7432.64;10.0
779100000960;SKU-10959;COLGATE CREMA DENTAL TRIPLE ACCION 140 G;Colgate;140 g;1711.29;0.0
779100000961;SKU-10960;COCA-COLA GASEOSA COLA 2250 ML;Coca-Cola;2250 ml;5668.82;5.0
779100000962;SKU-10961;SPRITE GASEOSA LIMA LIMON 2250 ML;Sprite;2250 ml;4404.69;10.0
779100000963;SKU-10962;QUILMES CERVEZA RUBIA 710 ML;Quilmes;710 ml;2092.95;10.0
779100000964;SKU-10963;LA SERENÍSIMA LECHE ENTERA 1000 CC;La Serenísima;1000 cc;1358.79;5.0
779100000965;SKU-10964;SANCOR LECHE DESCREMADA 1000 CC;Sancor;1000 cc;1399.42;10.0
779100000966;SKU-10965;LA SERENÍSIMA YOGUR BEBIBLE FRUTILLA 1000 GR;La Serenísima;1000 gr;1944.43;10.0
779100000967;SKU-10966;SAN IGNACIO DULCE DE LECHE CLASICO 400 G;San Ignacio;400 g;2634.03;0.0
779100000968;SKU-10967;NATURA ACEITE GIRASOL 900 ML;Natura;900 ml;2437.86;5.0
779100000969;SKU-10968;COCINERO ACEITE MEZCLA 900 ML;Cocinero;900 ml;1738.3;10.0
779100000970;SKU-10969;GALLO ARROZ LARGO FINO 1000 GR;Gallo;1000 gr;1953.62;10.0
779100000971;SKU-10970;MATARAZZO FIDEOS GUISEROS 500 G;Matarazzo;500 g;888.7;10.0
779100000972;SKU-10971;LUCCHETTI FIDEOS TALLARINES 500 G;Lucchetti;500 g;844.71;5.0
779100000973;SKU-10972;MAROLIO PURE DE TOMATE 520 G;Marolio;520 g;820.77;5.0
779100000974;SKU-10973;HELLMANNS MAYONESA CLASICA 475 G;Hellmanns;475 g;2846.72;5.0
779100000975;SKU-10974;ARCOR GALLETITAS DULCES 120 G;Arcor;120 g;1059.88;10.0
779100000976;SKU-10975;TERRABUSI GALLETITAS DE AGUA 100 G;Terrabusi;100 g;1014.14;10.0
779100000977;SKU-10976;HEAD & SHOULDERS SHAMPOO ANTICASPA 400 ML;Head & Shoulders;400 ml;4495.32;5.0
779100000978;SKU-10977;PANTENE ACONDICIONADOR BRILLO 400 ML;Pantene;400 ml;4094.81;5.0
779100000979;SKU-10978;REXONA DESODORANTE AEROSOL 150 ML;Rexona;150 ml;2840.47;10.0
779100000980;SKU-10979;COLGATE CREMA DENTAL TRIPLE ACCION 70 G;Colgate;70 g;1798.99;10.0
779100000981;SKU-10980;COCA-COLA GASEOSA COLA 2250 ML;Coca-Cola;2250 ml;5385.31;0.0
779100000982;SKU-10981;SPRITE GASEOSA LIMA LIMON 2250 ML;Sprite;2250 ml;4613.19;10.0
779100000983;SKU-10982;QUILMES CERVEZA RUBIA PACK X6;Quilmes;Pack x6;12786.25;0.0
779100000984;SKU-10983;LA SERENÍSIMA LECHE ENTERA 1000 ML;La Serenísima;1000 ml;1326.15;5.0
779100000985;SKU-10984;SANCOR LECHE DESCREMADA 1000 ML;Sancor;1000 ml;1387.58;10.0
779100000986;SKU-10985;LA SERENÍSIMA YOGUR BEBIBLE FRUTILLA 1000 G;La Serenísima;1000 g;2389.07;0.0
779100000987;SKU-10986;SAN IGNACIO DULCE DE LECHE CLASICO 400 GR;San Ignacio;400 gr;2389.38;5.0
779100000988;SKU-10987;NATURA ACEITE GIRASOL 1500 ML;Natura;1500 ml;3315.35;0.0
779100000989;SKU-10988;COCINERO ACEITE MEZCLA 1500 ML;Cocinero;1500 ml;2714.14;0.0
779100000990;SKU-10989;GALLO ARROZ LARGO FINO 1000 G;Gallo;1000 g;1903.46;10.0
779100000991;SKU-10990;MATARAZZO FIDEOS GUISEROS 500 GR;Matarazzo;500 gr;851.4;5.0
779100000992;SKU-10991;LUCCHETTI FIDEOS TALLARINES 500 GR;Lucchetti;500 gr;851.2;0.0
779100000993;SKU-10992;MAROLIO PURE DE TOMATE 520 GR;Marolio;520 gr;778.94;5.0
779100000994;SKU-10993;HELLMANNS MAYONESA CLASICA 500 G;Hellmanns;500 g;1625.56;10.0
779100000995;SKU-10994;ARCOR GALLETITAS DULCES 160 G;Arcor;160 g;1256.79;0.0
779100000996;SKU-10995;TERRABUSI GALLETITAS DE AGUA 300 G;Terrabusi;300 g;872.59;10.0
779100000997;SKU-10996;HEAD & SHOULDERS SHAMPOO ANTICASPA 200 ML;Head & Shoulders;200 ml;1915.49;5.0
779100000998;SKU-10997;PANTENE ACONDICIONADOR BRILLO 200 ML;Pantene;200 ml;2224.73;0.0
779100000999;SKU-10998;REXONA DESODORANTE AEROSOL 150 CC;Rexona;150 cc;2785.84;10.0
779100001000;SKU-10999;COLGATE CREMA DENTAL TRIPLE ACCION 90 G;Colgate;90 g;2162.52;0.0
779100001001;SKU-11000;COCA-COLA GASEOSA COLA 2.25L;Coca-Cola;2.25L;5392.78;0.0
779100001002;SKU-11001;SPRITE GASEOSA LIMA LIMON 1500 ML;Sprite;1500 ml;3333.59;10.0
779100001003;SKU-11002;QUILMES CERVEZA RUBIA 1000 CC;Quilmes;1000 cc;1997.09;0.0
779100001004;SKU-11003;LA SERENÍSIMA LECHE ENTERA SACHET 1L;La Serenísima;Sachet 1L;1604.97;0.0
779100001005;SKU-11004;SANCOR LECHE DESCREMADA TETRA 1L;Sancor;Tetra 1L;1509.39;10.0
779100001006;SKU-11005;LA SERENÍSIMA YOGUR BEBIBLE FRUTILLA 1000 GR;La Serenísima;1000 gr;2362.39;5.0
779100001007;SKU-11006;SAN IGNACIO DULCE DE LECHE CLASICO 1000 GR;San Ignacio;1000 gr;2409.09;10.0
779100001008;SKU-11007;NATURA ACEITE GIRASOL 1500 ML;Natura;1500 ml;3077.47;5.0
779100001009;SKU-11008;COCINERO ACEITE MEZCLA 1500 ML;Cocinero;1500 ml;2612.04;0.0
779100001010;SKU-11009;GALLO ARROZ LARGO FINO 1000 GR;Gallo;1000 gr;1984.47;0.0
779100001011;SKU-11010;MATARAZZO FIDEOS GUISEROS 1000 GR;Matarazzo;1000 gr;1188.48;5.0
779100001012;SKU-11011;LUCCHETTI FIDEOS TALLARINES 500 G;Lucchetti;500 g;743.43;0.0
779100001013;SKU-11012;MAROLIO PURE DE TOMATE TETRA 520G;Marolio;Tetra 520g;823.09;0.0
779100001014;SKU-11013;HELLMANNS MAYONESA CLASICA 950 G;Hellmanns;950 g;2153.2;5.0
779100001015;SKU-11014;ARCOR GALLETITAS DULCES PACK X3;Arcor;Pack x3;3292.14;5.0
779100001016;SKU-11015;TERRABUSI GALLETITAS DE AGUA PACK X3 300G;Terrabusi;Pack x3 300g;2517.15;0.0
779100001017;SKU-11016;HEAD & SHOULDERS SHAMPOO ANTICASPA 750 ML;Head & Shoulders;750 ml;5133.06;0.0
779100001018;SKU-11017;PANTENE ACONDICIONADOR BRILLO 400 ML;Pantene;400 ml;4520.91;5.0
779100001019;SKU-11018;REXONA DESODORANTE AEROSOL PACK X2;Rexona;Pack x2;7182.47;10.0
779100001020;SKU-11019;COLGATE CREMA DENTAL TRIPLE ACCION 140 G;Colgate;140 g;2141.21;0.0
779100001021;SKU-11020;COCA-COLA GASEOSA COLA 1500 ML;Coca-Cola;1500 ml;3701.41;10.0
779100001022;SKU-11021;SPRITE GASEOSA LIMA LIMON 500 ML;Sprite;500 ml;1791.35;10.0
779100001023;SKU-11022;QUILMES CERVEZA RUBIA 1000 CC;Quilmes;1000 cc;2399.65;5.0
779100001024;SKU-11023;LA SERENÍSIMA LECHE ENTERA TETRA 1L;La Serenísima;Tetra 1L;1429.81;0.0
779100001025;SKU-11024;SANCOR LECHE DESCREMADA 1000 CC;Sancor;1000 cc;1453.19;0.0
779100001026;SKU-11025;LA SERENÍSIMA YOGUR BEBIBLE FRUTILLA 180 G;La Serenísima;180 g;1938.31;10.0
779100001027;SKU-11026;SAN IGNACIO DULCE DE LECHE CLASICO 1000 G;San Ignacio;1000 g;2264.2;0.0
779100001028;SKU-11027;NATURA ACEITE GIRASOL 3 L;Natura;3 l;2461.47;10.0
779100001029;SKU-11028;COCINERO ACEITE MEZCLA 900 ML;Cocinero;900 ml;1718.81;0.0
779100001030;SKU-11029;GALLO ARROZ LARGO FINO 500 G;Gallo;500 g;1112.3;0.0
779100001031;SKU-11030;MATARAZZO FIDEOS GUISEROS 500 G;Matarazzo;500 g;713.59;0.0
779100001032;SKU-11031;LUCCHETTI FIDEOS TALLARINES 500 GR;Lucchetti;500 gr;830.05;5.0
779100001033;SKU-11032;MAROLIO PURE DE TOMATE 520 G;Marolio;520 g;932.49;5.0
779100001034;SKU-11033;HELLMANNS MAYONESA CLASICA 1000 GR;Hellmanns;1000 gr;2837.87;5.0
779100001035;SKU-11034;ARCOR GALLETITAS DULCES 300 G;Arcor;300 g;1171.28;5.0
779100001036;SKU-11035;TERRABUSI GALLETITAS DE AGUA 100 G;Terrabusi;100 g;910.56;10.0
779100001037;SKU-11036;HEAD & SHOULDERS SHAMPOO ANTICASPA 400 ML;Head & Shoulders;400 ml;4596.91;5.0
779100001038;SKU-11037;PANTENE ACONDICIONADOR BRILLO 200 ML;Pantene;200 ml;1976.02;10.0
779100001039;SKU-11038;REXONA DESODORANTE AEROSOL 150 ML;Rexona;150 ml;3099.93;5.0
779100001040;SKU-11039;COLGATE CREMA DENTAL TRIPLE ACCION 70 G;Colgate;70 g;1791.21;10.0
779100001041;SKU-11040;COCA-COLA GASEOSA COLA 500 ML;Coca-Cola;500 ml;1675.95;5.0
779100001042;SKU-11041;SPRITE GASEOSA LIMA LIMON 2250 ML;Sprite;2250 ml;4892.74;5.0
779100001043;SKU-11042;QUILMES CERVEZA RUBIA 473 ML;Quilmes;473 ml;1339.71;0.0
779100001044;SKU-11043;LA SERENÍSIMA LECHE ENTERA 1000 CC;La Serenísima;1000 cc;1282.24;10.0
779100001045;SKU-11044;SANCOR LECHE DESCREMADA 1000 ML;Sancor;1000 ml;1337.04;0.0
779100001046;SKU-11045;LA SERENÍSIMA YOGUR BEBIBLE FRUTILLA 1000 GR;La Serenísima;1000 gr;2066.61;5.0
779100001047;SKU-11046;SAN IGNACIO DULCE DE LECHE CLASICO 400 G;San Ignacio;400 g;2372.27;5.0
779100001048;SKU-11047;NATURA ACEITE GIRASOL 900 ML;Natura;900 ml;2352.23;5.0
779100001049;SKU-11048;COCINERO ACEITE MEZCLA 1500 ML;Cocinero;1500 ml;2718.11;5.0
779100001050;SKU-11049;GALLO ARROZ LARGO FINO 1000 GR;Gallo;1000 gr;1715.23;5.0
779100001051;SKU-11050;MATARAZZO FIDEOS GUISEROS 500 GR;Matarazzo;500 gr;746.15;0.0
779100001052;SKU-11051;LUCCHETTI FIDEOS TALLARINES 500 G;Lucchetti;500 g;702.85;10.0
779100001053;SKU-11052;MAROLIO PURE DE TOMATE 520 GR;Marolio;520 gr;852.12;0.0
779100001054;SKU-11053;HELLMANNS MAYONESA CLASICA 475 G;Hellmanns;475 g;2536.47;0.0
779100001055;SKU-11054;ARCOR GALLETITAS DULCES 120 G;Arcor;120 g;1259.38;10.0
779100001056;SKU-11055;TERRABUSI GALLETITAS DE AGUA 300 G;Terrabusi;300 g;1039.92;0.0
779100001057;SKU-11056;HEAD & SHOULDERS SHAMPOO ANTICASPA 200 ML;Head & Shoulders;200 ml;2023.85;10.0
779100001058;SKU-11057;PANTENE ACONDICIONADOR BRILLO 400 ML;Pantene;400 ml;4741.6;0.0
779100001059;SKU-11058;REXONA DESODORANTE AEROSOL 150 CC;Rexona;150 cc;3196.11;0.0
779100001060;SKU-11059;COLGATE CREMA DENTAL TRIPLE ACCION 90 G;Colgate;90 g;1951.66;10.0
779100001061;SKU-11060;COCA-COLA GASEOSA COLA 354 ML;Coca-Cola;354 ml;1179.7;5.0
779100001062;SKU-11061;SPRITE GASEOSA LIMA LIMON 2250 ML;Sprite;2250 ml;5302.92;10.0
779100001063;SKU-11062;QUILMES CERVEZA RUBIA 710 ML;Quilmes;710 ml;2133.71;5.0
779100001064;SKU-11063;LA SERENÍSIMA LECHE ENTERA 1000 ML;La Serenísima;1000 ml;1480.09;0.0
779100001065;SKU-11064;SANCOR LECHE DESCREMADA TETRA 1L;Sancor;Tetra 1L;1542.27;0.0
779100001066;SKU-11065;LA SERENÍSIMA YOGUR BEBIBLE FRUTILLA 1000 G;La Serenísima;1000 g;1983.44;10.0
779100001067;SKU-11066;SAN IGNACIO DULCE DE LECHE CLASICO 400 GR;San Ignacio;400 gr;2752.41;5.0
779100001068;SKU-11067;NATURA ACEITE GIRASOL 1500 ML;Natura;1500 ml;3397.6;5.0
779100001069;SKU-11068;COCINERO ACEITE MEZCLA 1500 ML;Cocinero;1500 ml;2244.21;10.0
779100001070;SKU-11069;GALLO ARROZ LARGO FINO 1000 G;Gallo;1000 g;1890.95;0.0
779100001071;SKU-11070;MATARAZZO FIDEOS GUISEROS 1000 GR;Matarazzo;1000 gr;1281.97;5.0
779100001072;SKU-11071;LUCCHETTI FIDEOS TALLARINES 500 GR;Lucchetti;500 gr;799.56;10.0
779100001073;SKU-11072;MAROLIO PURE DE TOMATE TETRA 520G;Marolio;Tetra 520g;842.07;10.0
779100001074;SKU-11073;HELLMANNS MAYONESA CLASICA 500 G;Hellmanns;500 g;1468.08;5.0
779100001075;SKU-11074;ARCOR GALLETITAS DULCES 160 G;Arcor;160 g;1102.19;5.0
779100001076;SKU-11075;TERRABUSI GALLETITAS DE AGUA PACK X3 300G;Terrabusi;Pack x3 300g;2511.84;5.0
779100001077;SKU-11076;HEAD & SHOULDERS SHAMPOO ANTICASPA 750 ML;Head & Shoulders;750 ml;4738.59;5.0
779100001078;SKU-11077;PANTENE ACONDICIONADOR BRILLO 200 ML;Pantene;200 ml;2184.72;0.0
779100001079;SKU-11078;REXONA DESODORANTE AEROSOL PACK X2;Rexona;Pack x2;7987.58;10.0
779100001080;SKU-11079;COLGATE CREMA DENTAL TRIPLE ACCION 140 G;Colgate;140 g;1924.0;0.0
779100001081;SKU-11080;COCA-COLA GASEOSA COLA 2250 ML;Coca-Cola;2250 ml;5330.41;10.0
779100001082;SKU-11081;SPRITE GASEOSA LIMA LIMON 1500 ML;Sprite;1500 ml;3191.03;10.0
779100001083;SKU-11082;QUILMES CERVEZA RUBIA PACK X6;Quilmes;Pack x6;10629.02;10.0
779100001084;SKU-11083;LA SERENÍSIMA LECHE ENTERA SACHET 1L;La Serenísima;Sachet 1L;1433.53;10.0
779100001085;SKU-11084;SANCOR LECHE DESCREMADA 1000 CC;Sancor;1000 cc;1358.67;5.0
779100001086;SKU-11085;LA SERENÍSIMA YOGUR BEBIBLE FRUTILLA 1000 GR;La Serenísima;1000 gr;2070.97;10.0
779100001087;SKU-11086;SAN IGNACIO DULCE DE LECHE CLASICO 1000 GR;San Ignacio;1000 gr;2287.64;5.0
779100001088;SKU-11087;NATURA ACEITE GIRASOL 1500 ML;Natura;1500 ml;2845.67;10.0
779100001089;SKU-11088;COCINERO ACEITE MEZCLA 900 ML;Cocinero;900 ml;1904.71;0.0
779100001090;SKU-11089;GALLO ARROZ LARGO FINO 1000 GR;Gallo;1000 gr;1695.53;5.0
779100001091;SKU-11090;MATARAZZO FIDEOS GUISEROS 500 G;Matarazzo;500 g;730.23;0.0
779100001092;SKU-11091;LUCCHETTI FIDEOS TALLARINES 500 G;Lucchetti;500 g;749.1;5.0
779100001093;SKU-11092;MAROLIO PURE DE TOMATE 520 G;Marolio;520 g;918.24;5.0
779100001094;SKU-11093;HELLMANNS MAYONESA CLASICA 950 G;Hellmanns;950 g;2548.67;0.0
779100001095;SKU-11094;ARCOR GALLETITAS DULCES PACK X3;Arcor;Pack x3;2761.81;10.0
779100001096;SKU-11095;TERRABUSI GALLETITAS DE AGUA 100 G;Terrabusi;100 g;942.92;0.0
779100001097;SKU-11096;HEAD & SHOULDERS SHAMPOO ANTICASPA 400 ML;Head & Shoulders;400 ml;4266.19;10.0
779100001098;SKU-11097;PANTENE ACONDICIONADOR BRILLO 400 ML;Pantene;400 ml;4134.59;5.0
779100001099;SKU-11098;REXONA DESODORANTE AEROSOL 150 ML;Rexona;150 ml;2876.59;0.0
779100001100;SKU-11099;COLGATE CREMA DENTAL TRIPLE ACCION 70 G;Colgate;70 g;2143.35;5.0
779100001101;SKU-11100;COCA-COLA GASEOSA COLA 2250 ML;Coca-Cola;2250 ml;5629.08;0.0
779100001102;SKU-11101;SPRITE GASEOSA LIMA LIMON 500 ML;Sprite;500 ml;1530.2;0.0
779100001103;SKU-11102;QUILMES CERVEZA RUBIA 1000 CC;Quilmes;1000 cc;2378.25;0.0
779100001104;SKU-11103;LA SERENÍSIMA LECHE ENTERA TETRA 1L;La Serenísima;Tetra 1L;1485.37;0.0
779100001105;SKU-11104;SANCOR LECHE DESCREMADA 1000 ML;Sancor;1000 ml;1329.49;0.0
779100001106;SKU-11105;LA SERENÍSIMA YOGUR BEBIBLE FRUTILLA 180 G;La Serenísima;180 g;1916.81;10.0
779100001107;SKU-11106;SAN IGNACIO DULCE DE LECHE CLASICO 1000 G;San Ignacio;1000 g;2317.52;5.0
779100001108;SKU-11107;NATURA ACEITE GIRASOL 3 L;Natura;3 l;2287.46;5.0
779100001109;SKU-11108;COCINERO ACEITE MEZCLA 1500 ML;Cocinero;1500 ml;2662.42;0.0
779100001110;SKU-11109;GALLO ARROZ LARGO FINO 500 G;Gallo;500 g;1155.69;5.0
779100001111;SKU-11110;MATARAZZO FIDEOS GUISEROS 500 GR;Matarazzo;500 gr;807.45;5.0
779100001112;SKU-11111;LUCCHETTI FIDEOS TALLARINES 500 GR;Lucchetti;500 gr;850.43;0.0
779100001113;SKU-11112;MAROLIO PURE DE TOMATE 520 GR;Marolio;520 gr;919.34;0.0
779100001114;SKU-11113;HELLMANNS MAYONESA CLASICA 1000 GR;Hellmanns;1000 gr;2340.73;0.0
779100001115;SKU-11114;ARCOR GALLETITAS DULCES 300 G;Arcor;300 g;1116.22;0.0
779100001116;SKU-11115;TERRABUSI GALLETITAS DE AGUA 300 G;Terrabusi;300 g;911.68;10.0
779100001117;SKU-11116;HEAD & SHOULDERS SHAMPOO ANTICASPA 200 ML;Head & Shoulders;200 ml;2324.86;10.0
779100001118;SKU-11117;PANTENE ACONDICIONADOR BRILLO 200 ML;Pantene;200 ml;1963.05;0.0
779100001119;SKU-11118;REXONA DESODORANTE AEROSOL 150 CC;Rexona;150 cc;2970.55;10.0
779100001120;SKU-11119;COLGATE CREMA DENTAL TRIPLE ACCION 90 G;Colgate;90 g;1935.41;10.0
779100001121;SKU-11120;COCA-COLA GASEOSA COLA 2.25L;Coca-Cola;2.25L;5794.15;10.0
779100001122;SKU-11121;SPRITE GASEOSA LIMA LIMON 2250 ML;Sprite;2250 ml;5521.58;5.0
779100001123;SKU-11122;QUILMES CERVEZA RUBIA 1000 CC;Quilmes;1000 cc;2207.88;10.0
779100001124;SKU-11123;LA SERENÍSIMA LECHE ENTERA 1000 CC;La Serenísima;1000 cc;1285.41;0.0
779100001125;SKU-11124;SANCOR LECHE DESCREMADA TETRA 1L;Sancor;Tetra 1L;1346.39;5.0
779100001126;SKU-11125;LA SERENÍSIMA YOGUR BEBIBLE FRUTILLA 1000 GR;La Serenísima;1000 gr;2323.08;10.0
779100001127;SKU-11126;SAN IGNACIO DULCE DE LECHE CLASICO 400 G;San Ignacio;400 g;2427.39;0.0
779100001128;SKU-11127;NATURA ACEITE GIRASOL 900 ML;Natura;900 ml;2101.65;5.0
779100001129;SKU-11128;COCINERO ACEITE MEZCLA 1500 ML;Cocinero;1500 ml;2710.79;5.0
779100001130;SKU-11129;GALLO ARROZ LARGO FINO 1000 GR;Gallo;1000 gr;1745.65;10.0
779100001131;SKU-11130;MATARAZZO FIDEOS GUISEROS 1000 GR;Matarazzo;1000 gr;1241.74;10.0
779100001132;SKU-11131;LUCCHETTI FIDEOS TALLARINES 500 G;Lucchetti;500 g;828.25;5.0
779100001133;SKU-11132;MAROLIO PURE DE TOMATE TETRA 520G;Marolio;Tetra 520g;821.43;5.0
779100001134;SKU-11133;HELLMANNS MAYONESA CLASICA 475 G;Hellmanns;475 g;2821.09;0.0
779100001135;SKU-11134;ARCOR GALLETITAS DULCES 120 G;Arcor;120 g;1211.81;5.0
779100001136;SKU-11135;TERRABUSI GALLETITAS DE AGUA PACK X3 300G;Terrabusi;Pack x3 300g;2319.19;10.0
779100001137;SKU-11136;HEAD & SHOULDERS SHAMPOO ANTICASPA 750 ML;Head & Shoulders;750 ml;4564.87;0.0
779100001138;SKU-11137;PANTENE ACONDICIONADOR BRILLO 400 ML;Pantene;400 ml;4019.3;5.0
779100001139;SKU-11138;REXONA DESODORANTE AEROSOL PACK X2;Rexona;Pack x2;7552.18;10.0
779100001140;SKU-11139;COLGATE CREMA DENTAL TRIPLE ACCION 140 G;Colgate;140 g;1927.33;5.0
779100001141;SKU-11140;COCA-COLA GASEOSA COLA 1500 ML;Coca-Cola;1500 ml;3665.23;0.0
779100001142;SKU-11141;SPRITE GASEOSA LIMA LIMON 2250 ML;Sprite;2250 ml;4574.51;0.0
779100001143;SKU-11142;QUILMES CERVEZA RUBIA 473 ML;Quilmes;473 ml;1371.15;5.0
779100001144;SKU-11143;LA SERENÍSIMA LECHE ENTERA 1000 ML;La Serenísima;1000 ml;1486.28;5.0
779100001145;SKU-11144;SANCOR LECHE DESCREMADA 1000 CC;Sancor;1000 cc;1371.72;10.0
779100001146;SKU-11145;LA SERENÍSIMA YOGUR BEBIBLE FRUTILLA 1000 G;La Serenísima;1000 g;2165.93;0.0
779100001147;SKU-11146;SAN IGNACIO DULCE DE LECHE CLASICO 400 GR;San Ignacio;400 gr;2515.41;5.0
779100001148;SKU-11147;NATURA ACEITE GIRASOL 1500 ML;Natura;1500 ml;3524.98;10.0
779100001149;SKU-11148;COCINERO ACEITE MEZCLA 900 ML;Cocinero;900 ml;1943.37;10.0
779100001150;SKU-11149;GALLO ARROZ LARGO FINO 1000 G;Gallo;1000 g;1751.99;5.0
779100001151;SKU-11150;MATARAZZO FIDEOS GUISEROS 500 G;Matarazzo;500 g;778.14;5.0
779100001152;SKU-11151;LUCCHETTI FIDEOS TALLARINES 500 GR;Lucchetti;500 gr;822.68;10.0
779100001153;SKU-11152;MAROLIO PURE DE TOMATE 520 G;Marolio;520 g;926.32;0.0
779100001154;SKU-11153;HELLMANNS MAYONESA CLASICA 500 G;Hellmanns;500 g;1459.17;5.0
779100001155;SKU-11154;ARCOR GALLETITAS DULCES 160 G;Arcor;160 g;1060.52;0.0
779100001156;SKU-11155;TERRABUSI GALLETITAS DE AGUA 100 G;Terrabusi;100 g;917.11;10.0
779100001157;SKU-11156;HEAD & SHOULDERS SHAMPOO ANTICASPA 400 ML;Head & Shoulders;400 ml;5021.34;0.0
779100001158;SKU-11157;PANTENE ACONDICIONADOR BRILLO 200 ML;Pantene;200 ml;2104.84;0.0
779100001159;SKU-11158;REXONA DESODORANTE AEROSOL 150 ML;Rexona;150 ml;3213.77;5.0
779100001160;SKU-11159;COLGATE CREMA DENTAL TRIPLE ACCION 70 G;Colgate;70 g;1860.7;5.0
779100001161;SKU-11160;COCA-COLA GASEOSA COLA 500 ML;Coca-Cola;500 ml;1916.62;5.0
779100001162;SKU-11161;SPRITE GASEOSA LIMA LIMON 1500 ML;Sprite;1500 ml;4024.36;10.0
779100001163;SKU-11162;QUILMES CERVEZA RUBIA 710 ML;Quilmes;710 ml;2235.35;10.0
779100001164;SKU-11163;LA SERENÍSIMA LECHE ENTERA SACHET 1L;La Serenísima;Sachet 1L;1528.55;10.0
779100001165;SKU-11164;SANCOR LECHE DESCREMADA 1000 ML;Sancor;1000 ml;1393.61;5.0
779100001166;SKU-11165;LA SERENÍSIMA YOGUR BEBIBLE FRUTILLA 1000 GR;La Serenísima;1000 gr;2318.44;0.0
779100001167;SKU-11166;SAN IGNACIO DULCE DE LECHE CLASICO 1000 GR;San Ignacio;1000 gr;2827.27;0.0
779100001168;SKU-11167;NATURA ACEITE GIRASOL 1500 ML;Natura;1500 ml;3210.25;10.0
779100001169;SKU-11168;COCINERO ACEITE MEZCLA 1500 ML;Cocinero;1500 ml;2337.33;0.0
779100001170;SKU-11169;GALLO ARROZ LARGO FINO 1000 GR;Gallo;1000 gr;1798.88;0.0
779100001171;SKU-11170;MATARAZZO FIDEOS GUISEROS 500 GR;Matarazzo;500 gr;803.43;0.0
779100001172;SKU-11171;LUCCHETTI FIDEOS TALLARINES 500 G;Lucchetti;500 g;679.16;10.0
779100001173;SKU-11172;MAROLIO PURE DE TOMATE 520 GR;Marolio;520 gr;867.03;10.0
779100001174;SKU-11173;HELLMANNS MAYONESA CLASICA 950 G;Hellmanns;950 g;2556.26;5.0
779100001175;SKU-11174;ARCOR GALLETITAS DULCES PACK X3;Arcor;Pack x3;2988.8;0.0
779100001176;SKU-11175;TERRABUSI GALLETITAS DE AGUA 300 G;Terrabusi;300 g;1086.38;10.0
779100001177;SKU-11176;HEAD & SHOULDERS SHAMPOO ANTICASPA 200 ML;Head & Shoulders;200 ml;2128.26;5.0
779100001178;SKU-11177;PANTENE ACONDICIONADOR BRILLO 400 ML;Pantene;400 ml;4832.17;10.0
779100001179;SKU-11178;REXONA DESODORANTE AEROSOL 150 CC;Rexona;150 cc;3136.77;5.0
779100001180;SKU-11179;COLGATE CREMA DENTAL TRIPLE ACCION 90 G;Colgate;90 g;1967.07;5.0
779100001181;SKU-11180;COCA-COLA GASEOSA COLA 354 ML;Coca-Cola;354 ml;1332.52;5.0
779100001182;SKU-11181;SPRITE GASEOSA LIMA LIMON 500 ML;Sprite;500 ml;1772.59;0.0
779100001183;SKU-11182;QUILMES CERVEZA RUBIA PACK X6;Quilmes;Pack x6;12067.69;0.0
779100001184;SKU-11183;LA SERENÍSIMA LECHE ENTERA TETRA 1L;La Serenísima;Tetra 1L;1290.3;0.0
779100001185;SKU-11184;SANCOR LECHE DESCREMADA TETRA 1L;Sancor;Tetra 1L;1323.06;0.0
779100001186;SKU-11185;LA SERENÍSIMA YOGUR BEBIBLE FRUTILLA 180 G;La Serenísima;180 g;1940.96;0.0
779100001187;SKU-11186;SAN IGNACIO DULCE DE LECHE CLASICO 1000 G;San Ignacio;1000 g;2823.25;0.0
779100001188;SKU-11187;NATURA ACEITE GIRASOL 3 L;Natura;3 l;2222.57;0.0
779100001189;SKU-11188;COCINERO ACEITE MEZCLA 1500 ML;Cocinero;1500 ml;2823.05;0.0
779100001190;SKU-11189;GALLO ARROZ LARGO FINO 500 G;Gallo;500 g;1224.67;0.0
779100001191;SKU-11190;MATARAZZO FIDEOS GUISEROS 1000 GR;Matarazzo;1000 gr;1477.86;5.0
779100001192;SKU-11191;LUCCHETTI FIDEOS TALLARINES 500 GR;Lucchetti;500 gr;834.48;10.0
779100001193;SKU-11192;MAROLIO PURE DE TOMATE TETRA 520G;Marolio;Tetra 520g;779.27;0.0
779100001194;SKU-11193;HELLMANNS MAYONESA CLASICA 1000 GR;Hellmanns;1000 gr;2650.9;5.0
779100001195;SKU-11194;ARCOR GALLETITAS DULCES 300 G;Arcor;300 g;1063.13;5.0
779100001196;SKU-11195;TERRABUSI GALLETITAS DE AGUA PACK X3 300G;Terrabusi;Pack x3 300g;2565.7;5.0
779100001197;SKU-11196;HEAD & SHOULDERS SHAMPOO ANTICASPA 750 ML;Head & Shoulders;750 ml;4050.45;10.0
779100001198;SKU-11197;PANTENE ACONDICIONADOR BRILLO 200 ML;Pantene;200 ml;1844.52;0.0
779100001199;SKU-11198;REXONA DESODORANTE AEROSOL PACK X2;Rexona;Pack x2;8069.87;10.0
779100001200;SKU-11199;COLGATE CREMA DENTAL TRIPLE ACCION 140 G;Colgate;140 g;2111.88;0.0
779100001201;SKU-11200;COCA-COLA GASEOSA COLA 2250 ML;Coca-Cola;2250 ml;5245.14;0.0
779100001202;SKU-11201;SPRITE GASEOSA LIMA LIMON 2250 ML;Sprite;2250 ml;4983.65;0.0
779100001203;SKU-11202;QUILMES CERVEZA RUBIA 1000 CC;Quilmes;1000 cc;2027.97;5.0
779100001204;SKU-11203;LA SERENÍSIMA LECHE ENTERA 1000 CC;La Serenísima;1000 cc;1498.97;5.0
779100001205;SKU-11204;SANCOR LECHE DESCREMADA 1000 CC;Sancor;1000 cc;1254.65;10.0
779100001206;SKU-11205;LA SERENÍSIMA YOGUR BEBIBLE FRUTILLA 1000 GR;La Serenísima;1000 gr;1953.08;10.0
779100001207;SKU-11206;SAN IGNACIO DULCE DE LECHE CLASICO 400 G;San Ignacio;400 g;2307.2;10.0
779100001208;SKU-11207;NATURA ACEITE GIRASOL 900 ML;Natura;900 ml;2369.85;10.0
779100001209;SKU-11208;COCINERO ACEITE MEZCLA 900 ML;Cocinero;900 ml;1780.16;0.0
779100001210;SKU-11209;GALLO ARROZ LARGO FINO 1000 GR;Gallo;1000 gr;1751.52;5.0
779100001211;SKU-11210;MATARAZZO FIDEOS GUISEROS 500 G;Matarazzo;500 g;844.35;0.0
779100001212;SKU-11211;LUCCHETTI FIDEOS TALLARINES 500 G;Lucchetti;500 g;828.54;5.0
779100001213;SKU-11212;MAROLIO PURE DE TOMATE 520 G;Marolio;520 g;798.31;10.0
779100001214;SKU-11213;HELLMANNS MAYONESA CLASICA 475 G;Hellmanns;475 g;2600.05;5.0
779100001215;SKU-11214;ARCOR GALLETITAS DULCES 120 G;Arcor;120 g;1131.9;0.0
779100001216;SKU-11215;TERRABUSI GALLETITAS DE AGUA 100 G;Terrabusi;100 g;856.99;5.0
779100001217;SKU-11216;HEAD & SHOULDERS SHAMPOO ANTICASPA 400 ML;Head & Shoulders;400 ml;4742.4;5.0
779100001218;SKU-11217;PANTENE ACONDICIONADOR BRILLO 400 ML;Pantene;400 ml;3978.62;10.0
779100001219;SKU-11218;REXONA DESODORANTE AEROSOL 150 ML;Rexona;150 ml;2725.82;0.0
779100001220;SKU-11219;COLGATE CREMA DENTAL TRIPLE ACCION 70 G;Colgate;70 g;1916.36;0.0
779100001221;SKU-11220;COCA-COLA GASEOSA COLA 2250 ML;Coca-Cola;2250 ml;5212.95;10.0
779100001222;SKU-11221;SPRITE GASEOSA LIMA LIMON 2250 ML;Sprite;2250 ml;5311.04;10.0
779100001223;SKU-11222;QUILMES CERVEZA RUBIA 1000 CC;Quilmes;1000 cc;2381.87;10.0
779100001224;SKU-11223;LA SERENÍSIMA LECHE ENTERA 1000 ML;La Serenísima;1000 ml;1300.84;10.0
779100001225;SKU-11224;SANCOR LECHE DESCREMADA 1000 ML;Sancor;1000 ml;1378.18;5.0
779100001226;SKU-11225;LA SERENÍSIMA YOGUR BEBIBLE FRUTILLA 1000 G;La Serenísima;1000 g;2033.83;0.0
779100001227;SKU-11226;SAN IGNACIO DULCE DE LECHE CLASICO 400 GR;San Ignacio;400 gr;2314.96;0.0
779100001228;SKU-11227;NATURA ACEITE GIRASOL 1500 ML;Natura;1500 ml;3092.79;0.0
779100001229;SKU-11228;COCINERO ACEITE MEZCLA 1500 ML;Cocinero;1500 ml;2355.47;5.0
779100001230;SKU-11229;GALLO ARROZ LARGO FINO 1000 G;Gallo;1000 g;1916.33;0.0
779100001231;SKU-11230;MATARAZZO FIDEOS GUISEROS 500 GR;Matarazzo;500 gr;785.23;5.0
779100001232;SKU-11231;LUCCHETTI FIDEOS TALLARINES 500 GR;Lucchetti;500 gr;856.65;5.0
779100001233;SKU-11232;MAROLIO PURE DE TOMATE 520 GR;Marolio;520 gr;927.74;10.0
779100001234;SKU-11233;HELLMANNS MAYONESA CLASICA 500 G;Hellmanns;500 g;1493.5;5.0
779100001235;SKU-11234;ARCOR GALLETITAS DULCES 160 G;Arcor;160 g;1160.99;0.0
779100001236;SKU-11235;TERRABUSI GALLETITAS DE AGUA 300 G;Terrabusi;300 g;866.15;0.0
779100001237;SKU-11236;HEAD & SHOULDERS SHAMPOO ANTICASPA 200 ML;Head & Shoulders;200 ml;2151.25;10.0
779100001238;SKU-11237;PANTENE ACONDICIONADOR BRILLO 200 ML;Pantene;200 ml;1752.73;10.0
779100001239;SKU-11238;REXONA DESODORANTE AEROSOL 150 CC;Rexona;150 cc;3055.05;0.0
779100001240;SKU-11239;COLGATE CREMA DENTAL TRIPLE ACCION 90 G;Colgate;90 g;1994.84;10.0
779100001241;SKU-11240;COCA-COLA GASEOSA COLA 2.25L;Coca-Cola;2.25L;4961.72;10.0
779100001242;SKU-11241;SPRITE GASEOSA LIMA LIMON 1500 ML;Sprite;1500 ml;3843.75;5.0
779100001243;SKU-11242;QUILMES CERVEZA RUBIA 473 ML;Quilmes;473 ml;1370.15;0.0
779100001244;SKU-11243;LA SERENÍSIMA LECHE ENTERA SACHET 1L;La Serenísima;Sachet 1L;1310.59;0.0
779100001245;SKU-11244;SANCOR LECHE DESCREMADA TETRA 1L;Sancor;Tetra 1L;1256.89;5.0
779100001246;SKU-11245;LA SERENÍSIMA YOGUR BEBIBLE FRUTILLA 1000 GR;La Serenísima;1000 gr;2220.21;0.0
779100001247;SKU-11246;SAN IGNACIO DULCE DE LECHE CLASICO 1000 GR;San Ignacio;1000 gr;2710.77;0.0
779100001248;SKU-11247;NATURA ACEITE GIRASOL 1500 ML;Natura;1500 ml;3273.98;10.0
779100001249;SKU-11248;COCINERO ACEITE MEZCLA 1500 ML;Cocinero;1500 ml;2763.2;5.0
779100001250;SKU-11249;GALLO ARROZ LARGO FINO 1000 GR;Gallo;1000 gr;2010.77;5.0
779100001251;SKU-11250;MATARAZZO FIDEOS GUISEROS 1000 GR;Matarazzo;1000 gr;1462.92;5.0
779100001252;SKU-11251;LUCCHETTI FIDEOS TALLARINES 500 G;Lucchetti;500 g;854.23;10.0
779100001253;SKU-11252;MAROLIO PURE DE TOMATE TETRA 520G;Marolio;Tetra 520g;969.31;0.0
779100001254;SKU-11253;HELLMANNS MAYONESA CLASICA 950 G;Hellmanns;950 g;2306.3;0.0
779100001255;SKU-11254;ARCOR GALLETITAS DULCES PACK X3;Arcor;Pack x3;3300.69;10.0
779100001256;SKU-11255;TERRABUSI GALLETITAS DE AGUA PACK X3 300G;Terrabusi;Pack x3 300g;2518.6;5.0
779100001257;SKU-11256;HEAD & SHOULDERS SHAMPOO ANTICASPA 750 ML;Head & Shoulders;750 ml;4633.46;10.0
779100001258;SKU-11257;PANTENE ACONDICIONADOR BRILLO 400 ML;Pantene;400 ml;4253.87;10.0
779100001259;SKU-11258;REXONA DESODORANTE AEROSOL PACK X2;Rexona;Pack x2;7270.41;0.0
779100001260;SKU-11259;COLGATE CREMA DENTAL TRIPLE ACCION 140 G;Colgate;140 g;1866.13;5.0
779100001261;SKU-11260;COCA-COLA GASEOSA COLA 1500 ML;Coca-Cola;1500 ml;4118.85;5.0
779100001262;SKU-11261;SPRITE GASEOSA LIMA LIMON 500 ML;Sprite;500 ml;1492.93;10.0
779100001263;SKU-11262;QUILMES CERVEZA RUBIA 710 ML;Quilmes;710 ml;2042.22;0.0
779100001264;SKU-11263;LA SERENÍSIMA LECHE ENTERA TETRA 1L;La Serenísima;Tetra 1L;1559.78;10.0
779100001265;SKU-11264;SANCOR LECHE DESCREMADA 1000 CC;Sancor;1000 cc;1286.61;5.0
779100001266;SKU-11265;LA SERENÍSIMA YOGUR BEBIBLE FRUTILLA 180 G;La Serenísima;180 g;2024.82;10.0
779100001267;SKU-11266;SAN IGNACIO DULCE DE LECHE CLASICO 1000 G;San Ignacio;1000 g;2656.65;10.0
779100001268;SKU-11267;NATURA ACEITE GIRASOL 3 L;Natura;3 l;2565.93;5.0
779100001269;SKU-11268;COCINERO ACEITE MEZCLA 900 ML;Cocinero;900 ml;1639.39;10.0
779100001270;SKU-11269;GALLO ARROZ LARGO FINO 500 G;Gallo;500 g;1129.72;0.0
779100001271;SKU-11270;MATARAZZO FIDEOS GUISEROS 500 G;Matarazzo;500 g;829.16;10.0
779100001272;SKU-11271;LUCCHETTI FIDEOS TALLARINES 500 GR;Lucchetti;500 gr;736.64;0.0
779100001273;SKU-11272;MAROLIO PURE DE TOMATE 520 G;Marolio;520 g;950.86;10.0
779100001274;SKU-11273;HELLMANNS MAYONESA CLASICA 1000 GR;Hellmanns;1000 gr;2922.78;5.0
779100001275;SKU-11274;ARCOR GALLETITAS DULCES 300 G;Arcor;300 g;1078.55;0.0
779100001276;SKU-11275;TERRABUSI GALLETITAS DE AGUA 100 G;Terrabusi;100 g;1078.26;5.0
779100001277;SKU-11276;HEAD & SHOULDERS SHAMPOO ANTICASPA 400 ML;Head & Shoulders;400 ml;4356.72;0.0
779100001278;SKU-11277;PANTENE ACONDICIONADOR BRILLO 200 ML;Pantene;200 ml;2146.17;10.0
779100001279;SKU-11278;REXONA DESODORANTE AEROSOL 150 ML;Rexona;150 ml;2946.92;0.0
779100001280;SKU-11279;COLGATE CREMA DENTAL TRIPLE ACCION 70 G;Colgate;70 g;2036.32;10.0
779100001281;SKU-11280;COCA-COLA GASEOSA COLA 500 ML;Coca-Cola;500 ml;1803.29;5.0
779100001282;SKU-11281;SPRITE GASEOSA LIMA LIMON 2250 ML;Sprite;2250 ml;4446.54;10.0
779100001283;SKU-11282;QUILMES CERVEZA RUBIA PACK X6;Quilmes;Pack x6;11803.69;0.0
779100001284;SKU-11283;LA SERENÍSIMA LECHE ENTERA 1000 CC;La Serenísima;1000 cc;1325.33;5.0
779100001285;SKU-11284;SANCOR LECHE DESCREMADA 1000 ML;Sancor;1000 ml;1251.47;5.0
779100001286;SKU-11285;LA SERENÍSIMA YOGUR BEBIBLE FRUTILLA 1000 GR;La Serenísima;1000 gr;2339.55;0.0
779100001287;SKU-11286;SAN IGNACIO DULCE DE LECHE CLASICO 400 G;San Ignacio;400 g;2567.61;0.0
779100001288;SKU-11287;NATURA ACEITE GIRASOL 900 ML;Natura;900 ml;2449.04;10.0
779100001289;SKU-11288;COCINERO ACEITE MEZCLA 1500 ML;Cocinero;1500 ml;2802.84;5.0
779100001290;SKU-11289;GALLO ARROZ LARGO FINO 1000 GR;Gallo;1000 gr;1934.86;0.0
779100001291;SKU-11290;MATARAZZO FIDEOS GUISEROS 500 GR;Matarazzo;500 gr;799.35;10.0
779100001292;SKU-11291;LUCCHETTI FIDEOS TALLARINES 500 G;Lucchetti;500 g;808.32;5.0
779100001293;SKU-11292;MAROLIO PURE DE TOMATE 520 GR;Marolio;520 gr;965.39;0.0
779100001294;SKU-11293;HELLMANNS MAYONESA CLASICA 475 G;Hellmanns;475 g;2629.1;10.0
779100001295;SKU-11294;ARCOR GALLETITAS DULCES 120 G;Arcor;120 g;998.11;5.0
779100001296;SKU-11295;TERRABUSI GALLETITAS DE AGUA 300 G;Terrabusi;300 g;902.86;5.0
779100001297;SKU-11296;HEAD & SHOULDERS SHAMPOO ANTICASPA 200 ML;Head & Shoulders;200 ml;1990.29;0.0
779100001298;SKU-11297;PANTENE ACONDICIONADOR BRILLO 400 ML;Pantene;400 ml;4075.28;5.0
779100001299;SKU-11298;REXONA DESODORANTE AEROSOL 150 CC;Rexona;150 cc;2874.78;5.0
779100001300;SKU-11299;COLGATE CREMA DENTAL TRIPLE ACCION 90 G;Colgate;90 g;2083.3;10.0
779100001301;SKU-11300;COCA-COLA GASEOSA COLA 354 ML;Coca-Cola;354 ml;1242.49;10.0
779100001302;SKU-11301;SPRITE GASEOSA LIMA LIMON 2250 ML;Sprite;2250 ml;4779.73;10.0
779100001303;SKU-11302;QUILMES CERVEZA RUBIA 1000 CC;Quilmes;1000 cc;2262.15;5.0
779100001304;SKU-11303;LA SERENÍSIMA LECHE ENTERA 1000 ML;La Serenísima;1000 ml;1485.27;5.0
779100001305;SKU-11304;SANCOR LECHE DESCREMADA TETRA 1L;Sancor;Tetra 1L;1549.31;10.0
779100001306;SKU-11305;LA SERENÍSIMA YOGUR BEBIBLE FRUTILLA 1000 G;La Serenísima;1000 g;2006.07;0.0
779100001307;SKU-11306;SAN IGNACIO DULCE DE LECHE CLASICO 400 GR;San Ignacio;400 gr;2864.77;5.0
779100001308;SKU-11307;NATURA ACEITE GIRASOL 1500 ML;Natura;1500 ml;3301.31;10.0
779100001309;SKU-11308;COCINERO ACEITE MEZCLA 1500 ML;Cocinero;1500 ml;2632.72;10.0
779100001310;SKU-11309;GALLO ARROZ LARGO FINO 1000 G;Gallo;1000 g;1741.49;10.0
779100001311;SKU-11310;MATARAZZO FIDEOS GUISEROS 1000 GR;Matarazzo;1000 gr;1454.04;5.0
779100001312;SKU-11311;LUCCHETTI FIDEOS TALLARINES 500 GR;Lucchetti;500 gr;843.28;0.0
779100001313;SKU-11312;MAROLIO PURE DE TOMATE TETRA 520G;Marolio;Tetra 520g;781.51;5.0
779100001314;SKU-11313;HELLMANNS MAYONESA CLASICA 500 G;Hellmanns;500 g;1612.64;5.0
779100001315;SKU-11314;ARCOR GALLETITAS DULCES 160 G;Arcor;160 g;1083.5;10.0
779100001316;SKU-11315;TERRABUSI GALLETITAS DE AGUA PACK X3 300G;Terrabusi;Pack x3 300g;2310.73;0.0
779100001317;SKU-11316;HEAD & SHOULDERS SHAMPOO ANTICASPA 750 ML;Head & Shoulders;750 ml;4501.73;0.0
779100001318;SKU-11317;PANTENE ACONDICIONADOR BRILLO 200 ML;Pantene;200 ml;2144.99;0.0
779100001319;SKU-11318;REXONA DESODORANTE AEROSOL PACK X2;Rexona;Pack x2;8084.09;10.0
779100001320;SKU-11319;COLGATE CREMA DENTAL TRIPLE ACCION 140 G;Colgate;140 g;1934.87;5.0
779100001321;SKU-11320;COCA-COLA GASEOSA COLA 2250 ML;Coca-Cola;2250 ml;5134.81;10.0
779100001322;SKU-11321;SPRITE GASEOSA LIMA LIMON 1500 ML;Sprite;1500 ml;3750.44;0.0
779100001323;SKU-11322;QUILMES CERVEZA RUBIA 1000 CC;Quilmes;1000 cc;2032.55;10.0
779100001324;SKU-11323;LA SERENÍSIMA LECHE ENTERA SACHET 1L;La Serenísima;Sachet 1L;1462.16;0.0
779100001325;SKU-11324;SANCOR LECHE DESCREMADA 1000 CC;Sancor;1000 cc;1313.42;0.0
779100001326;SKU-11325;LA SERENÍSIMA YOGUR BEBIBLE FRUTILLA 1000 GR;La Serenísima;1000 gr;2231.07;10.0
779100001327;SKU-11326;SAN IGNACIO DULCE DE LECHE CLASICO 1000 GR;San Ignacio;1000 gr;2451.02;0.0
779100001328;SKU-11327;NATURA ACEITE GIRASOL 1500 ML;Natura;1500 ml;3228.07;10.0
779100001329;SKU-11328;COCINERO ACEITE MEZCLA 900 ML;Cocinero;900 ml;1714.28;5.0
779100001330;SKU-11329;GALLO ARROZ LARGO FINO 1000 GR;Gallo;1000 gr;1812.57;5.0
779100001331;SKU-11330;MATARAZZO FIDEOS GUISEROS 500 G;Matarazzo;500 g;712.62;0.0
779100001332;SKU-11331;LUCCHETTI FIDEOS TALLARINES 500 G;Lucchetti;500 g;848.78;0.0
779100001333;SKU-11332;MAROLIO PURE DE TOMATE 520 G;Marolio;520 g;846.82;0.0
779100001334;SKU-11333;HELLMANNS MAYONESA CLASICA 950 G;Hellmanns;950 g;2431.67;5.0
779100001335;SKU-11334;ARCOR GALLETITAS DULCES PACK X3;Arcor;Pack x3;2731.99;10.0
779100001336;SKU-11335;TERRABUSI GALLETITAS DE AGUA 100 G;Terrabusi;100 g;927.59;5.0
779100001337;SKU-11336;HEAD & SHOULDERS SHAMPOO ANTICASPA 400 ML;Head & Shoulders;400 ml;4497.27;0.0
779100001338;SKU-11337;PANTENE ACONDICIONADOR BRILLO 400 ML;Pantene;400 ml;4389.85;10.0
779100001339;SKU-11338;REXONA DESODORANTE AEROSOL 150 ML;Rexona;150 ml;3193.86;0.0
779100001340;SKU-11339;COLGATE CREMA DENTAL TRIPLE ACCION 70 G;Colgate;70 g;1961.24;0.0
779100001341;SKU-11340;COCA-COLA GASEOSA COLA 2250 ML;Coca-Cola;2250 ml;4982.78;0.0
779100001342;SKU-11341;SPRITE GASEOSA LIMA LIMON 500 ML;Sprite;500 ml;1809.23;5.0
779100001343;SKU-11342;QUILMES CERVEZA RUBIA 473 ML;Quilmes;473 ml;1502.84;5.0
779100001344;SKU-11343;LA SERENÍSIMA LECHE ENTERA TETRA 1L;La Serenísima;Tetra 1L;1498.63;5.0
779100001345;SKU-11344;SANCOR LECHE DESCREMADA 1000 ML;Sancor;1000 ml;1474.66;0.0
779100001346;SKU-11345;LA SERENÍSIMA YOGUR BEBIBLE FRUTILLA 180 G;La Serenísima;180 g;2092.22;0.0
779100001347;SKU-11346;SAN IGNACIO DULCE DE LECHE CLASICO 1000 G;San Ignacio;1000 g;2870.61;5.0
779100001348;SKU-11347;NATURA ACEITE GIRASOL 3 L;Natura;3 l;2316.95;10.0
779100001349;SKU-11348;COCINERO ACEITE MEZCLA 1500 ML;Cocinero;1500 ml;2542.37;5.0
779100001350;SKU-11349;GALLO ARROZ LARGO FINO 500 G;Gallo;500 g;1204.98;5.0
779100001351;SKU-11350;MATARAZZO FIDEOS GUISEROS 500 GR;Matarazzo;500 gr;850.18;10.0
779100001352;SKU-11351;LUCCHETTI FIDEOS TALLARINES 500 GR;Lucchetti;500 gr;805.49;10.0
779100001353;SKU-11352;MAROLIO PURE DE TOMATE 520 GR;Marolio;520 gr;778.94;0.0
779100001354;SKU-11353;HELLMANNS MAYONESA CLASICA 1000 GR;Hellmanns;1000 gr;2944.96;10.0
779100001355;SKU-11354;ARCOR GALLETITAS DULCES 300 G;Arcor;300 g;1084.87;0.0
779100001356;SKU-11355;TERRABUSI GALLETITAS DE AGUA 300 G;Terrabusi;300 g;1078.88;5.0
779100001357;SKU-11356;HEAD & SHOULDERS SHAMPOO ANTICASPA 200 ML;Head & Shoulders;200 ml;2127.86;0.0
779100001358;SKU-11357;PANTENE ACONDICIONADOR BRILLO 200 ML;Pantene;200 ml;1804.19;0.0
779100001359;SKU-11358;REXONA DESODORANTE AEROSOL 150 CC;Rexona;150 cc;3042.24;5.0
779100001360;SKU-11359;COLGATE CREMA DENTAL TRIPLE ACCION 90 G;Colgate;90 g;1716.69;0.0
779100001361;SKU-11360;COCA-COLA GASEOSA COLA 2.25L;Coca-Cola;2.25L;5316.55;5.0
779100001362;SKU-11361;SPRITE GASEOSA LIMA LIMON 2250 ML;Sprite;2250 ml;5388.97;10.0
779100001363;SKU-11362;QUILMES CERVEZA RUBIA 710 ML;Quilmes;710 ml;2126.36;0.0
779100001364;SKU-11363;LA SERENÍSIMA LECHE ENTERA 1000 CC;La Serenísima;1000 cc;1579.99;0.0
779100001365;SKU-11364;SANCOR LECHE DESCREMADA TETRA 1L;Sancor;Tetra 1L;1523.53;0.0
779100001366;SKU-11365;LA SERENÍSIMA YOGUR BEBIBLE FRUTILLA 1000 GR;La Serenísima;1000 gr;2151.82;5.0
779100001367;SKU-11366;SAN IGNACIO DULCE DE LECHE CLASICO 400 G;San Ignacio;400 g;2561.39;10.0
779100001368;SKU-11367;NATURA ACEITE GIRASOL 900 ML;Natura;900 ml;2434.01;10.0
779100001369;SKU-11368;COCINERO ACEITE MEZCLA 1500 ML;Cocinero;1500 ml;2615.03;10.0
779100001370;SKU-11369;GALLO ARROZ LARGO FINO 1000 GR;Gallo;1000 gr;1660.74;5.0
779100001371;SKU-11370;MATARAZZO FIDEOS GUISEROS 1000 GR;Matarazzo;1000 gr;1343.13;5.0
779100001372;SKU-11371;LUCCHETTI FIDEOS TALLARINES 500 G;Lucchetti;500 g;785.78;5.0
779100001373;SKU-11372;MAROLIO PURE DE TOMATE TETRA 520G;Marolio;Tetra 520g;897.0;0.0
779100001374;SKU-11373;HELLMANNS MAYONESA CLASICA 475 G;Hellmanns;475 g;2608.08;0.0
779100001375;SKU-11374;ARCOR GALLETITAS DULCES 120 G;Arcor;120 g;1256.71;10.0
779100001376;SKU-11375;TERRABUSI GALLETITAS DE AGUA PACK X3 300G;Terrabusi;Pack x3 300g;2527.83;0.0
779100001377;SKU-11376;HEAD & SHOULDERS SHAMPOO ANTICASPA 750 ML;Head & Shoulders;750 ml;4308.42;10.0
779100001378;SKU-11377;PANTENE ACONDICIONADOR BRILLO 400 ML;Pantene;400 ml;4365.71;5.0
779100001379;SKU-11378;REXONA DESODORANTE AEROSOL PACK X2;Rexona;Pack x2;8544.64;10.0
779100001380;SKU-11379;COLGATE CREMA DENTAL TRIPLE ACCION 140 G;Colgate;140 g;2010.05;10.0
779100001381;SKU-11380;COCA-COLA GASEOSA COLA 1500 ML;Coca-Cola;1500 ml;3932.63;10.0
779100001382;SKU-11381;SPRITE GASEOSA LIMA LIMON 2250 ML;Sprite;2250 ml;4744.6;10.0
779100001383;SKU-11382;QUILMES CERVEZA RUBIA PACK X6;Quilmes;Pack x6;10500.73;0.0
779100001384;SKU-11383;LA SERENÍSIMA LECHE ENTERA 1000 ML;La Serenísima;1000 ml;1303.47;5.0
779100001385;SKU-11384;SANCOR LECHE DESCREMADA 1000 CC;Sancor;1000 cc;1529.29;0.0
779100001386;SKU-11385;LA SERENÍSIMA YOGUR BEBIBLE FRUTILLA 1000 G;La Serenísima;1000 g;2283.78;5.0
779100001387;SKU-11386;SAN IGNACIO DULCE DE LECHE CLASICO 400 GR;San Ignacio;400 gr;2720.76;0.0
779100001388;SKU-11387;NATURA ACEITE GIRASOL 1500 ML;Natura;1500 ml;3392.48;5.0
779100001389;SKU-11388;COCINERO ACEITE MEZCLA 900 ML;Cocinero;900 ml;1822.51;5.0
779100001390;SKU-11389;GALLO ARROZ LARGO FINO 1000 G;Gallo;1000 g;1835.79;0.0
779100001391;SKU-11390;MATARAZZO FIDEOS GUISEROS 500 G;Matarazzo;500 g;888.76;10.0
779100001392;SKU-11391;LUCCHETTI FIDEOS TALLARINES 500 GR;Lucchetti;500 gr;860.45;10.0
779100001393;SKU-11392;MAROLIO PURE DE TOMATE 520 G;Marolio;520 g;858.8;10.0
779100001394;SKU-11393;HELLMANNS MAYONESA CLASICA 500 G;Hellmanns;500 g;1600.05;5.0
779100001395;SKU-11394;ARCOR GALLETITAS DULCES 160 G;Arcor;160 g;1050.71;0.0
779100001396;SKU-11395;TERRABUSI GALLETITAS DE AGUA 100 G;Terrabusi;100 g;866.54;0.0
779100001397;SKU-11396;HEAD & SHOULDERS SHAMPOO ANTICASPA 400 ML;Head & Shoulders;400 ml;4304.39;10.0
779100001398;SKU-11397;PANTENE ACONDICIONADOR BRILLO 200 ML;Pantene;200 ml;2178.35;0.0
779100001399;SKU-11398;REXONA DESODORANTE AEROSOL 150 ML;Rexona;150 ml;2735.25;5.0
779100001400;SKU-11399;COLGATE CREMA DENTAL TRIPLE ACCION 70 G;Colgate;70 g;2061.39;10.0
779100001401;SKU-11400;COCA-COLA GASEOSA COLA 500 ML;Coca-Cola;500 ml;1723.49;5.0
779100001402;SKU-11401;SPRITE GASEOSA LIMA LIMON 1500 ML;Sprite;1500 ml;4000.46;10.0
779100001403;SKU-11402;QUILMES CERVEZA RUBIA 1000 CC;Quilmes;1000 cc;2190.03;5.0
779100001404;SKU-11403;LA SERENÍSIMA LECHE ENTERA SACHET 1L;La Serenísima;Sachet 1L;1467.22;0.0
779100001405;SKU-11404;SANCOR LECHE DESCREMADA 1000 ML;Sancor;1000 ml;1481.29;10.0
779100001406;SKU-11405;LA SERENÍSIMA YOGUR BEBIBLE FRUTILLA 1000 GR;La Serenísima;1000 gr;1934.07;0.0
779100001407;SKU-11406;SAN IGNACIO DULCE DE LECHE CLASICO 1000 GR;San Ignacio;1000 gr;2415.65;5.0
779100001408;SKU-11407;NATURA ACEITE GIRASOL 1500 ML;Natura;1500 ml;3491.91;5.0
779100001409;SKU-11408;COCINERO ACEITE MEZCLA 1500 ML;Cocinero;1500 ml;2381.81;10.0
779100001410;SKU-11409;GALLO ARROZ LARGO FINO 1000 GR;Gallo;1000 gr;1980.43;0.0
779100001411;SKU-11410;MATARAZZO FIDEOS GUISEROS 500 GR;Matarazzo;500 gr;877.17;5.0
779100001412;SKU-11411;LUCCHETTI FIDEOS TALLARINES 500 G;Lucchetti;500 g;736.57;10.0
779100001413;SKU-11412;MAROLIO PURE DE TOMATE 520 GR;Marolio;520 gr;949.15;10.0
779100001414;SKU-11413;HELLMANNS MAYONESA CLASICA 950 G;Hellmanns;950 g;2269.81;0.0
779100001415;SKU-11414;ARCOR GALLETITAS DULCES PACK X3;Arcor;Pack x3;2953.96;5.0
779100001416;SKU-11415;TERRABUSI GALLETITAS DE AGUA 300 G;Terrabusi;300 g;871.05;10.0
779100001417;SKU-11416;HEAD & SHOULDERS SHAMPOO ANTICASPA 200 ML;Head & Shoulders;200 ml;2295.73;10.0
779100001418;SKU-11417;PANTENE ACONDICIONADOR BRILLO 400 ML;Pantene;400 ml;4853.85;5.0
779100001419;SKU-11418;REXONA DESODORANTE AEROSOL 150 CC;Rexona;150 cc;2830.81;10.0
779100001420;SKU-11419;COLGATE CREMA DENTAL TRIPLE ACCION 90 G;Colgate;90 g;1892.61;10.0
779100001421;SKU-11420;COCA-COLA GASEOSA COLA 354 ML;Coca-Cola;354 ml;1168.41;10.0
779100001422;SKU-11421;SPRITE GASEOSA LIMA LIMON 500 ML;Sprite;500 ml;1504.27;0.0
779100001423;SKU-11422;QUILMES CERVEZA RUBIA 1000 CC;Quilmes;1000 cc;2244.44;0.0
779100001424;SKU-11423;LA SERENÍSIMA LECHE ENTERA TETRA 1L;La Serenísima;Tetra 1L;1423.69;5.0
779100001425;SKU-11424;SANCOR LECHE DESCREMADA TETRA 1L;Sancor;Tetra 1L;1324.09;5.0
779100001426;SKU-11425;LA SERENÍSIMA YOGUR BEBIBLE FRUTILLA 180 G;La Serenísima;180 g;2142.0;10.0
779100001427;SKU-11426;SAN IGNACIO DULCE DE LECHE CLASICO 1000 G;San Ignacio;1000 g;2568.05;10.0
779100001428;SKU-11427;NATURA ACEITE GIRASOL 3 L;Natura;3 l;2607.67;0.0
779100001429;SKU-11428;COCINERO ACEITE MEZCLA 1500 ML;Cocinero;1500 ml;2396.38;5.0
779100001430;SKU-11429;GALLO ARROZ LARGO FINO 500 G;Gallo;500 g;1075.18;0.0
779100001431;SKU-11430;MATARAZZO FIDEOS GUISEROS 1000 GR;Matarazzo;1000 gr;1208.02;0.0
779100001432;SKU-11431;LUCCHETTI FIDEOS TALLARINES 500 GR;Lucchetti;500 gr;789.47;5.0
779100001433;SKU-11432;MAROLIO PURE DE TOMATE TETRA 520G;Marolio;Tetra 520g;847.59;10.0
779100001434;SKU-11433;HELLMANNS MAYONESA CLASICA 1000 GR;Hellmanns;1000 gr;2844.92;5.0
779100001435;SKU-11434;ARCOR GALLETITAS DULCES 300 G;Arcor;300 g;1244.58;5.0
779100001436;SKU-11435;TERRABUSI GALLETITAS DE AGUA PACK X3 300G;Terrabusi;Pack x3 300g;2335.98;10.0
779100001437;SKU-11436;HEAD & SHOULDERS SHAMPOO ANTICASPA 750 ML;Head & Shoulders;750 ml;4243.66;0.0
779100001438;SKU-11437;PANTENE ACONDICIONADOR BRILLO 200 ML;Pantene;200 ml;2146.11;5.0
779100001439;SKU-11438;REXONA DESODORANTE AEROSOL PACK X2;Rexona;Pack x2;7260.76;5.0
779100001440;SKU-11439;COLGATE CREMA DENTAL TRIPLE ACCION 140 G;Colgate;140 g;2126.03;5.0
779100001441;SKU-11440;COCA-COLA GASEOSA COLA 2250 ML;Coca-Cola;2250 ml;5225.2;10.0
779100001442;SKU-11441;SPRITE GASEOSA LIMA LIMON 2250 ML;Sprite;2250 ml;4433.35;5.0
779100001443;SKU-11442;QUILMES CERVEZA RUBIA 473 ML;Quilmes;473 ml;1396.87;10.0
779100001444;SKU-11443;LA SERENÍSIMA LECHE ENTERA 1000 CC;La Serenísima;1000 cc;1445.36;0.0
779100001445;SKU-11444;SANCOR LECHE DESCREMADA 1000 CC;Sancor;1000 cc;1234.36;10.0
779100001446;SKU-11445;LA SERENÍSIMA YOGUR BEBIBLE FRUTILLA 1000 GR;La Serenísima;1000 gr;2377.58;10.0
779100001447;SKU-11446;SAN IGNACIO DULCE DE LECHE CLASICO 400 G;San Ignacio;400 g;2708.15;0.0
779100001448;SKU-11447;NATURA ACEITE GIRASOL 900 ML;Natura;900 ml;2444.65;10.0
779100001449;SKU-11448;COCINERO ACEITE MEZCLA 900 ML;Cocinero;900 ml;1659.61;5.0
779100001450;SKU-11449;GALLO ARROZ LARGO FINO 1000 GR;Gallo;1000 gr;1872.44;5.0
779100001451;SKU-11450;MATARAZZO FIDEOS GUISEROS 500 G;Matarazzo;500 g;803.5;10.0
779100001452;SKU-11451;LUCCHETTI FIDEOS TALLARINES 500 G;Lucchetti;500 g;795.37;10.0
779100001453;SKU-11452;MAROLIO PURE DE TOMATE 520 G;Marolio;520 g;927.9;0.0
779100001454;SKU-11453;HELLMANNS MAYONESA CLASICA 475 G;Hellmanns;475 g;2813.61;5.0
779100001455;SKU-11454;ARCOR GALLETITAS DULCES 120 G;Arcor;120 g;1240.3;5.0
779100001456;SKU-11455;TERRABUSI GALLETITAS DE AGUA 100 G;Terrabusi;100 g;1072.74;5.0
779100001457;SKU-11456;HEAD & SHOULDERS SHAMPOO ANTICASPA 400 ML;Head & Shoulders;400 ml;4944.86;5.0
779100001458;SKU-11457;PANTENE ACONDICIONADOR BRILLO 400 ML;Pantene;400 ml;4028.49;0.0
779100001459;SKU-11458;REXONA DESODORANTE AEROSOL 150 ML;Rexona;150 ml;3077.22;10.0
779100001460;SKU-11459;COLGATE CREMA DENTAL TRIPLE ACCION 70 G;Colgate;70 g;1968.72;0.0
779100001461;SKU-11460;COCA-COLA GASEOSA COLA 2250 ML;Coca-Cola;2250 ml;4753.9;10.0
779100001462;SKU-11461;SPRITE GASEOSA LIMA LIMON 2250 ML;Sprite;2250 ml;5017.05;0.0
779100001463;SKU-11462;QUILMES CERVEZA RUBIA 710 ML;Quilmes;710 ml;2251.1;0.0
779100001464;SKU-11463;LA SERENÍSIMA LECHE ENTERA 1000 ML;La Serenísima;1000 ml;1517.93;5.0
779100001465;SKU-11464;SANCOR LECHE DESCREMADA 1000 ML;Sancor;1000 ml;1463.88;0.0
779100001466;SKU-11465;LA SERENÍSIMA YOGUR BEBIBLE FRUTILLA 1000 G;La Serenísima;1000 g;1981.15;0.0
779100001467;SKU-11466;SAN IGNACIO DULCE DE LECHE CLASICO 400 GR;San Ignacio;400 gr;2317.19;0.0
779100001468;SKU-11467;NATURA ACEITE GIRASOL 1500 ML;Natura;1500 ml;3198.97;0.0
779100001469;SKU-11468;COCINERO ACEITE MEZCLA 1500 ML;Cocinero;1500 ml;2292.8;0.0
779100001470;SKU-11469;GALLO ARROZ LARGO FINO 1000 G;Gallo;1000 g;2013.31;10.0
779100001471;SKU-11470;MATARAZZO FIDEOS GUISEROS 500 GR;Matarazzo;500 gr;833.16;0.0
779100001472;SKU-11471;LUCCHETTI FIDEOS TALLARINES 500 GR;Lucchetti;500 gr;753.43;10.0
779100001473;SKU-11472;MAROLIO PURE DE TOMATE 520 GR;Marolio;520 gr;868.56;5.0
779100001474;SKU-11473;HELLMANNS MAYONESA CLASICA 500 G;Hellmanns;500 g;1529.26;5.0
779100001475;SKU-11474;ARCOR GALLETITAS DULCES 160 G;Arcor;160 g;1191.2;0.0
779100001476;SKU-11475;TERRABUSI GALLETITAS DE AGUA 300 G;Terrabusi;300 g;1078.09;5.0
779100001477;SKU-11476;HEAD & SHOULDERS SHAMPOO ANTICASPA 200 ML;Head & Shoulders;200 ml;2176.43;0.0
779100001478;SKU-11477;PANTENE ACONDICIONADOR BRILLO 200 ML;Pantene;200 ml;2175.32;5.0
779100001479;SKU-11478;REXONA DESODORANTE AEROSOL 150 CC;Rexona;150 cc;3052.22;10.0
779100001480;SKU-11479;COLGATE CREMA DENTAL TRIPLE ACCION 90 G;Colgate;90 g;2162.18;10.0
779100001481;SKU-11480;COCA-COLA GASEOSA COLA 2.25L;Coca-Cola;2.25L;5261.69;0.0
779100001482;SKU-11481;SPRITE GASEOSA LIMA LIMON 1500 ML;Sprite;1500 ml;3708.25;10.0
779100001483;SKU-11482;QUILMES CERVEZA RUBIA PACK X6;Quilmes;Pack x6;11320.31;5.0
779100001484;SKU-11483;LA SERENÍSIMA LECHE ENTERA SACHET 1L;La Serenísima;Sachet 1L;1434.59;5.0
779100001485;SKU-11484;SANCOR LECHE DESCREMADA TETRA 1L;Sancor;Tetra 1L;1398.29;5.0
779100001486;SKU-11485;LA SERENÍSIMA YOGUR BEBIBLE FRUTILLA 1000 GR;La Serenísima;1000 gr;2040.22;10.0
779100001487;SKU-11486;SAN IGNACIO DULCE DE LECHE CLASICO 1000 GR;San Ignacio;1000 gr;2575.05;0.0
779100001488;SKU-11487;NATURA ACEITE GIRASOL 1500 ML;Natura;1500 ml;2923.25;0.0
779100001489;SKU-11488;COCINERO ACEITE MEZCLA 1500 ML;Cocinero;1500 ml;2282.17;0.0
779100001490;SKU-11489;GALLO ARROZ LARGO FINO 1000 GR;Gallo;1000 gr;1859.95;10.0
779100001491;SKU-11490;MATARAZZO FIDEOS GUISEROS 1000 GR;Matarazzo;1000 gr;1441.67;10.0
779100001492;SKU-11491;LUCCHETTI FIDEOS TALLARINES 500 G;Lucchetti;500 g;702.28;0.0
779100001493;SKU-11492;MAROLIO PURE DE TOMATE TETRA 520G;Marolio;Tetra 520g;943.86;10.0
779100001494;SKU-11493;HELLMANNS MAYONESA CLASICA 950 G;Hellmanns;950 g;2203.21;0.0
779100001495;SKU-11494;ARCOR GALLETITAS DULCES PACK X3;Arcor;Pack x3;2705.78;10.0
779100001496;SKU-11495;TERRABUSI GALLETITAS DE AGUA PACK X3 300G;Terrabusi;Pack x3 300g;2656.97;0.0
779100001497;SKU-11496;HEAD & SHOULDERS SHAMPOO ANTICASPA 750 ML;Head & Shoulders;750 ml;4619.99;0.0
779100001498;SKU-11497;PANTENE ACONDICIONADOR BRILLO 400 ML;Pantene;400 ml;4826.98;5.0
779100001499;SKU-11498;REXONA DESODORANTE AEROSOL PACK X2;Rexona;Pack x2;8537.37;10.0
779100001500;SKU-11499;COLGATE CREMA DENTAL TRIPLE ACCION 140 G;Colgate;140 g;1919.63;10.0
779100001501;SKU-11500;COCA-COLA GASEOSA COLA 1500 ML;Coca-Cola;1500 ml;4005.58;5.0
779100001502;SKU-11501;SPRITE GASEOSA LIMA LIMON 500 ML;Sprite;500 ml;1689.1;0.0
779100001503;SKU-11502;QUILMES CERVEZA RUBIA 1000 CC;Quilmes;1000 cc;2148.42;5.0
779100001504;SKU-11503;LA SERENÍSIMA LECHE ENTERA TETRA 1L;La Serenísima;Tetra 1L;1448.18;5.0
779100001505;SKU-11504;SANCOR LECHE DESCREMADA 1000 CC;Sancor;1000 cc;1304.1;5.0
779100001506;SKU-11505;LA SERENÍSIMA YOGUR BEBIBLE FRUTILLA 180 G;La Serenísima;180 g;2014.57;10.0
779100001507;SKU-11506;SAN IGNACIO DULCE DE LECHE CLASICO 1000 G;San Ignacio;1000 g;2571.86;10.0
779100001508;SKU-11507;NATURA ACEITE GIRASOL 3 L;Natura;3 l;2587.15;10.0
779100001509;SKU-11508;COCINERO ACEITE MEZCLA 900 ML;Cocinero;900 ml;1625.87;10.0
779100001510;SKU-11509;GALLO ARROZ LARGO FINO 500 G;Gallo;500 g;1130.98;0.0
779100001511;SKU-11510;MATARAZZO FIDEOS GUISEROS 500 G;Matarazzo;500 g;884.24;5.0
779100001512;SKU-11511;LUCCHETTI FIDEOS TALLARINES 500 GR;Lucchetti;500 gr;692.94;0.0
779100001513;SKU-11512;MAROLIO PURE DE TOMATE 520 G;Marolio;520 g;774.07;10.0
779100001514;SKU-11513;HELLMANNS MAYONESA CLASICA 1000 GR;Hellmanns;1000 gr;2890.61;5.0
779100001515;SKU-11514;ARCOR GALLETITAS DULCES 300 G;Arcor;300 g;1099.4;0.0
779100001516;SKU-11515;TERRABUSI GALLETITAS DE AGUA 100 G;Terrabusi;100 g;975.27;0.0
779100001517;SKU-11516;HEAD & SHOULDERS SHAMPOO ANTICASPA 400 ML;Head & Shoulders;400 ml;4533.38;10.0
779100001518;SKU-11517;PANTENE ACONDICIONADOR BRILLO 200 ML;Pantene;200 ml;2172.53;5.0
779100001519;SKU-11518;REXONA DESODORANTE AEROSOL 150 ML;Rexona;150 ml;3087.33;10.0
779100001520;SKU-11519;COLGATE CREMA DENTAL TRIPLE ACCION 70 G;Colgate;70 g;2063.95;5.0
779100001521;SKU-11520;COCA-COLA GASEOSA COLA 500 ML;Coca-Cola;500 ml;1920.5;0.0
779100001522;SKU-11521;SPRITE GASEOSA LIMA LIMON 2250 ML;Sprite;2250 ml;5188.4;0.0
779100001523;SKU-11522;QUILMES CERVEZA RUBIA 1000 CC;Quilmes;1000 cc;2293.38;0.0
779100001524;SKU-11523;LA SERENÍSIMA LECHE ENTERA 1000 CC;La Serenísima;1000 cc;1325.92;0.0
779100001525;SKU-11524;SANCOR LECHE DESCREMADA 1000 ML;Sancor;1000 ml;1300.92;10.0
779100001526;SKU-11525;LA SERENÍSIMA YOGUR BEBIBLE FRUTILLA 1000 GR;La Serenísima;1000 gr;2094.14;0.0
779100001527;SKU-11526;SAN IGNACIO DULCE DE LECHE CLASICO 400 G;San Ignacio;400 g;2280.32;0.0
779100001528;SKU-11527;NATURA ACEITE GIRASOL 900 ML;Natura;900 ml;2394.65;10.0
779100001529;SKU-11528;COCINERO ACEITE MEZCLA 1500 ML;Cocinero;1500 ml;2658.6;10.0
779100001530;SKU-11529;GALLO ARROZ LARGO FINO 1000 GR;Gallo;1000 gr;2040.62;5.0
779100001531;SKU-11530;MATARAZZO FIDEOS GUISEROS 500 GR;Matarazzo;500 gr;787.68;10.0
779100001532;SKU-11531;LUCCHETTI FIDEOS TALLARINES 500 G;Lucchetti;500 g;829.67;10.0
779100001533;SKU-11532;MAROLIO PURE DE TOMATE 520 GR;Marolio;520 gr;765.0;10.0
779100001534;SKU-11533;HELLMANNS MAYONESA CLASICA 475 G;Hellmanns;475 g;2512.69;10.0
779100001535;SKU-11534;ARCOR GALLETITAS DULCES 120 G;Arcor;120 g;1044.63;0.0
779100001536;SKU-11535;TERRABUSI GALLETITAS DE AGUA 300 G;Terrabusi;300 g;1080.6;0.0
779100001537;SKU-11536;HEAD & SHOULDERS SHAMPOO ANTICASPA 200 ML;Head & Shoulders;200 ml;2130.64;10.0
779100001538;SKU-11537;PANTENE ACONDICIONADOR BRILLO 400 ML;Pantene;400 ml;4845.71;10.0
779100001539;SKU-11538;REXONA DESODORANTE AEROSOL 150 CC;Rexona;150 cc;3200.54;0.0
779100001540;SKU-11539;COLGATE CREMA DENTAL TRIPLE ACCION 90 G;Colgate;90 g;1774.29;10.0
779100001541;SKU-11540;COCA-COLA GASEOSA COLA 354 ML;Coca-Cola;354 ml;1291.42;10.0
779100001542;SKU-11541;SPRITE GASEOSA LIMA LIMON 2250 ML;Sprite;2250 ml;5164.16;0.0
779100001543;SKU-11542;QUILMES CERVEZA RUBIA 473 ML;Quilmes;473 ml;1468.84;10.0
779100001544;SKU-11543;LA SERENÍSIMA LECHE ENTERA 1000 ML;La Serenísima;1000 ml;1461.27;0.0
779100001545;SKU-11544;SANCOR LECHE DESCREMADA TETRA 1L;Sancor;Tetra 1L;1234.28;5.0
779100001546;SKU-11545;LA SERENÍSIMA YOGUR BEBIBLE FRUTILLA 1000 G;La Serenísima;1000 g;1938.28;5.0
779100001547;SKU-11546;SAN IGNACIO DULCE DE LECHE CLASICO 400 GR;San Ignacio;400 gr;2688.75;10.0
779100001548;SKU-11547;NATURA ACEITE GIRASOL 1500 ML;Natura;1500 ml;3286.51;5.0
779100001549;SKU-11548;COCINERO ACEITE MEZCLA 1500 ML;Cocinero;1500 ml;2799.12;0.0
779100001550;SKU-11549;GALLO ARROZ LARGO FINO 1000 G;Gallo;1000 g;1941.36;5.0
779100001551;SKU-11550;MATARAZZO FIDEOS GUISEROS 1000 GR;Matarazzo;1000 gr;1258.24;0.0
779100001552;SKU-11551;LUCCHETTI FIDEOS TALLARINES 500 GR;Lucchetti;500 gr;703.52;10.0
779100001553;SKU-11552;MAROLIO PURE DE TOMATE TETRA 520G;Marolio;Tetra 520g;880.96;5.0
779100001554;SKU-11553;HELLMANNS MAYONESA CLASICA 500 G;Hellmanns;500 g;1404.52;0.0
779100001555;SKU-11554;ARCOR GALLETITAS DULCES 160 G;Arcor;160 g;1135.12;0.0
779100001556;SKU-11555;TERRABUSI GALLETITAS DE AGUA PACK X3 300G;Terrabusi;Pack x3 300g;2595.06;5.0
779100001557;SKU-11556;HEAD & SHOULDERS SHAMPOO ANTICASPA 750 ML;Head & Shoulders;750 ml;4805.67;10.0
779100001558;SKU-11557;PANTENE ACONDICIONADOR BRILLO 200 ML;Pantene;200 ml;1923.56;0.0
779100001559;SKU-11558;REXONA DESODORANTE AEROSOL PACK X2;Rexona;Pack x2;8099.2;0.0
779100001560;SKU-11559;COLGATE CREMA DENTAL TRIPLE ACCION 140 G;Colgate;140 g;2066.04;10.0
779100001561;SKU-11560;COCA-COLA GASEOSA COLA 2250 ML;Coca-Cola;2250 ml;5233.22;0.0
779100001562;SKU-11561;SPRITE GASEOSA LIMA LIMON 1500 ML;Sprite;1500 ml;3563.63;10.0
779100001563;SKU-11562;QUILMES CERVEZA RUBIA 710 ML;Quilmes;710 ml;2287.8;10.0
779100001564;SKU-11563;LA SERENÍSIMA LECHE ENTERA SACHET 1L;La Serenísima;Sachet 1L;1494.44;10.0
779100001565;SKU-11564;SANCOR LECHE DESCREMADA 1000 CC;Sancor;1000 cc;1500.69;0.0
779100001566;SKU-11565;LA SERENÍSIMA YOGUR BEBIBLE FRUTILLA 1000 GR;La Serenísima;1000 gr;2119.86;10.0
779100001567;SKU-11566;SAN IGNACIO DULCE DE LECHE CLASICO 1000 GR;San Ignacio;1000 gr;2454.22;10.0
779100001568;SKU-11567;NATURA ACEITE GIRASOL 1500 ML;Natura;1500 ml;3140.89;5.0
779100001569;SKU-11568;COCINERO ACEITE MEZCLA 900 ML;Cocinero;900 ml;1627.42;0.0
779100001570;SKU-11569;GALLO ARROZ LARGO FINO 1000 GR;Gallo;1000 gr;1930.11;0.0
779100001571;SKU-11570;MATARAZZO FIDEOS GUISEROS 500 G;Matarazzo;500 g;808.86;0.0
779100001572;SKU-11571;LUCCHETTI FIDEOS TALLARINES 500 G;Lucchetti;500 g;803.98;5.0
779100001573;SKU-11572;MAROLIO PURE DE TOMATE 520 G;Marolio;520 g;822.42;0.0
779100001574;SKU-11573;HELLMANNS MAYONESA CLASICA 950 G;Hellmanns;950 g;2293.04;10.0
779100001575;SKU-11574;ARCOR GALLETITAS DULCES PACK X3;Arcor;Pack x3;2782.74;0.0
779100001576;SKU-11575;TERRABUSI GALLETITAS DE AGUA 100 G;Terrabusi;100 g;1089.7;10.0
779100001577;SKU-11576;HEAD & SHOULDERS SHAMPOO ANTICASPA 400 ML;Head & Shoulders;400 ml;4802.05;10.0
779100001578;SKU-11577;PANTENE ACONDICIONADOR BRILLO 400 ML;Pantene;400 ml;3933.93;5.0
779100001579;SKU-11578;REXONA DESODORANTE AEROSOL 150 ML;Rexona;150 ml;2787.9;10.0
779100001580;SKU-11579;COLGATE CREMA DENTAL TRIPLE ACCION 70 G;Colgate;70 g;2162.2;5.0
779100001581;SKU-11580;COCA-COLA GASEOSA COLA 2250 ML;Coca-Cola;2250 ml;5437.07;5.0
779100001582;SKU-11581;SPRITE GASEOSA LIMA LIMON 500 ML;Sprite;500 ml;1831.24;5.0
779100001583;SKU-11582;QUILMES CERVEZA RUBIA PACK X6;Quilmes;Pack x6;12141.69;5.0
779100001584;SKU-11583;LA SERENÍSIMA LECHE ENTERA TETRA 1L;La Serenísima;Tetra 1L;1298.85;5.0
779100001585;SKU-11584;SANCOR LECHE DESCREMADA 1000 ML;Sancor;1000 ml;1295.89;5.0
779100001586;SKU-11585;LA SERENÍSIMA YOGUR BEBIBLE FRUTILLA 180 G;La Serenísima;180 g;2181.54;5.0
779100001587;SKU-11586;SAN IGNACIO DULCE DE LECHE CLASICO 1000 G;San Ignacio;1000 g;2436.65;5.0
779100001588;SKU-11587;NATURA ACEITE GIRASOL 3 L;Natura;3 l;2573.61;10.0
779100001589;SKU-11588;COCINERO ACEITE MEZCLA 1500 ML;Cocinero;1500 ml;2227.33;0.0
779100001590;SKU-11589;GALLO ARROZ LARGO FINO 500 G;Gallo;500 g;1036.05;0.0
779100001591;SKU-11590;MATARAZZO FIDEOS GUISEROS 500 GR;Matarazzo;500 gr;766.53;5.0
779100001592;SKU-11591;LUCCHETTI FIDEOS TALLARINES 500 GR;Lucchetti;500 gr;721.7;10.0
779100001593;SKU-11592;MAROLIO PURE DE TOMATE 520 GR;Marolio;520 gr;951.5;0.0
779100001594;SKU-11593;HELLMANNS MAYONESA CLASICA 1000 GR;Hellmanns;1000 gr;2945.38;5.0
779100001595;SKU-11594;ARCOR GALLETITAS DULCES 300 G;Arcor;300 g;1137.68;5.0
779100001596;SKU-11595;TERRABUSI GALLETITAS DE AGUA 300 G;Terrabusi;300 g;987.33;10.0
779100001597;SKU-11596;HEAD & SHOULDERS SHAMPOO ANTICASPA 200 ML;Head & Shoulders;200 ml;1883.5;10.0
779100001598;SKU-11597;PANTENE ACONDICIONADOR BRILLO 200 ML;Pantene;200 ml;2141.3;10.0
779100001599;SKU-11598;REXONA DESODORANTE AEROSOL 150 CC;Rexona;150 cc;2679.66;0.0
779100001600;SKU-11599;COLGATE CREMA DENTAL TRIPLE ACCION 90 G;Colgate;90 g;2063.3;0.0
779100001601;SKU-11600;COCA-COLA GASEOSA COLA 2.25L;Coca-Cola;2.25L;4772.75;0.0
779100001602;SKU-11601;SPRITE GASEOSA LIMA LIMON 2250 ML;Sprite;2250 ml;5186.1;5.0
779100001603;SKU-11602;QUILMES CERVEZA RUBIA 1000 CC;Quilmes;1000 cc;2302.22;5.0
779100001604;SKU-11603;LA SERENÍSIMA LECHE ENTERA 1000 CC;La Serenísima;1000 cc;1463.7;0.0
779100001605;SKU-11604;SANCOR LECHE DESCREMADA TETRA 1L;Sancor;Tetra 1L;1448.59;5.0
779100001606;SKU-11605;LA SERENÍSIMA YOGUR BEBIBLE FRUTILLA 1000 GR;La Serenísima;1000 gr;2248.8;5.0
779100001607;SKU-11606;SAN IGNACIO DULCE DE LECHE CLASICO 400 G;San Ignacio;400 g;2720.37;5.0
779100001608;SKU-11607;NATURA ACEITE GIRASOL 900 ML;Natura;900 ml;2245.53;5.0
779100001609;SKU-11608;COCINERO ACEITE MEZCLA 1500 ML;Cocinero;1500 ml;2339.95;0.0
779100001610;SKU-11609;GALLO ARROZ LARGO FINO 1000 GR;Gallo;1000 gr;1640.39;10.0
779100001611;SKU-11610;MATARAZZO FIDEOS GUISEROS 1000 GR;Matarazzo;1000 gr;1216.45;5.0
779100001612;SKU-11611;LUCCHETTI FIDEOS TALLARINES 500 G;Lucchetti;500 g;802.31;10.0
779100001613;SKU-11612;MAROLIO PURE DE TOMATE TETRA 520G;Marolio;Tetra 520g;946.41;5.0
779100001614;SKU-11613;HELLMANNS MAYONESA CLASICA 475 G;Hellmanns;475 g;2645.16;10.0
779100001615;SKU-11614;ARCOR GALLETITAS DULCES 120 G;Arcor;120 g;1122.87;0.0
779100001616;SKU-11615;TERRABUSI GALLETITAS DE AGUA PACK X3 300G;Terrabusi;Pack x3 300g;2394.31;10.0
779100001617;SKU-11616;HEAD & SHOULDERS SHAMPOO ANTICASPA 750 ML;Head & Shoulders;750 ml;5012.32;10.0
779100001618;SKU-11617;PANTENE ACONDICIONADOR BRILLO 400 ML;Pantene;400 ml;4701.99;0.0
779100001619;SKU-11618;REXONA DESODORANTE AEROSOL PACK X2;Rexona;Pack x2;8278.79;0.0
779100001620;SKU-11619;COLGATE CREMA DENTAL TRIPLE ACCION 140 G;Colgate;140 g;1800.78;10.0
779100001621;SKU-11620;COCA-COLA GASEOSA COLA 1500 ML;Coca-Cola;1500 ml;3353.76;10.0
779100001622;SKU-11621;SPRITE GASEOSA LIMA LIMON 2250 ML;Sprite;2250 ml;4607.22;0.0
779100001623;SKU-11622;QUILMES CERVEZA RUBIA 1000 CC;Quilmes;1000 cc;2407.57;0.0
779100001624;SKU-11623;LA SERENÍSIMA LECHE ENTERA 1000 ML;La Serenísima;1000 ml;1369.26;5.0
779100001625;SKU-11624;SANCOR LECHE DESCREMADA 1000 CC;Sancor;1000 cc;1440.15;5.0
779100001626;SKU-11625;LA SERENÍSIMA YOGUR BEBIBLE FRUTILLA 1000 G;La Serenísima;1000 g;2286.06;5.0
779100001627;SKU-11626;SAN IGNACIO DULCE DE LECHE CLASICO 400 GR;San Ignacio;400 gr;2294.76;0.0
779100001628;SKU-11627;NATURA ACEITE GIRASOL 1500 ML;Natura;1500 ml;3152.9;5.0
779100001629;SKU-11628;COCINERO ACEITE MEZCLA 900 ML;Cocinero;900 ml;1948.22;10.0
779100001630;SKU-11629;GALLO ARROZ LARGO FINO 1000 G;Gallo;1000 g;1653.85;0.0
779100001631;SKU-11630;MATARAZZO FIDEOS GUISEROS 500 G;Matarazzo;500 g;859.98;5.0
779100001632;SKU-11631;LUCCHETTI FIDEOS TALLARINES 500 GR;Lucchetti;500 gr;844.72;10.0
779100001633;SKU-11632;MAROLIO PURE DE TOMATE 520 G;Marolio;520 g;959.86;5.0
779100001634;SKU-11633;HELLMANNS MAYONESA CLASICA 500 G;Hellmanns;500 g;1664.8;10.0
779100001635;SKU-11634;ARCOR GALLETITAS DULCES 160 G;Arcor;160 g;1180.48;0.0
779100001636;SKU-11635;TERRABUSI GALLETITAS DE AGUA 100 G;Terrabusi;100 g;982.13;5.0
779100001637;SKU-11636;HEAD & SHOULDERS SHAMPOO ANTICASPA 400 ML;Head & Shoulders;400 ml;4184.57;5.0
779100001638;SKU-11637;PANTENE ACONDICIONADOR BRILLO 200 ML;Pantene;200 ml;2080.53;10.0
779100001639;SKU-11638;REXONA DESODORANTE AEROSOL 150 ML;Rexona;150 ml;3036.53;10.0
779100001640;SKU-11639;COLGATE CREMA DENTAL TRIPLE ACCION 70 G;Colgate;70 g;1848.42;10.0
779100001641;SKU-11640;COCA-COLA GASEOSA COLA 500 ML;Coca-Cola;500 ml;1622.39;0.0
779100001642;SKU-11641;SPRITE GASEOSA LIMA LIMON 1500 ML;Sprite;1500 ml;3166.56;0.0
779100001643;SKU-11642;QUILMES CERVEZA RUBIA 473 ML;Quilmes;473 ml;1514.44;0.0
779100001644;SKU-11643;LA SERENÍSIMA LECHE ENTERA SACHET 1L;La Serenísima;Sachet 1L;1277.92;10.0
779100001645;SKU-11644;SANCOR LECHE DESCREMADA 1000 ML;Sancor;1000 ml;1496.1;10.0
779100001646;SKU-11645;LA SERENÍSIMA YOGUR BEBIBLE FRUTILLA 1000 GR;La Serenísima;1000 gr;2181.68;5.0
779100001647;SKU-11646;SAN IGNACIO DULCE DE LECHE CLASICO 1000 GR;San Ignacio;1000 gr;2271.75;5.0
779100001648;SKU-11647;NATURA ACEITE GIRASOL 1500 ML;Natura;1500 ml;3324.08;10.0
779100001649;SKU-11648;COCINERO ACEITE MEZCLA 1500 ML;Cocinero;1500 ml;2338.01;10.0
779100001650;SKU-11649;GALLO ARROZ LARGO FINO 1000 GR;Gallo;1000 gr;1748.3;0.0
779100001651;SKU-11650;MATARAZZO FIDEOS GUISEROS 500 GR;Matarazzo;500 gr;771.82;0.0
779100001652;SKU-11651;LUCCHETTI FIDEOS TALLARINES 500 G;Lucchetti;500 g;741.61;5.0
779100001653;SKU-11652;MAROLIO PURE DE TOMATE 520 GR;Marolio;520 gr;869.99;10.0
779100001654;SKU-11653;HELLMANNS MAYONESA CLASICA 950 G;Hellmanns;950 g;2404.41;10.0
779100001655;SKU-11654;ARCOR GALLETITAS DULCES PACK X3;Arcor;Pack x3;3145.61;10.0
779100001656;SKU-11655;TERRABUSI GALLETITAS DE AGUA 300 G;Terrabusi;300 g;972.61;0.0
779100001657;SKU-11656;HEAD & SHOULDERS SHAMPOO ANTICASPA 200 ML;Head & Shoulders;200 ml;1985.78;10.0
779100001658;SKU-11657;PANTENE ACONDICIONADOR BRILLO 400 ML;Pantene;400 ml;4849.21;10.0
779100001659;SKU-11658;REXONA DESODORANTE AEROSOL 150 CC;Rexona;150 cc;3121.33;0.0
779100001660;SKU-11659;COLGATE CREMA DENTAL TRIPLE ACCION 90 G;Colgate;90 g;1773.91;5.0
779100001661;SKU-11660;COCA-COLA GASEOSA COLA 354 ML;Coca-Cola;354 ml;1355.7;0.0
779100001662;SKU-11661;SPRITE GASEOSA LIMA LIMON 500 ML;Sprite;500 ml;1694.76;0.0
779100001663;SKU-11662;QUILMES CERVEZA RUBIA 710 ML;Quilmes;710 ml;2263.1;0.0
779100001664;SKU-11663;LA SERENÍSIMA LECHE ENTERA TETRA 1L;La Serenísima;Tetra 1L;1335.03;10.0
779100001665;SKU-11664;SANCOR LECHE DESCREMADA TETRA 1L;Sancor;Tetra 1L;1517.77;0.0
779100001666;SKU-11665;LA SERENÍSIMA YOGUR BEBIBLE FRUTILLA 180 G;La Serenísima;180 g;2112.41;0.0
779100001667;SKU-11666;SAN IGNACIO DULCE DE LECHE CLASICO 1000 G;San Ignacio;1000 g;2788.59;0.0
779100001668;SKU-11667;NATURA ACEITE GIRASOL 3 L;Natura;3 l;2698.61;5.0
779100001669;SKU-11668;COCINERO ACEITE MEZCLA 1500 ML;Cocinero;1500 ml;2800.03;10.0
779100001670;SKU-11669;GALLO ARROZ LARGO FINO 500 G;Gallo;500 g;986.43;10.0
779100001671;SKU-11670;MATARAZZO FIDEOS GUISEROS 1000 GR;Matarazzo;1000 gr;1392.07;0.0
779100001672;SKU-11671;LUCCHETTI FIDEOS TALLARINES 500 GR;Lucchetti;500 gr;772.53;0.0
779100001673;SKU-11672;MAROLIO PURE DE TOMATE TETRA 520G;Marolio;Tetra 520g;923.67;10.0
779100001674;SKU-11673;HELLMANNS MAYONESA CLASICA 1000 GR;Hellmanns;1000 gr;2720.13;5.0
779100001675;SKU-11674;ARCOR GALLETITAS DULCES 300 G;Arcor;300 g;1156.51;5.0
779100001676;SKU-11675;TERRABUSI GALLETITAS DE AGUA PACK X3 300G;Terrabusi;Pack x3 300g;2555.66;0.0
779100001677;SKU-11676;HEAD & SHOULDERS SHAMPOO ANTICASPA 750 ML;Head & Shoulders;750 ml;4319.96;10.0
779100001678;SKU-11677;PANTENE ACONDICIONADOR BRILLO 200 ML;Pantene;200 ml;2208.44;0.0
779100001679;SKU-11678;REXONA DESODORANTE AEROSOL PACK X2;Rexona;Pack x2;7594.73;0.0
779100001680;SKU-11679;COLGATE CREMA DENTAL TRIPLE ACCION 140 G;Colgate;140 g;2099.78;5.0
779100001681;SKU-11680;COCA-COLA GASEOSA COLA 2250 ML;Coca-Cola;2250 ml;5332.89;10.0
779100001682;SKU-11681;SPRITE GASEOSA LIMA LIMON 2250 ML;Sprite;2250 ml;4563.25;0.0
779100001683;SKU-11682;QUILMES CERVEZA RUBIA PACK X6;Quilmes;Pack x6;11617.37;0.0
779100001684;SKU-11683;LA SERENÍSIMA LECHE ENTERA 1000 CC;La Serenísima;1000 cc;1403.13;0.0
779100001685;SKU-11684;SANCOR LECHE DESCREMADA 1000 CC;Sancor;1000 cc;1304.22;10.0
779100001686;SKU-11685;LA SERENÍSIMA YOGUR BEBIBLE FRUTILLA 1000 GR;La Serenísima;1000 gr;2386.78;5.0
779100001687;SKU-11686;SAN IGNACIO DULCE DE LECHE CLASICO 400 G;San Ignacio;400 g;2404.74;0.0
779100001688;SKU-11687;NATURA ACEITE GIRASOL 900 ML;Natura;900 ml;2342.86;10.0
779100001689;SKU-11688;COCINERO ACEITE MEZCLA 900 ML;Cocinero;900 ml;1815.86;10.0
779100001690;SKU-11689;GALLO ARROZ LARGO FINO 1000 GR;Gallo;1000 gr;1725.71;0.0
779100001691;SKU-11690;MATARAZZO FIDEOS GUISEROS 500 G;Matarazzo;500 g;843.11;0.0
779100001692;SKU-11691;LUCCHETTI FIDEOS TALLARINES 500 G;Lucchetti;500 g;702.02;10.0
779100001693;SKU-11692;MAROLIO PURE DE TOMATE 520 G;Marolio;520 g;831.96;10.0
779100001694;SKU-11693;HELLMANNS MAYONESA CLASICA 475 G;Hellmanns;475 g;2788.85;5.0
779100001695;SKU-11694;ARCOR GALLETITAS DULCES 120 G;Arcor;120 g;1199.54;5.0
779100001696;SKU-11695;TERRABUSI GALLETITAS DE AGUA 100 G;Terrabusi;100 g;1066.6;10.0
779100001697;SKU-11696;HEAD & SHOULDERS SHAMPOO ANTICASPA 400 ML;Head & Shoulders;400 ml;5132.48;5.0
779100001698;SKU-11697;PANTENE ACONDICIONADOR BRILLO 400 ML;Pantene;400 ml;4362.3;0.0
779100001699;SKU-11698;REXONA DESODORANTE AEROSOL 150 ML;Rexona;150 ml;3213.9;0.0
779100001700;SKU-11699;COLGATE CREMA DENTAL TRIPLE ACCION 70 G;Colgate;70 g;1711.16;5.0
779100001701;SKU-11700;COCA-COLA GASEOSA COLA 2250 ML;Coca-Cola;2250 ml;5087.28;0.0
779100001702;SKU-11701;SPRITE GASEOSA LIMA LIMON 2250 ML;Sprite;2250 ml;4695.13;0.0
779100001703;SKU-11702;QUILMES CERVEZA RUBIA 1000 CC;Quilmes;1000 cc;2186.2;0.0
779100001704;SKU-11703;LA SERENÍSIMA LECHE ENTERA 1000 ML;La Serenísima;1000 ml;1496.29;5.0
779100001705;SKU-11704;SANCOR LECHE DESCREMADA 1000 ML;Sancor;1000 ml;1454.42;5.0
779100001706;SKU-11705;LA SERENÍSIMA YOGUR BEBIBLE FRUTILLA 1000 G;La Serenísima;1000 g;2035.56;10.0
779100001707;SKU-11706;SAN IGNACIO DULCE DE LECHE CLASICO 400 GR;San Ignacio;400 gr;2588.14;10.0
779100001708;SKU-11707;NATURA ACEITE GIRASOL 1500 ML;Natura;1500 ml;3136.52;5.0
779100001709;SKU-11708;COCINERO ACEITE MEZCLA 1500 ML;Cocinero;1500 ml;2291.86;0.0
779100001710;SKU-11709;GALLO ARROZ LARGO FINO 1000 G;Gallo;1000 g;1653.08;0.0
779100001711;SKU-11710;MATARAZZO FIDEOS GUISEROS 500 GR;Matarazzo;500 gr;850.62;5.0
779100001712;SKU-11711;LUCCHETTI FIDEOS TALLARINES 500 GR;Lucchetti;500 gr;726.04;10.0
779100001713;SKU-11712;MAROLIO PURE DE TOMATE 520 GR;Marolio;520 gr;891.45;5.0
779100001714;SKU-11713;HELLMANNS MAYONESA CLASICA 500 G;Hellmanns;500 g;1597.46;10.0
779100001715;SKU-11714;ARCOR GALLETITAS DULCES 160 G;Arcor;160 g;1202.78;0.0
779100001716;SKU-11715;TERRABUSI GALLETITAS DE AGUA 300 G;Terrabusi;300 g;941.61;10.0
779100001717;SKU-11716;HEAD & SHOULDERS SHAMPOO ANTICASPA 200 ML;Head & Shoulders;200 ml;1871.47;0.0
779100001718;SKU-11717;PANTENE ACONDICIONADOR BRILLO 200 ML;Pantene;200 ml;2108.88;5.0
779100001719;SKU-11718;REXONA DESODORANTE AEROSOL 150 CC;Rexona;150 cc;2525.19;0.0
779100001720;SKU-11719;COLGATE CREMA DENTAL TRIPLE ACCION 90 G;Colgate;90 g;1902.93;5.0
779100001721;SKU-11720;COCA-COLA GASEOSA COLA 2.25L;Coca-Cola;2.25L;4941.03;10.0
779100001722;SKU-11721;SPRITE GASEOSA LIMA LIMON 1500 ML;Sprite;1500 ml;3420.76;5.0
779100001723;SKU-11722;QUILMES CERVEZA RUBIA 1000 CC;Quilmes;1000 cc;2142.86;10.0
779100001724;SKU-11723;LA SERENÍSIMA LECHE ENTERA SACHET 1L;La Serenísima;Sachet 1L;1574.28;5.0
779100001725;SKU-11724;SANCOR LECHE DESCREMADA TETRA 1L;Sancor;Tetra 1L;1509.08;5.0
779100001726;SKU-11725;LA SERENÍSIMA YOGUR BEBIBLE FRUTILLA 1000 GR;La Serenísima;1000 gr;2019.79;10.0
779100001727;SKU-11726;SAN IGNACIO DULCE DE LECHE CLASICO 1000 GR;San Ignacio;1000 gr;2714.69;10.0
779100001728;SKU-11727;NATURA ACEITE GIRASOL 1500 ML;Natura;1500 ml;3160.3;0.0
779100001729;SKU-11728;COCINERO ACEITE MEZCLA 1500 ML;Cocinero;1500 ml;2694.26;5.0
779100001730;SKU-11729;GALLO ARROZ LARGO FINO 1000 GR;Gallo;1000 gr;1891.78;5.0
779100001731;SKU-11730;MATARAZZO FIDEOS GUISEROS 1000 GR;Matarazzo;1000 gr;1242.07;10.0
779100001732;SKU-11731;LUCCHETTI FIDEOS TALLARINES 500 G;Lucchetti;500 g;740.09;0.0
779100001733;SKU-11732;MAROLIO PURE DE TOMATE TETRA 520G;Marolio;Tetra 520g;772.34;5.0
779100001734;SKU-11733;HELLMANNS MAYONESA CLASICA 950 G;Hellmanns;950 g;2138.12;10.0
779100001735;SKU-11734;ARCOR GALLETITAS DULCES PACK X3;Arcor;Pack x3;2891.09;0.0
779100001736;SKU-11735;TERRABUSI GALLETITAS DE AGUA PACK X3 300G;Terrabusi;Pack x3 300g;2525.01;5.0
779100001737;SKU-11736;HEAD & SHOULDERS SHAMPOO ANTICASPA 750 ML;Head & Shoulders;750 ml;4255.45;10.0
779100001738;SKU-11737;PANTENE ACONDICIONADOR BRILLO 400 ML;Pantene;400 ml;4884.25;10.0
779100001739;SKU-11738;REXONA DESODORANTE AEROSOL PACK X2;Rexona;Pack x2;7506.65;0.0
779100001740;SKU-11739;COLGATE CREMA DENTAL TRIPLE ACCION 140 G;Colgate;140 g;2088.19;5.0
779100001741;SKU-11740;COCA-COLA GASEOSA COLA 1500 ML;Coca-Cola;1500 ml;4038.32;0.0
779100001742;SKU-11741;SPRITE GASEOSA LIMA LIMON 500 ML;Sprite;500 ml;1543.93;10.0
779100001743;SKU-11742;QUILMES CERVEZA RUBIA 473 ML;Quilmes;473 ml;1349.27;0.0
779100001744;SKU-11743;LA SERENÍSIMA LECHE ENTERA TETRA 1L;La Serenísima;Tetra 1L;1507.85;10.0
779100001745;SKU-11744;SANCOR LECHE DESCREMADA 1000 CC;Sancor;1000 cc;1498.7;10.0
779100001746;SKU-11745;LA SERENÍSIMA YOGUR BEBIBLE FRUTILLA 180 G;La Serenísima;180 g;2055.9;10.0
779100001747;SKU-11746;SAN IGNACIO DULCE DE LECHE CLASICO 1000 G;San Ignacio;1000 g;2816.91;5.0
779100001748;SKU-11747;NATURA ACEITE GIRASOL 3 L;Natura;3 l;2537.11;0.0
779100001749;SKU-11748;COCINERO ACEITE MEZCLA 900 ML;Cocinero;900 ml;1565.3;0.0
779100001750;SKU-11749;GALLO ARROZ LARGO FINO 500 G;Gallo;500 g;1158.66;10.0
779100001751;SKU-11750;MATARAZZO FIDEOS GUISEROS 500 G;Matarazzo;500 g;724.71;10.0
779100001752;SKU-11751;LUCCHETTI FIDEOS TALLARINES 500 GR;Lucchetti;500 gr;724.61;0.0
779100001753;SKU-11752;MAROLIO PURE DE TOMATE 520 G;Marolio;520 g;840.7;10.0
779100001754;SKU-11753;HELLMANNS MAYONESA CLASICA 1000 GR;Hellmanns;1000 gr;2908.02;10.0
779100001755;SKU-11754;ARCOR GALLETITAS DULCES 300 G;Arcor;300 g;1005.09;5.0
779100001756;SKU-11755;TERRABUSI GALLETITAS DE AGUA 100 G;Terrabusi;100 g;953.76;0.0
779100001757;SKU-11756;HEAD & SHOULDERS SHAMPOO ANTICASPA 400 ML;Head & Shoulders;400 ml;4172.86;5.0
779100001758;SKU-11757;PANTENE ACONDICIONADOR BRILLO 200 ML;Pantene;200 ml;2024.87;0.0
779100001759;SKU-11758;REXONA DESODORANTE AEROSOL 150 ML;Rexona;150 ml;2572.19;0.0
779100001760;SKU-11759;COLGATE CREMA DENTAL TRIPLE ACCION 70 G;Colgate;70 g;1904.17;10.0
779100001761;SKU-11760;COCA-COLA GASEOSA COLA 500 ML;Coca-Cola;500 ml;1853.53;5.0
779100001762;SKU-11761;SPRITE GASEOSA LIMA LIMON 2250 ML;Sprite;2250 ml;4793.1;0.0
779100001763;SKU-11762;QUILMES CERVEZA RUBIA 710 ML;Quilmes;710 ml;2165.19;0.0
779100001764;SKU-11763;LA SERENÍSIMA LECHE ENTERA 1000 CC;La Serenísima;1000 cc;1302.58;10.0
779100001765;SKU-11764;SANCOR LECHE DESCREMADA 1000 ML;Sancor;1000 ml;1404.7;0.0
779100001766;SKU-11765;LA SERENÍSIMA YOGUR BEBIBLE FRUTILLA 1000 GR;La Serenísima;1000 gr;2009.36;5.0
779100001767;SKU-11766;SAN IGNACIO DULCE DE LECHE CLASICO 400 G;San Ignacio;400 g;2504.55;10.0
779100001768;SKU-11767;NATURA ACEITE GIRASOL 900 ML;Natura;900 ml;2430.29;10.0
779100001769;SKU-11768;COCINERO ACEITE MEZCLA 1500 ML;Cocinero;1500 ml;2778.92;10.0
779100001770;SKU-11769;GALLO ARROZ LARGO FINO 1000 GR;Gallo;1000 gr;1911.84;5.0
779100001771;SKU-11770;MATARAZZO FIDEOS GUISEROS 500 GR;Matarazzo;500 gr;706.24;0.0
779100001772;SKU-11771;LUCCHETTI FIDEOS TALLARINES 500 G;Lucchetti;500 g;723.07;5.0
779100001773;SKU-11772;MAROLIO PURE DE TOMATE 520 GR;Marolio;520 gr;896.18;10.0
779100001774;SKU-11773;HELLMANNS MAYONESA CLASICA 475 G;Hellmanns;475 g;2806.52;10.0
779100001775;SKU-11774;ARCOR GALLETITAS DULCES 120 G;Arcor;120 g;1004.1;10.0
779100001776;SKU-11775;TERRABUSI GALLETITAS DE AGUA 300 G;Terrabusi;300 g;1051.86;0.0
779100001777;SKU-11776;HEAD & SHOULDERS SHAMPOO ANTICASPA 200 ML;Head & Shoulders;200 ml;2182.9;0.0
779100001778;SKU-11777;PANTENE ACONDICIONADOR BRILLO 400 ML;Pantene;400 ml;4024.07;0.0
779100001779;SKU-11778;REXONA DESODORANTE AEROSOL 150 CC;Rexona;150 cc;3135.35;10.0
779100001780;SKU-11779;COLGATE CREMA DENTAL TRIPLE ACCION 90 G;Colgate;90 g;1788.58;0.0
779100001781;SKU-11780;COCA-COLA GASEOSA COLA 354 ML;Coca-Cola;354 ml;1319.6;10.0
779100001782;SKU-11781;SPRITE GASEOSA LIMA LIMON 2250 ML;Sprite;2250 ml;5246.25;0.0
779100001783;SKU-11782;QUILMES CERVEZA RUBIA PACK X6;Quilmes;Pack x6;10979.92;0.0
779100001784;SKU-11783;LA SERENÍSIMA LECHE ENTERA 1000 ML;La Serenísima;1000 ml;1460.28;0.0
779100001785;SKU-11784;SANCOR LECHE DESCREMADA TETRA 1L;Sancor;Tetra 1L;1429.54;10.0
779100001786;SKU-11785;LA SERENÍSIMA YOGUR BEBIBLE FRUTILLA 1000 G;La Serenísima;1000 g;1970.96;5.0
779100001787;SKU-11786;SAN IGNACIO DULCE DE LECHE CLASICO 400 GR;San Ignacio;400 gr;2386.0;5.0
779100001788;SKU-11787;NATURA ACEITE GIRASOL 1500 ML;Natura;1500 ml;3217.49;0.0
779100001789;SKU-11788;COCINERO ACEITE MEZCLA 1500 ML;Cocinero;1500 ml;2226.73;10.0
779100001790;SKU-11789;GALLO ARROZ LARGO FINO 1000 G;Gallo;1000 g;2006.02;5.0
779100001791;SKU-11790;MATARAZZO FIDEOS GUISEROS 1000 GR;Matarazzo;1000 gr;1227.8;0.0
779100001792;SKU-11791;LUCCHETTI FIDEOS TALLARINES 500 GR;Lucchetti;500 gr;804.83;5.0
779100001793;SKU-11792;MAROLIO PURE DE TOMATE TETRA 520G;Marolio;Tetra 520g;828.76;10.0
779100001794;SKU-11793;HELLMANNS MAYONESA CLASICA 500 G;Hellmanns;500 g;1619.55;10.0
779100001795;SKU-11794;ARCOR GALLETITAS DULCES 160 G;Arcor;160 g;1257.94;10.0
779100001796;SKU-11795;TERRABUSI GALLETITAS DE AGUA PACK X3 300G;Terrabusi;Pack x3 300g;2686.1;0.0
779100001797;SKU-11796;HEAD & SHOULDERS SHAMPOO ANTICASPA 750 ML;Head & Shoulders;750 ml;4821.55;10.0
779100001798;SKU-11797;PANTENE ACONDICIONADOR BRILLO 200 ML;Pantene;200 ml;2158.34;5.0
779100001799;SKU-11798;REXONA DESODORANTE AEROSOL PACK X2;Rexona;Pack x2;7562.48;0.0
779100001800;SKU-11799;COLGATE CREMA DENTAL TRIPLE ACCION 140 G;Colgate;140 g;1823.18;10.0
779100001801;SKU-11800;COCA-COLA GASEOSA COLA 2250 ML;Coca-Cola;2250 ml;5783.73;0.0
779100001802;SKU-11801;SPRITE GASEOSA LIMA LIMON 1500 ML;Sprite;1500 ml;3942.08;5.0
779100001803;SKU-11802;QUILMES CERVEZA RUBIA 1000 CC;Quilmes;1000 cc;2442.09;5.0
779100001804;SKU-11803;LA SERENÍSIMA LECHE ENTERA SACHET 1L;La Serenísima;Sachet 1L;1276.93;10.0
779100001805;SKU-11804;SANCOR LECHE DESCREMADA 1000 CC;Sancor;1000 cc;1260.26;10.0
779100001806;SKU-11805;LA SERENÍSIMA YOGUR BEBIBLE FRUTILLA 1000 GR;La Serenísima;1000 gr;2352.98;5.0
779100001807;SKU-11806;SAN IGNACIO DULCE DE LECHE CLASICO 1000 GR;San Ignacio;1000 gr;2728.25;5.0
779100001808;SKU-11807;NATURA ACEITE GIRASOL 1500 ML;Natura;1500 ml;2900.36;0.0
779100001809;SKU-11808;COCINERO ACEITE MEZCLA 900 ML;Cocinero;900 ml;1667.41;5.0
779100001810;SKU-11809;GALLO ARROZ LARGO FINO 1000 GR;Gallo;1000 gr;1929.55;0.0
779100001811;SKU-11810;MATARAZZO FIDEOS GUISEROS 500 G;Matarazzo;500 g;749.36;10.0
779100001812;SKU-11811;LUCCHETTI FIDEOS TALLARINES 500 G;Lucchetti;500 g;684.46;0.0
779100001813;SKU-11812;MAROLIO PURE DE TOMATE 520 G;Marolio;520 g;879.33;0.0
779100001814;SKU-11813;HELLMANNS MAYONESA CLASICA 950 G;Hellmanns;950 g;2628.7;5.0
779100001815;SKU-11814;ARCOR GALLETITAS DULCES PACK X3;Arcor;Pack x3;3190.01;5.0
779100001816;SKU-11815;TERRABUSI GALLETITAS DE AGUA 100 G;Terrabusi;100 g;858.23;5.0
779100001817;SKU-11816;HEAD & SHOULDERS SHAMPOO ANTICASPA 400 ML;Head & Shoulders;400 ml;4861.69;0.0
779100001818;SKU-11817;PANTENE ACONDICIONADOR BRILLO 400 ML;Pantene;400 ml;4201.38;10.0
779100001819;SKU-11818;REXONA DESODORANTE AEROSOL 150 ML;Rexona;150 ml;2876.58;5.0
779100001820;SKU-11819;COLGATE CREMA DENTAL TRIPLE ACCION 70 G;Colgate;70 g;1734.25;0.0
779100001821;SKU-11820;COCA-COLA GASEOSA COLA 2250 ML;Coca-Cola;2250 ml;5426.68;10.0
779100001822;SKU-11821;SPRITE GASEOSA LIMA LIMON 500 ML;Sprite;500 ml;1597.3;0.0
779100001823;SKU-11822;QUILMES CERVEZA RUBIA 1000 CC;Quilmes;1000 cc;2088.87;0.0
779100001824;SKU-11823;LA SERENÍSIMA LECHE ENTERA TETRA 1L;La Serenísima;Tetra 1L;1276.1;10.0
779100001825;SKU-11824;SANCOR LECHE DESCREMADA 1000 ML;Sancor;1000 ml;1410.71;5.0
779100001826;SKU-11825;LA SERENÍSIMA YOGUR BEBIBLE FRUTILLA 180 G;La Serenísima;180 g;2164.91;10.0
779100001827;SKU-11826;SAN IGNACIO DULCE DE LECHE CLASICO 1000 G;San Ignacio;1000 g;2828.01;0.0
779100001828;SKU-11827;NATURA ACEITE GIRASOL 3 L;Natura;3 l;2598.4;0.0
779100001829;SKU-11828;COCINERO ACEITE MEZCLA 1500 ML;Cocinero;1500 ml;2435.42;0.0
779100001830;SKU-11829;GALLO ARROZ LARGO FINO 500 G;Gallo;500 g;1053.44;5.0
779100001831;SKU-11830;MATARAZZO FIDEOS GUISEROS 500 GR;Matarazzo;500 gr;801.23;0.0
779100001832;SKU-11831;LUCCHETTI FIDEOS TALLARINES 500 GR;Lucchetti;500 gr;678.18;10.0
779100001833;SKU-11832;MAROLIO PURE DE TOMATE 520 GR;Marolio;520 gr;806.89;5.0
779100001834;SKU-11833;HELLMANNS MAYONESA CLASICA 1000 GR;Hellmanns;1000 gr;2527.83;10.0
779100001835;SKU-11834;ARCOR GALLETITAS DULCES 300 G;Arcor;300 g;1245.96;5.0
779100001836;SKU-11835;TERRABUSI GALLETITAS DE AGUA 300 G;Terrabusi;300 g;974.9;0.0
779100001837;SKU-11836;HEAD & SHOULDERS SHAMPOO ANTICASPA 200 ML;Head & Shoulders;200 ml;2075.25;10.0
779100001838;SKU-11837;PANTENE ACONDICIONADOR BRILLO 200 ML;Pantene;200 ml;2060.46;10.0
779100001839;SKU-11838;REXONA DESODORANTE AEROSOL 150 CC;Rexona;150 cc;2608.97;10.0
779100001840;SKU-11839;COLGATE CREMA DENTAL TRIPLE ACCION 90 G;Colgate;90 g;1947.78;10.0
779100001841;SKU-11840;COCA-COLA GASEOSA COLA 2.25L;Coca-Cola;2.25L;4561.37;10.0
779100001842;SKU-11841;SPRITE GASEOSA LIMA LIMON 2250 ML;Sprite;2250 ml;4774.97;0.0
779100001843;SKU-11842;QUILMES CERVEZA RUBIA 473 ML;Quilmes;473 ml;1422.45;10.0
779100001844;SKU-11843;LA SERENÍSIMA LECHE ENTERA 1000 CC;La Serenísima;1000 cc;1276.99;0.0
779100001845;SKU-11844;SANCOR LECHE DESCREMADA TETRA 1L;Sancor;Tetra 1L;1294.14;5.0
779100001846;SKU-11845;LA SERENÍSIMA YOGUR BEBIBLE FRUTILLA 1000 GR;La Serenísima;1000 gr;2341.01;10.0
779100001847;SKU-11846;SAN IGNACIO DULCE DE LECHE CLASICO 400 G;San Ignacio;400 g;2414.8;0.0
779100001848;SKU-11847;NATURA ACEITE GIRASOL 900 ML;Natura;900 ml;2233.03;10.0
779100001849;SKU-11848;COCINERO ACEITE MEZCLA 1500 ML;Cocinero;1500 ml;2317.61;0.0
779100001850;SKU-11849;GALLO ARROZ LARGO FINO 1000 GR;Gallo;1000 gr;1640.3;5.0
779100001851;SKU-11850;MATARAZZO FIDEOS GUISEROS 1000 GR;Matarazzo;1000 gr;1277.27;10.0
779100001852;SKU-11851;LUCCHETTI FIDEOS TALLARINES 500 G;Lucchetti;500 g;861.62;5.0
779100001853;SKU-11852;MAROLIO PURE DE TOMATE TETRA 520G;Marolio;Tetra 520g;842.67;10.0
779100001854;SKU-11853;HELLMANNS MAYONESA CLASICA 475 G;Hellmanns;475 g;2738.61;5.0
779100001855;SKU-11854;ARCOR GALLETITAS DULCES 120 G;Arcor;120 g;1156.42;5.0
779100001856;SKU-11855;TERRABUSI GALLETITAS DE AGUA PACK X3 300G;Terrabusi;Pack x3 300g;2834.32;0.0
779100001857;SKU-11856;HEAD & SHOULDERS SHAMPOO ANTICASPA 750 ML;Head & Shoulders;750 ml;4516.96;5.0
779100001858;SKU-11857;PANTENE ACONDICIONADOR BRILLO 400 ML;Pantene;400 ml;4060.34;0.0
779100001859;SKU-11858;REXONA DESODORANTE AEROSOL PACK X2;Rexona;Pack x2;8247.59;0.0
779100001860;SKU-11859;COLGATE CREMA DENTAL TRIPLE ACCION 140 G;Colgate;140 g;2083.15;10.0
779100001861;SKU-11860;COCA-COLA GASEOSA COLA 1500 ML;Coca-Cola;1500 ml;3666.49;5.0
779100001862;SKU-11861;SPRITE GASEOSA LIMA LIMON 2250 ML;Sprite;2250 ml;4679.9;5.0
779100001863;SKU-11862;QUILMES CERVEZA RUBIA 710 ML;Quilmes;710 ml;2491.89;0.0
779100001864;SKU-11863;LA SERENÍSIMA LECHE ENTERA 1000 ML;La Serenísima;1000 ml;1398.28;0.0
779100001865;SKU-11864;SANCOR LECHE DESCREMADA 1000 CC;Sancor;1000 cc;1376.82;5.0
779100001866;SKU-11865;LA SERENÍSIMA YOGUR BEBIBLE FRUTILLA 1000 G;La Serenísima;1000 g;2358.86;10.0
779100001867;SKU-11866;SAN IGNACIO DULCE DE LECHE CLASICO 400 GR;San Ignacio;400 gr;2678.1;5.0
779100001868;SKU-11867;NATURA ACEITE GIRASOL 1500 ML;Natura;1500 ml;2977.94;0.0
779100001869;SKU-11868;COCINERO ACEITE MEZCLA 900 ML;Cocinero;900 ml;1821.76;10.0
779100001870;SKU-11869;GALLO ARROZ LARGO FINO 1000 G;Gallo;1000 g;1851.81;5.0
779100001871;SKU-11870;MATARAZZO FIDEOS GUISEROS 500 G;Matarazzo;500 g;815.41;10.0
779100001872;SKU-11871;LUCCHETTI FIDEOS TALLARINES 500 GR;Lucchetti;500 gr;853.99;0.0
779100001873;SKU-11872;MAROLIO PURE DE TOMATE 520 G;Marolio;520 g;917.25;0.0
779100001874;SKU-11873;HELLMANNS MAYONESA CLASICA 500 G;Hellmanns;500 g;1689.39;5.0
779100001875;SKU-11874;ARCOR GALLETITAS DULCES 160 G;Arcor;160 g;1243.93;5.0
779100001876;SKU-11875;TERRABUSI GALLETITAS DE AGUA 100 G;Terrabusi;100 g;923.19;0.0
779100001877;SKU-11876;HEAD & SHOULDERS SHAMPOO ANTICASPA 400 ML;Head & Shoulders;400 ml;4893.6;5.0
779100001878;SKU-11877;PANTENE ACONDICIONADOR BRILLO 200 ML;Pantene;200 ml;2110.22;5.0
779100001879;SKU-11878;REXONA DESODORANTE AEROSOL 150 ML;Rexona;150 ml;2548.35;5.0
779100001880;SKU-11879;COLGATE CREMA DENTAL TRIPLE ACCION 70 G;Colgate;70 g;1906.74;10.0
779100001881;SKU-11880;COCA-COLA GASEOSA COLA 500 ML;Coca-Cola;500 ml;1768.35;0.0
779100001882;SKU-11881;SPRITE GASEOSA LIMA LIMON 1500 ML;Sprite;1500 ml;3767.48;5.0
779100001883;SKU-11882;QUILMES CERVEZA RUBIA PACK X6;Quilmes;Pack x6;12964.96;0.0
779100001884;SKU-11883;LA SERENÍSIMA LECHE ENTERA SACHET 1L;La Serenísima;Sachet 1L;1487.48;0.0
779100001885;SKU-11884;SANCOR LECHE DESCREMADA 1000 ML;Sancor;1000 ml;1226.17;10.0
779100001886;SKU-11885;LA SERENÍSIMA YOGUR BEBIBLE FRUTILLA 1000 GR;La Serenísima;1000 gr;2304.45;5.0
779100001887;SKU-11886;SAN IGNACIO DULCE DE LECHE CLASICO 1000 GR;San Ignacio;1000 gr;2536.77;5.0
779100001888;SKU-11887;NATURA ACEITE GIRASOL 1500 ML;Natura;1500 ml;2822.67;5.0
779100001889;SKU-11888;COCINERO ACEITE MEZCLA 1500 ML;Cocinero;1500 ml;2804.24;10.0
779100001890;SKU-11889;GALLO ARROZ LARGO FINO 1000 GR;Gallo;1000 gr;1840.27;0.0
779100001891;SKU-11890;MATARAZZO FIDEOS GUISEROS 500 GR;Matarazzo;500 gr;743.91;10.0
779100001892;SKU-11891;LUCCHETTI FIDEOS TALLARINES 500 G;Lucchetti;500 g;845.81;0.0
779100001893;SKU-11892;MAROLIO PURE DE TOMATE 520 GR;Marolio;520 gr;828.33;5.0
779100001894;SKU-11893;HELLMANNS MAYONESA CLASICA 950 G;Hellmanns;950 g;2395.1;10.0
779100001895;SKU-11894;ARCOR GALLETITAS DULCES PACK X3;Arcor;Pack x3;2801.1;5.0
779100001896;SKU-11895;TERRABUSI GALLETITAS DE AGUA 300 G;Terrabusi;300 g;1008.18;10.0
779100001897;SKU-11896;HEAD & SHOULDERS SHAMPOO ANTICASPA 200 ML;Head & Shoulders;200 ml;1944.92;5.0
779100001898;SKU-11897;PANTENE ACONDICIONADOR BRILLO 400 ML;Pantene;400 ml;4869.7;0.0
779100001899;SKU-11898;REXONA DESODORANTE AEROSOL 150 CC;Rexona;150 cc;2967.95;0.0
779100001900;SKU-11899;COLGATE CREMA DENTAL TRIPLE ACCION 90 G;Colgate;90 g;2136.68;0.0
779100001901;SKU-11900;COCA-COLA GASEOSA COLA 354 ML;Coca-Cola;354 ml;1302.83;5.0
779100001902;SKU-11901;SPRITE GASEOSA LIMA LIMON 500 ML;Sprite;500 ml;1599.35;5.0
779100001903;SKU-11902;QUILMES CERVEZA RUBIA 1000 CC;Quilmes;1000 cc;2171.29;0.0
779100001904;SKU-11903;LA SERENÍSIMA LECHE ENTERA TETRA 1L;La Serenísima;Tetra 1L;1465.67;0.0
779100001905;SKU-11904;SANCOR LECHE DESCREMADA TETRA 1L;Sancor;Tetra 1L;1460.44;10.0
779100001906;SKU-11905;LA SERENÍSIMA YOGUR BEBIBLE FRUTILLA 180 G;La Serenísima;180 g;2034.86;10.0
779100001907;SKU-11906;SAN IGNACIO DULCE DE LECHE CLASICO 1000 G;San Ignacio;1000 g;2303.25;10.0
779100001908;SKU-11907;NATURA ACEITE GIRASOL 3 L;Natura;3 l;2579.33;10.0
779100001909;SKU-11908;COCINERO ACEITE MEZCLA 1500 ML;Cocinero;1500 ml;2832.9;10.0
779100001910;SKU-11909;GALLO ARROZ LARGO FINO 500 G;Gallo;500 g;1143.42;5.0
779100001911;SKU-11910;MATARAZZO FIDEOS GUISEROS 1000 GR;Matarazzo;1000 gr;1330.6;5.0
779100001912;SKU-11911;LUCCHETTI FIDEOS TALLARINES 500 GR;Lucchetti;500 gr;805.49;5.0
779100001913;SKU-11912;MAROLIO PURE DE TOMATE TETRA 520G;Marolio;Tetra 520g;809.38;0.0
779100001914;SKU-11913;HELLMANNS MAYONESA CLASICA 1000 GR;Hellmanns;1000 gr;2615.97;10.0
779100001915;SKU-11914;ARCOR GALLETITAS DULCES 300 G;Arcor;300 g;997.91;0.0
779100001916;SKU-11915;TERRABUSI GALLETITAS DE AGUA PACK X3 300G;Terrabusi;Pack x3 300g;2598.31;0.0
779100001917;SKU-11916;HEAD & SHOULDERS SHAMPOO ANTICASPA 750 ML;Head & Shoulders;750 ml;4944.1;0.0
779100001918;SKU-11917;PANTENE ACONDICIONADOR BRILLO 200 ML;Pantene;200 ml;2148.49;5.0
779100001919;SKU-11918;REXONA DESODORANTE AEROSOL PACK X2;Rexona;Pack x2;7188.24;10.0
779100001920;SKU-11919;COLGATE CREMA DENTAL TRIPLE ACCION 140 G;Colgate;140 g;2166.95;5.0
779100001921;SKU-11920;COCA-COLA GASEOSA COLA 2250 ML;Coca-Cola;2250 ml;5774.35;10.0
779100001922;SKU-11921;SPRITE GASEOSA LIMA LIMON 2250 ML;Sprite;2250 ml;4895.7;10.0
779100001923;SKU-11922;QUILMES CERVEZA RUBIA 1000 CC;Quilmes;1000 cc;2136.29;5.0
779100001924;SKU-11923;LA SERENÍSIMA LECHE ENTERA 1000 CC;La Serenísima;1000 cc;1545.76;5.0
779100001925;SKU-11924;SANCOR LECHE DESCREMADA 1000 CC;Sancor;1000 cc;1492.68;10.0
779100001926;SKU-11925;LA SERENÍSIMA YOGUR BEBIBLE FRUTILLA 1000 GR;La Serenísima;1000 gr;2399.3;5.0
779100001927;SKU-11926;SAN IGNACIO DULCE DE LECHE CLASICO 400 G;San Ignacio;400 g;2837.61;0.0
779100001928;SKU-11927;NATURA ACEITE GIRASOL 900 ML;Natura;900 ml;2125.1;10.0
779100001929;SKU-11928;COCINERO ACEITE MEZCLA 900 ML;Cocinero;900 ml;1704.63;10.0
779100001930;SKU-11929;GALLO ARROZ LARGO FINO 1000 GR;Gallo;1000 gr;1835.81;10.0
779100001931;SKU-11930;MATARAZZO FIDEOS GUISEROS 500 G;Matarazzo;500 g;796.84;0.0
779100001932;SKU-11931;LUCCHETTI FIDEOS TALLARINES 500 G;Lucchetti;500 g;850.3;5.0
779100001933;SKU-11932;MAROLIO PURE DE TOMATE 520 G;Marolio;520 g;915.41;5.0
779100001934;SKU-11933;HELLMANNS MAYONESA CLASICA 475 G;Hellmanns;475 g;2684.77;5.0
779100001935;SKU-11934;ARCOR GALLETITAS DULCES 120 G;Arcor;120 g;1095.65;5.0
779100001936;SKU-11935;TERRABUSI GALLETITAS DE AGUA 100 G;Terrabusi;100 g;895.61;5.0
779100001937;SKU-11936;HEAD & SHOULDERS SHAMPOO ANTICASPA 400 ML;Head & Shoulders;400 ml;5096.42;5.0
779100001938;SKU-11937;PANTENE ACONDICIONADOR BRILLO 400 ML;Pantene;400 ml;4114.27;0.0
779100001939;SKU-11938;REXONA DESODORANTE AEROSOL 150 ML;Rexona;150 ml;3027.03;0.0
779100001940;SKU-11939;COLGATE CREMA DENTAL TRIPLE ACCION 70 G;Colgate;70 g;2109.96;0.0
779100001941;SKU-11940;COCA-COLA GASEOSA COLA 2250 ML;Coca-Cola;2250 ml;5178.7;0.0
779100001942;SKU-11941;SPRITE GASEOSA LIMA LIMON 2250 ML;Sprite;2250 ml;4596.11;0.0
779100001943;SKU-11942;QUILMES CERVEZA RUBIA 473 ML;Quilmes;473 ml;1337.24;10.0
779100001944;SKU-11943;LA SERENÍSIMA LECHE ENTERA 1000 ML;La Serenísima;1000 ml;1309.85;0.0
779100001945;SKU-11944;SANCOR LECHE DESCREMADA 1000 ML;Sancor;1000 ml;1283.81;0.0
779100001946;SKU-11945;LA SERENÍSIMA YOGUR BEBIBLE FRUTILLA 1000 G;La Serenísima;1000 g;2332.33;0.0
779100001947;SKU-11946;SAN IGNACIO DULCE DE LECHE CLASICO 400 GR;San Ignacio;400 gr;2521.87;10.0
779100001948;SKU-11947;NATURA ACEITE GIRASOL 1500 ML;Natura;1500 ml;3558.91;5.0
779100001949;SKU-11948;COCINERO ACEITE MEZCLA 1500 ML;Cocinero;1500 ml;2456.31;5.0
779100001950;SKU-11949;GALLO ARROZ LARGO FINO 1000 G;Gallo;1000 g;1634.75;0.0
779100001951;SKU-11950;MATARAZZO FIDEOS GUISEROS 500 GR;Matarazzo;500 gr;778.6;5.0
779100001952;SKU-11951;LUCCHETTI FIDEOS TALLARINES 500 GR;Lucchetti;500 gr;820.77;5.0
779100001953;SKU-11952;MAROLIO PURE DE TOMATE 520 GR;Marolio;520 gr;913.92;0.0
779100001954;SKU-11953;HELLMANNS MAYONESA CLASICA 500 G;Hellmanns;500 g;1705.05;5.0
779100001955;SKU-11954;ARCOR GALLETITAS DULCES 160 G;Arcor;160 g;1027.86;5.0
779100001956;SKU-11955;TERRABUSI GALLETITAS DE AGUA 300 G;Terrabusi;300 g;855.97;0.0
779100001957;SKU-11956;HEAD & SHOULDERS SHAMPOO ANTICASPA 200 ML;Head & Shoulders;200 ml;2137.87;0.0
779100001958;SKU-11957;PANTENE ACONDICIONADOR BRILLO 200 ML;Pantene;200 ml;1848.65;5.0
779100001959;SKU-11958;REXONA DESODORANTE AEROSOL 150 CC;Rexona;150 cc;2959.77;0.0
779100001960;SKU-11959;COLGATE CREMA DENTAL TRIPLE ACCION 90 G;Colgate;90 g;1787.07;10.0
779100001961;SKU-11960;COCA-COLA GASEOSA COLA 2.25L;Coca-Cola;2.25L;4914.25;0.0
779100001962;SKU-11961;SPRITE GASEOSA LIMA LIMON 1500 ML;Sprite;1500 ml;3928.71;5.0
779100001963;SKU-11962;QUILMES CERVEZA RUBIA 710 ML;Quilmes;710 ml;2351.13;10.0
779100001964;SKU-11963;LA SERENÍSIMA LECHE ENTERA SACHET 1L;La Serenísima;Sachet 1L;1459.79;5.0
779100001965;SKU-11964;SANCOR LECHE DESCREMADA TETRA 1L;Sancor;Tetra 1L;1266.9;5.0
779100001966;SKU-11965;LA SERENÍSIMA YOGUR BEBIBLE FRUTILLA 1000 GR;La Serenísima;1000 gr;2119.22;10.0
779100001967;SKU-11966;SAN IGNACIO DULCE DE LECHE CLASICO 1000 GR;San Ignacio;1000 gr;2287.3;0.0
779100001968;SKU-11967;NATURA ACEITE GIRASOL 1500 ML;Natura;1500 ml;3584.34;0.0
779100001969;SKU-11968;COCINERO ACEITE MEZCLA 1500 ML;Cocinero;1500 ml;2766.05;5.0
779100001970;SKU-11969;GALLO ARROZ LARGO FINO 1000 GR;Gallo;1000 gr;1792.47;10.0
779100001971;SKU-11970;MATARAZZO FIDEOS GUISEROS 1000 GR;Matarazzo;1000 gr;1414.29;0.0
779100001972;SKU-11971;LUCCHETTI FIDEOS TALLARINES 500 G;Lucchetti;500 g;706.02;10.0
779100001973;SKU-11972;MAROLIO PURE DE TOMATE TETRA 520G;Marolio;Tetra 520g;897.83;5.0
779100001974;SKU-11973;HELLMANNS MAYONESA CLASICA 950 G;Hellmanns;950 g;2382.66;0.0
779100001975;SKU-11974;ARCOR GALLETITAS DULCES PACK X3;Arcor;Pack x3;3380.37;0.0
779100001976;SKU-11975;TERRABUSI GALLETITAS DE AGUA PACK X3 300G;Terrabusi;Pack x3 300g;2911.49;0.0
779100001977;SKU-11976;HEAD & SHOULDERS SHAMPOO ANTICASPA 750 ML;Head & Shoulders;750 ml;4727.61;10.0
779100001978;SKU-11977;PANTENE ACONDICIONADOR BRILLO 400 ML;Pantene;400 ml;4025.6;5.0
779100001979;SKU-11978;REXONA DESODORANTE AEROSOL PACK X2;Rexona;Pack x2;6878.96;0.0
779100001980;SKU-11979;COLGATE CREMA DENTAL TRIPLE ACCION 140 G;Colgate;140 g;1740.51;5.0
779100001981;SKU-11980;COCA-COLA GASEOSA COLA 1500 ML;Coca-Cola;1500 ml;4079.91;0.0
779100001982;SKU-11981;SPRITE GASEOSA LIMA LIMON 500 ML;Sprite;500 ml;1590.61;0.0
779100001983;SKU-11982;QUILMES CERVEZA RUBIA PACK X6;Quilmes;Pack x6;11049.53;10.0
779100001984;SKU-11983;LA SERENÍSIMA LECHE ENTERA TETRA 1L;La Serenísima;Tetra 1L;1382.16;5.0
779100001985;SKU-11984;SANCOR LECHE DESCREMADA 1000 CC;Sancor;1000 cc;1511.1;5.0
779100001986;SKU-11985;LA SERENÍSIMA YOGUR BEBIBLE FRUTILLA 180 G;La Serenísima;180 g;1924.57;0.0
779100001987;SKU-11986;SAN IGNACIO DULCE DE LECHE CLASICO 1000 G;San Ignacio;1000 g;2650.01;5.0
779100001988;SKU-11987;NATURA ACEITE GIRASOL 3 L;Natura;3 l;2711.49;0.0
779100001989;SKU-11988;COCINERO ACEITE MEZCLA 900 ML;Cocinero;900 ml;1865.84;0.0
779100001990;SKU-11989;GALLO ARROZ LARGO FINO 500 G;Gallo;500 g;1146.61;5.0
779100001991;SKU-11990;MATARAZZO FIDEOS GUISEROS 500 G;Matarazzo;500 g;870.33;5.0
779100001992;SKU-11991;LUCCHETTI FIDEOS TALLARINES 500 GR;Lucchetti;500 gr;847.64;10.0
779100001993;SKU-11992;MAROLIO PURE DE TOMATE 520 G;Marolio;520 g;886.77;10.0
779100001994;SKU-11993;HELLMANNS MAYONESA CLASICA 1000 GR;Hellmanns;1000 gr;2754.95;10.0
779100001995;SKU-11994;ARCOR GALLETITAS DULCES 300 G;Arcor;300 g;1050.89;10.0
779100001996;SKU-11995;TERRABUSI GALLETITAS DE AGUA 100 G;Terrabusi;100 g;1011.44;0.0
779100001997;SKU-11996;HEAD & SHOULDERS SHAMPOO ANTICASPA 400 ML;Head & Shoulders;400 ml;4300.58;5.0
779100001998;SKU-11997;PANTENE ACONDICIONADOR BRILLO 200 ML;Pantene;200 ml;1860.4;10.0
779100001999;SKU-11998;REXONA DESODORANTE AEROSOL 150 ML;Rexona;150 ml;3121.18;5.0
779100002000;SKU-11999;COLGATE CREMA DENTAL TRIPLE ACCION 70 G;Colgate;70 g;1804.63;5.0
779100002001;SKU-12000;COCA-COLA GASEOSA COLA 500 ML;Coca-Cola;500 ml;1789.8;0.0
779100002002;SKU-12001;SPRITE GASEOSA LIMA LIMON 2250 ML;Sprite;2250 ml;5161.65;0.0
779100002003;SKU-12002;QUILMES CERVEZA RUBIA 1000 CC;Quilmes;1000 cc;2241.68;0.0
779100002004;SKU-12003;LA SERENÍSIMA LECHE ENTERA 1000 CC;La Serenísima;1000 cc;1569.7;0.0
779100002005;SKU-12004;SANCOR LECHE DESCREMADA 1000 ML;Sancor;1000 ml;1418.61;5.0
779100002006;SKU-12005;LA SERENÍSIMA YOGUR BEBIBLE FRUTILLA 1000 GR;La Serenísima;1000 gr;2304.35;5.0
779100002007;SKU-12006;SAN IGNACIO DULCE DE LECHE CLASICO 400 G;San Ignacio;400 g;2789.39;5.0
779100002008;SKU-12007;NATURA ACEITE GIRASOL 900 ML;Natura;900 ml;2468.35;0.0
779100002009;SKU-12008;COCINERO ACEITE MEZCLA 1500 ML;Cocinero;1500 ml;2317.7;10.0
779100002010;SKU-12009;GALLO ARROZ LARGO FINO 1000 GR;Gallo;1000 gr;1802.27;5.0
779100002011;SKU-12010;MATARAZZO FIDEOS GUISEROS 500 GR;Matarazzo;500 gr;822.19;10.0
779100002012;SKU-12011;LUCCHETTI FIDEOS TALLARINES 500 G;Lucchetti;500 g;769.22;0.0
779100002013;SKU-12012;MAROLIO PURE DE TOMATE 520 GR;Marolio;520 gr;887.18;0.0
779100002014;SKU-12013;HELLMANNS MAYONESA CLASICA 475 G;Hellmanns;475 g;2719.42;5.0
779100002015;SKU-12014;ARCOR GALLETITAS DULCES 120 G;Arcor;120 g;1248.17;0.0
779100002016;SKU-12015;TERRABUSI GALLETITAS DE AGUA 300 G;Terrabusi;300 g;874.28;0.0
779100002017;SKU-12016;HEAD & SHOULDERS SHAMPOO ANTICASPA 200 ML;Head & Shoulders;200 ml;1991.83;0.0
779100002018;SKU-12017;PANTENE ACONDICIONADOR BRILLO 400 ML;Pantene;400 ml;4437.51;10.0
779100002019;SKU-12018;REXONA DESODORANTE AEROSOL 150 CC;Rexona;150 cc;3035.49;5.0
779100002020;SKU-12019;COLGATE CREMA DENTAL TRIPLE ACCION 90 G;Colgate;90 g;1963.15;10.0
779100002021;SKU-12020;COCA-COLA GASEOSA COLA 354 ML;Coca-Cola;354 ml;1234.53;10.0
779100002022;SKU-12021;SPRITE GASEOSA LIMA LIMON 2250 ML;Sprite;2250 ml;4942.94;0.0
779100002023;SKU-12022;QUILMES CERVEZA RUBIA 1000 CC;Quilmes;1000 cc;2460.59;5.0
779100002024;SKU-12023;LA SERENÍSIMA LECHE ENTERA 1000 ML;La Serenísima;1000 ml;1418.08;5.0
779100002025;SKU-12024;SANCOR LECHE DESCREMADA TETRA 1L;Sancor;Tetra 1L;1260.03;5.0
779100002026;SKU-12025;LA SERENÍSIMA YOGUR BEBIBLE FRUTILLA 1000 G;La Serenísima;1000 g;1894.98;0.0
779100002027;SKU-12026;SAN IGNACIO DULCE DE LECHE CLASICO 400 GR;San Ignacio;400 gr;2784.95;0.0
779100002028;SKU-12027;NATURA ACEITE GIRASOL 1500 ML;Natura;1500 ml;3013.17;5.0
779100002029;SKU-12028;COCINERO ACEITE MEZCLA 1500 ML;Cocinero;1500 ml;2811.58;5.0
779100002030;SKU-12029;GALLO ARROZ LARGO FINO 1000 G;Gallo;1000 g;1762.26;10.0
779100002031;SKU-12030;MATARAZZO FIDEOS GUISEROS 1000 GR;Matarazzo;1000 gr;1367.67;10.0
779100002032;SKU-12031;LUCCHETTI FIDEOS TALLARINES 500 GR;Lucchetti;500 gr;765.8;5.0
779100002033;SKU-12032;MAROLIO PURE DE TOMATE TETRA 520G;Marolio;Tetra 520g;967.98;5.0
779100002034;SKU-12033;HELLMANNS MAYONESA CLASICA 500 G;Hellmanns;500 g;1475.41;0.0
779100002035;SKU-12034;ARCOR GALLETITAS DULCES 160 G;Arcor;160 g;1221.52;10.0
779100002036;SKU-12035;TERRABUSI GALLETITAS DE AGUA PACK X3 300G;Terrabusi;Pack x3 300g;2604.88;0.0
779100002037;SKU-12036;HEAD & SHOULDERS SHAMPOO ANTICASPA 750 ML;Head & Shoulders;750 ml;4418.18;5.0
779100002038;SKU-12037;PANTENE ACONDICIONADOR BRILLO 200 ML;Pantene;200 ml;2151.78;5.0
779100002039;SKU-12038;REXONA DESODORANTE AEROSOL PACK X2;Rexona;Pack x2;7766.37;10.0
779100002040;SKU-12039;COLGATE CREMA DENTAL TRIPLE ACCION 140 G;Colgate;140 g;2097.66;10.0
779100002041;SKU-12040;COCA-COLA GASEOSA COLA 2250 ML;Coca-Cola;2250 ml;5482.0;0.0
779100002042;SKU-12041;SPRITE GASEOSA LIMA LIMON 1500 ML;Sprite;1500 ml;3708.1;10.0
779100002043;SKU-12042;QUILMES CERVEZA RUBIA 473 ML;Quilmes;473 ml;1245.51;10.0
779100002044;SKU-12043;LA SERENÍSIMA LECHE ENTERA SACHET 1L;La Serenísima;Sachet 1L;1299.71;10.0
779100002045;SKU-12044;SANCOR LECHE DESCREMADA 1000 CC;Sancor;1000 cc;1550.14;10.0
779100002046;SKU-12045;LA SERENÍSIMA YOGUR BEBIBLE FRUTILLA 1000 GR;La Serenísima;1000 gr;2338.27;10.0
779100002047;SKU-12046;SAN IGNACIO DULCE DE LECHE CLASICO 1000 GR;San Ignacio;1000 gr;2630.25;5.0
779100002048;SKU-12047;NATURA ACEITE GIRASOL 1500 ML;Natura;1500 ml;2833.46;0.0
779100002049;SKU-12048;COCINERO ACEITE MEZCLA 900 ML;Cocinero;900 ml;1607.57;0.0
779100002050;SKU-12049;GALLO ARROZ LARGO FINO 1000 GR;Gallo;1000 gr;2007.31;0.0
779100002051;SKU-12050;MATARAZZO FIDEOS GUISEROS 500 G;Matarazzo;500 g;839.33;0.0
779100002052;SKU-12051;LUCCHETTI FIDEOS TALLARINES 500 G;Lucchetti;500 g;748.87;5.0
779100002053;SKU-12052;MAROLIO PURE DE TOMATE 520 G;Marolio;520 g;857.74;0.0
779100002054;SKU-12053;HELLMANNS MAYONESA CLASICA 950 G;Hellmanns;950 g;2239.96;5.0
779100002055;SKU-12054;ARCOR GALLETITAS DULCES PACK X3;Arcor;Pack x3;2921.01;0.0
779100002056;SKU-12055;TERRABUSI GALLETITAS DE AGUA 100 G;Terrabusi;100 g;916.91;5.0
779100002057;SKU-12056;HEAD & SHOULDERS SHAMPOO ANTICASPA 400 ML;Head & Shoulders;400 ml;4415.39;0.0
779100002058;SKU-12057;PANTENE ACONDICIONADOR BRILLO 400 ML;Pantene;400 ml;4174.62;10.0
779100002059;SKU-12058;REXONA DESODORANTE AEROSOL 150 ML;Rexona;150 ml;3027.43;0.0
779100002060;SKU-12059;COLGATE CREMA DENTAL TRIPLE ACCION 70 G;Colgate;70 g;1726.45;0.0
779100002061;SKU-12060;COCA-COLA GASEOSA COLA 2250 ML;Coca-Cola;2250 ml;5237.44;10.0
779100002062;SKU-12061;SPRITE GASEOSA LIMA LIMON 500 ML;Sprite;500 ml;1585.74;5.0
779100002063;SKU-12062;QUILMES CERVEZA RUBIA 710 ML;Quilmes;710 ml;2453.34;10.0
779100002064;SKU-12063;LA SERENÍSIMA LECHE ENTERA TETRA 1L;La Serenísima;Tetra 1L;1303.68;0.0
779100002065;SKU-12064;SANCOR LECHE DESCREMADA 1000 ML;Sancor;1000 ml;1547.33;5.0
779100002066;SKU-12065;LA SERENÍSIMA YOGUR BEBIBLE FRUTILLA 180 G;La Serenísima;180 g;1945.36;0.0
779100002067;SKU-12066;SAN IGNACIO DULCE DE LECHE CLASICO 1000 G;San Ignacio;1000 g;2617.21;5.0
779100002068;SKU-12067;NATURA ACEITE GIRASOL 3 L;Natura;3 l;2610.91;0.0
779100002069;SKU-12068;COCINERO ACEITE MEZCLA 1500 ML;Cocinero;1500 ml;2796.02;5.0
779100002070;SKU-12069;GALLO ARROZ LARGO FINO 500 G;Gallo;500 g;1231.67;5.0
779100002071;SKU-12070;MATARAZZO FIDEOS GUISEROS 500 GR;Matarazzo;500 gr;777.01;10.0
779100002072;SKU-12071;LUCCHETTI FIDEOS TALLARINES 500 GR;Lucchetti;500 gr;814.63;5.0
779100002073;SKU-12072;MAROLIO PURE DE TOMATE 520 GR;Marolio;520 gr;950.89;0.0
779100002074;SKU-12073;HELLMANNS MAYONESA CLASICA 1000 GR;Hellmanns;1000 gr;2496.97;10.0
779100002075;SKU-12074;ARCOR GALLETITAS DULCES 300 G;Arcor;300 g;1188.81;5.0
779100002076;SKU-12075;TERRABUSI GALLETITAS DE AGUA 300 G;Terrabusi;300 g;1072.11;10.0
779100002077;SKU-12076;HEAD & SHOULDERS SHAMPOO ANTICASPA 200 ML;Head & Shoulders;200 ml;2151.36;5.0
779100002078;SKU-12077;PANTENE ACONDICIONADOR BRILLO 200 ML;Pantene;200 ml;1884.89;0.0
779100002079;SKU-12078;REXONA DESODORANTE AEROSOL 150 CC;Rexona;150 cc;2985.91;5.0
779100002080;SKU-12079;COLGATE CREMA DENTAL TRIPLE ACCION 90 G;Colgate;90 g;1941.78;5.0
779100002081;SKU-12080;COCA-COLA GASEOSA COLA 2.25L;Coca-Cola;2.25L;4556.14;5.0
779100002082;SKU-12081;SPRITE GASEOSA LIMA LIMON 2250 ML;Sprite;2250 ml;5477.1;5.0
779100002083;SKU-12082;QUILMES CERVEZA RUBIA PACK X6;Quilmes;Pack x6;10430.99;5.0
779100002084;SKU-12083;LA SERENÍSIMA LECHE ENTERA 1000 CC;La Serenísima;1000 cc;1420.65;0.0
779100002085;SKU-12084;SANCOR LECHE DESCREMADA TETRA 1L;Sancor;Tetra 1L;1348.66;10.0
779100002086;SKU-12085;LA SERENÍSIMA YOGUR BEBIBLE FRUTILLA 1000 GR;La Serenísima;1000 gr;2381.3;5.0
779100002087;SKU-12086;SAN IGNACIO DULCE DE LECHE CLASICO 400 G;San Ignacio;400 g;2322.43;10.0
779100002088;SKU-12087;NATURA ACEITE GIRASOL 900 ML;Natura;900 ml;2066.62;10.0
779100002089;SKU-12088;COCINERO ACEITE MEZCLA 1500 ML;Cocinero;1500 ml;2237.61;5.0
779100002090;SKU-12089;GALLO ARROZ LARGO FINO 1000 GR;Gallo;1000 gr;1835.08;10.0
779100002091;SKU-12090;MATARAZZO FIDEOS GUISEROS 1000 GR;Matarazzo;1000 gr;1491.37;10.0
779100002092;SKU-12091;LUCCHETTI FIDEOS TALLARINES 500 G;Lucchetti;500 g;826.28;5.0
779100002093;SKU-12092;MAROLIO PURE DE TOMATE TETRA 520G;Marolio;Tetra 520g;882.23;10.0
779100002094;SKU-12093;HELLMANNS MAYONESA CLASICA 475 G;Hellmanns;475 g;2736.22;10.0
779100002095;SKU-12094;ARCOR GALLETITAS DULCES 120 G;Arcor;120 g;1249.07;10.0
779100002096;SKU-12095;TERRABUSI GALLETITAS DE AGUA PACK X3 300G;Terrabusi;Pack x3 300g;2831.59;10.0
779100002097;SKU-12096;HEAD & SHOULDERS SHAMPOO ANTICASPA 750 ML;Head & Shoulders;750 ml;4402.19;0.0
779100002098;SKU-12097;PANTENE ACONDICIONADOR BRILLO 400 ML;Pantene;400 ml;4624.79;5.0
779100002099;SKU-12098;REXONA DESODORANTE AEROSOL PACK X2;Rexona;Pack x2;7301.15;10.0
779100002100;SKU-12099;COLGATE CREMA DENTAL TRIPLE ACCION 140 G;Colgate;140 g;1762.9;5.0
779100002101;SKU-12100;COCA-COLA GASEOSA COLA 1500 ML;Coca-Cola;1500 ml;3722.83;0.0
779100002102;SKU-12101;SPRITE GASEOSA LIMA LIMON 2250 ML;Sprite;2250 ml;4793.96;5.0
779100002103;SKU-12102;QUILMES CERVEZA RUBIA 1000 CC;Quilmes;1000 cc;2082.88;0.0
779100002104;SKU-12103;LA SERENÍSIMA LECHE ENTERA 1000 ML;La Serenísima;1000 ml;1356.57;10.0
779100002105;SKU-12104;SANCOR LECHE DESCREMADA 1000 CC;Sancor;1000 cc;1288.73;5.0
779100002106;SKU-12105;LA SERENÍSIMA YOGUR BEBIBLE FRUTILLA 1000 G;La Serenísima;1000 g;2337.09;10.0
779100002107;SKU-12106;SAN IGNACIO DULCE DE LECHE CLASICO 400 GR;San Ignacio;400 gr;2696.02;10.0
779100002108;SKU-12107;NATURA ACEITE GIRASOL 1500 ML;Natura;1500 ml;3160.97;5.0
779100002109;SKU-12108;COCINERO ACEITE MEZCLA 900 ML;Cocinero;900 ml;1879.55;5.0
779100002110;SKU-12109;GALLO ARROZ LARGO FINO 1000 G;Gallo;1000 g;2048.07;5.0
779100002111;SKU-12110;MATARAZZO FIDEOS GUISEROS 500 G;Matarazzo;500 g;718.03;10.0
779100002112;SKU-12111;LUCCHETTI FIDEOS TALLARINES 500 GR;Lucchetti;500 gr;845.57;10.0
779100002113;SKU-12112;MAROLIO PURE DE TOMATE 520 G;Marolio;520 g;973.05;0.0
779100002114;SKU-12113;HELLMANNS MAYONESA CLASICA 500 G;Hellmanns;500 g;1537.38;5.0
779100002115;SKU-12114;ARCOR GALLETITAS DULCES 160 G;Arcor;160 g;1190.45;0.0
779100002116;SKU-12115;TERRABUSI GALLETITAS DE AGUA 100 G;Terrabusi;100 g;918.06;0.0
779100002117;SKU-12116;HEAD & SHOULDERS SHAMPOO ANTICASPA 400 ML;Head & Shoulders;400 ml;4208.04;0.0
779100002118;SKU-12117;PANTENE ACONDICIONADOR BRILLO 200 ML;Pantene;200 ml;2150.3;0.0
779100002119;SKU-12118;REXONA DESODORANTE AEROSOL 150 ML;Rexona;150 ml;2566.1;5.0
779100002120;SKU-12119;COLGATE CREMA DENTAL TRIPLE ACCION 70 G;Colgate;70 g;2082.24;5.0
779100002121;SKU-12120;COCA-COLA GASEOSA COLA 500 ML;Coca-Cola;500 ml;1929.54;5.0
779100002122;SKU-12121;SPRITE GASEOSA LIMA LIMON 1500 ML;Sprite;1500 ml;3237.9;5.0
779100002123;SKU-12122;QUILMES CERVEZA RUBIA 1000 CC;Quilmes;1000 cc;2286.13;5.0
779100002124;SKU-12123;LA SERENÍSIMA LECHE ENTERA SACHET 1L;La Serenísima;Sachet 1L;1525.7;0.0
779100002125;SKU-12124;SANCOR LECHE DESCREMADA 1000 ML;Sancor;1000 ml;1465.32;0.0
779100002126;SKU-12125;LA SERENÍSIMA YOGUR BEBIBLE FRUTILLA 1000 GR;La Serenísima;1000 gr;1929.13;0.0
779100002127;SKU-12126;SAN IGNACIO DULCE DE LECHE CLASICO 1000 GR;San Ignacio;1000 gr;2795.29;0.0
779100002128;SKU-12127;NATURA ACEITE GIRASOL 1500 ML;Natura;1500 ml;2979.98;10.0
779100002129;SKU-12128;COCINERO ACEITE MEZCLA 1500 ML;Cocinero;1500 ml;2382.02;10.0
779100002130;SKU-12129;GALLO ARROZ LARGO FINO 1000 GR;Gallo;1000 gr;1900.77;5.0
779100002131;SKU-12130;MATARAZZO FIDEOS GUISEROS 500 GR;Matarazzo;500 gr;703.5;10.0
779100002132;SKU-12131;LUCCHETTI FIDEOS TALLARINES 500 G;Lucchetti;500 g;709.57;0.0
779100002133;SKU-12132;MAROLIO PURE DE TOMATE 520 GR;Marolio;520 gr;971.27;10.0
779100002134;SKU-12133;HELLMANNS MAYONESA CLASICA 950 G;Hellmanns;950 g;2434.69;10.0
779100002135;SKU-12134;ARCOR GALLETITAS DULCES PACK X3;Arcor;Pack x3;3041.77;5.0
779100002136;SKU-12135;TERRABUSI GALLETITAS DE AGUA 300 G;Terrabusi;300 g;1059.04;10.0
779100002137;SKU-12136;HEAD & SHOULDERS SHAMPOO ANTICASPA 200 ML;Head & Shoulders;200 ml;2200.45;10.0
779100002138;SKU-12137;PANTENE ACONDICIONADOR BRILLO 400 ML;Pantene;400 ml;4063.04;5.0
779100002139;SKU-12138;REXONA DESODORANTE AEROSOL 150 CC;Rexona;150 cc;2520.54;5.0
779100002140;SKU-12139;COLGATE CREMA DENTAL TRIPLE ACCION 90 G;Colgate;90 g;1753.17;5.0
779100002141;SKU-12140;COCA-COLA GASEOSA COLA 354 ML;Coca-Cola;354 ml;1238.58;10.0
779100002142;SKU-12141;SPRITE GASEOSA LIMA LIMON 500 ML;Sprite;500 ml;1767.25;10.0
779100002143;SKU-12142;QUILMES CERVEZA RUBIA 473 ML;Quilmes;473 ml;1336.16;10.0
779100002144;SKU-12143;LA SERENÍSIMA LECHE ENTERA TETRA 1L;La Serenísima;Tetra 1L;1508.49;10.0
779100002145;SKU-12144;SANCOR LECHE DESCREMADA TETRA 1L;Sancor;Tetra 1L;1460.99;5.0
779100002146;SKU-12145;LA SERENÍSIMA YOGUR BEBIBLE FRUTILLA 180 G;La Serenísima;180 g;2063.63;10.0
779100002147;SKU-12146;SAN IGNACIO DULCE DE LECHE CLASICO 1000 G;San Ignacio;1000 g;2690.03;10.0
779100002148;SKU-12147;NATURA ACEITE GIRASOL 3 L;Natura;3 l;2215.35;5.0
779100002149;SKU-12148;COCINERO ACEITE MEZCLA 1500 ML;Cocinero;1500 ml;2813.13;0.0
779100002150;SKU-12149;GALLO ARROZ LARGO FINO 500 G;Gallo;500 g;1141.97;0.0
779100002151;SKU-12150;MATARAZZO FIDEOS GUISEROS 1000 GR;Matarazzo;1000 gr;1451.29;5.0
779100002152;SKU-12151;LUCCHETTI FIDEOS TALLARINES 500 GR;Lucchetti;500 gr;820.5;10.0
779100002153;SKU-12152;MAROLIO PURE DE TOMATE TETRA 520G;Marolio;Tetra 520g;933.15;5.0
779100002154;SKU-12153;HELLMANNS MAYONESA CLASICA 1000 GR;Hellmanns;1000 gr;2535.65;10.0
779100002155;SKU-12154;ARCOR GALLETITAS DULCES 300 G;Arcor;300 g;1041.3;0.0
779100002156;SKU-12155;TERRABUSI GALLETITAS DE AGUA PACK X3 300G;Terrabusi;Pack x3 300g;2382.34;5.0
779100002157;SKU-12156;HEAD & SHOULDERS SHAMPOO ANTICASPA 750 ML;Head & Shoulders;750 ml;4981.71;0.0
779100002158;SKU-12157;PANTENE ACONDICIONADOR BRILLO 200 ML;Pantene;200 ml;1817.15;10.0
779100002159;SKU-12158;REXONA DESODORANTE AEROSOL PACK X2;Rexona;Pack x2;7921.78;0.0
779100002160;SKU-12159;COLGATE CREMA DENTAL TRIPLE ACCION 140 G;Colgate;140 g;1956.28;10.0
779100002161;SKU-12160;COCA-COLA GASEOSA COLA 2250 ML;Coca-Cola;2250 ml;4977.33;5.0
779100002162;SKU-12161;SPRITE GASEOSA LIMA LIMON 2250 ML;Sprite;2250 ml;4971.39;0.0
779100002163;SKU-12162;QUILMES CERVEZA RUBIA 710 ML;Quilmes;710 ml;2148.16;0.0
779100002164;SKU-12163;LA SERENÍSIMA LECHE ENTERA 1000 CC;La Serenísima;1000 cc;1538.46;0.0
779100002165;SKU-12164;SANCOR LECHE DESCREMADA 1000 CC;Sancor;1000 cc;1303.86;0.0
779100002166;SKU-12165;LA SERENÍSIMA YOGUR BEBIBLE FRUTILLA 1000 GR;La Serenísima;1000 gr;2324.66;0.0
779100002167;SKU-12166;SAN IGNACIO DULCE DE LECHE CLASICO 400 G;San Ignacio;400 g;2381.42;0.0
779100002168;SKU-12167;NATURA ACEITE GIRASOL 900 ML;Natura;900 ml;2110.74;10.0
779100002169;SKU-12168;COCINERO ACEITE MEZCLA 900 ML;Cocinero;900 ml;1835.23;0.0
779100002170;SKU-12169;GALLO ARROZ LARGO FINO 1000 GR;Gallo;1000 gr;2012.0;0.0
779100002171;SKU-12170;MATARAZZO FIDEOS GUISEROS 500 G;Matarazzo;500 g;709.54;5.0
779100002172;SKU-12171;LUCCHETTI FIDEOS TALLARINES 500 G;Lucchetti;500 g;759.44;0.0
779100002173;SKU-12172;MAROLIO PURE DE TOMATE 520 G;Marolio;520 g;846.26;10.0
779100002174;SKU-12173;HELLMANNS MAYONESA CLASICA 475 G;Hellmanns;475 g;2820.44;10.0
779100002175;SKU-12174;ARCOR GALLETITAS DULCES 120 G;Arcor;120 g;1099.75;0.0
779100002176;SKU-12175;TERRABUSI GALLETITAS DE AGUA 100 G;Terrabusi;100 g;924.49;0.0
779100002177;SKU-12176;HEAD & SHOULDERS SHAMPOO ANTICASPA 400 ML;Head & Shoulders;400 ml;4603.28;0.0
779100002178;SKU-12177;PANTENE ACONDICIONADOR BRILLO 400 ML;Pantene;400 ml;4786.16;5.0
779100002179;SKU-12178;REXONA DESODORANTE AEROSOL 150 ML;Rexona;150 ml;2926.76;0.0
779100002180;SKU-12179;COLGATE CREMA DENTAL TRIPLE ACCION 70 G;Colgate;70 g;1835.31;5.0
779100002181;SKU-12180;COCA-COLA GASEOSA COLA 2250 ML;Coca-Cola;2250 ml;5192.19;10.0
779100002182;SKU-12181;SPRITE GASEOSA LIMA LIMON 2250 ML;Sprite;2250 ml;4975.95;10.0
779100002183;SKU-12182;QUILMES CERVEZA RUBIA PACK X6;Quilmes;Pack x6;12733.45;10.0
779100002184;SKU-12183;LA SERENÍSIMA LECHE ENTERA 1000 ML;La Serenísima;1000 ml;1514.57;10.0
779100002185;SKU-12184;SANCOR LECHE DESCREMADA 1000 ML;Sancor;1000 ml;1527.12;10.0
779100002186;SKU-12185;LA SERENÍSIMA YOGUR BEBIBLE FRUTILLA 1000 G;La Serenísima;1000 g;2269.91;0.0
779100002187;SKU-12186;SAN IGNACIO DULCE DE LECHE CLASICO 400 GR;San Ignacio;400 gr;2802.24;0.0
779100002188;SKU-12187;NATURA ACEITE GIRASOL 1500 ML;Natura;1500 ml;3091.93;5.0
779100002189;SKU-12188;COCINERO ACEITE MEZCLA 1500 ML;Cocinero;1500 ml;2497.56;10.0
779100002190;SKU-12189;GALLO ARROZ LARGO FINO 1000 G;Gallo;1000 g;1631.91;0.0
779100002191;SKU-12190;MATARAZZO FIDEOS GUISEROS 500 GR;Matarazzo;500 gr;724.37;0.0
779100002192;SKU-12191;LUCCHETTI FIDEOS TALLARINES 500 GR;Lucchetti;500 gr;678.45;10.0
779100002193;SKU-12192;MAROLIO PURE DE TOMATE 520 GR;Marolio;520 gr;862.75;10.0
779100002194;SKU-12193;HELLMANNS MAYONESA CLASICA 500 G;Hellmanns;500 g;1528.37;0.0
779100002195;SKU-12194;ARCOR GALLETITAS DULCES 160 G;Arcor;160 g;1237.5;5.0
779100002196;SKU-12195;TERRABUSI GALLETITAS DE AGUA 300 G;Terrabusi;300 g;913.22;5.0
779100002197;SKU-12196;HEAD & SHOULDERS SHAMPOO ANTICASPA 200 ML;Head & Shoulders;200 ml;2077.37;0.0
779100002198;SKU-12197;PANTENE ACONDICIONADOR BRILLO 200 ML;Pantene;200 ml;2124.78;10.0
779100002199;SKU-12198;REXONA DESODORANTE AEROSOL 150 CC;Rexona;150 cc;3048.91;10.0
779100002200;SKU-12199;COLGATE CREMA DENTAL TRIPLE ACCION 90 G;Colgate;90 g;1732.05;0.0
779100002201;SKU-12200;COCA-COLA GASEOSA COLA 2.25L;Coca-Cola;2.25L;5084.4;10.0
779100002202;SKU-12201;SPRITE GASEOSA LIMA LIMON 1500 ML;Sprite;1500 ml;3867.24;0.0
779100002203;SKU-12202;QUILMES CERVEZA RUBIA 1000 CC;Quilmes;1000 cc;2390.69;0.0
779100002204;SKU-12203;LA SERENÍSIMA LECHE ENTERA SACHET 1L;La Serenísima;Sachet 1L;1389.05;5.0
779100002205;SKU-12204;SANCOR LECHE DESCREMADA TETRA 1L;Sancor;Tetra 1L;1526.17;0.0
779100002206;SKU-12205;LA SERENÍSIMA YOGUR BEBIBLE FRUTILLA 1000 GR;La Serenísima;1000 gr;2131.96;5.0
779100002207;SKU-12206;SAN IGNACIO DULCE DE LECHE CLASICO 1000 GR;San Ignacio;1000 gr;2594.23;10.0
779100002208;SKU-12207;NATURA ACEITE GIRASOL 1500 ML;Natura;1500 ml;2858.44;5.0
779100002209;SKU-12208;COCINERO ACEITE MEZCLA 1500 ML;Cocinero;1500 ml;2661.84;10.0
779100002210;SKU-12209;GALLO ARROZ LARGO FINO 1000 GR;Gallo;1000 gr;2047.87;5.0
779100002211;SKU-12210;MATARAZZO FIDEOS GUISEROS 1000 GR;Matarazzo;1000 gr;1355.71;5.0
779100002212;SKU-12211;LUCCHETTI FIDEOS TALLARINES 500 G;Lucchetti;500 g;754.96;5.0
779100002213;SKU-12212;MAROLIO PURE DE TOMATE TETRA 520G;Marolio;Tetra 520g;953.14;10.0
779100002214;SKU-12213;HELLMANNS MAYONESA CLASICA 950 G;Hellmanns;950 g;2403.72;0.0
779100002215;SKU-12214;ARCOR GALLETITAS DULCES PACK X3;Arcor;Pack x3;2782.64;0.0
779100002216;SKU-12215;TERRABUSI GALLETITAS DE AGUA PACK X3 300G;Terrabusi;Pack x3 300g;2459.4;10.0
779100002217;SKU-12216;HEAD & SHOULDERS SHAMPOO ANTICASPA 750 ML;Head & Shoulders;750 ml;4995.72;10.0
779100002218;SKU-12217;PANTENE ACONDICIONADOR BRILLO 400 ML;Pantene;400 ml;4586.39;10.0
779100002219;SKU-12218;REXONA DESODORANTE AEROSOL PACK X2;Rexona;Pack x2;6920.24;0.0
779100002220;SKU-12219;COLGATE CREMA DENTAL TRIPLE ACCION 140 G;Colgate;140 g;2153.46;10.0
779100002221;SKU-12220;COCA-COLA GASEOSA COLA 1500 ML;Coca-Cola;1500 ml;4003.4;10.0
779100002222;SKU-12221;SPRITE GASEOSA LIMA LIMON 500 ML;Sprite;500 ml;1667.65;0.0
779100002223;SKU-12222;QUILMES CERVEZA RUBIA 1000 CC;Quilmes;1000 cc;2346.13;5.0
779100002224;SKU-12223;LA SERENÍSIMA LECHE ENTERA TETRA 1L;La Serenísima;Tetra 1L;1346.7;0.0
779100002225;SKU-12224;SANCOR LECHE DESCREMADA 1000 CC;Sancor;1000 cc;1269.78;0.0
779100002226;SKU-12225;LA SERENÍSIMA YOGUR BEBIBLE FRUTILLA 180 G;La Serenísima;180 g;1997.83;5.0
779100002227;SKU-12226;SAN IGNACIO DULCE DE LECHE CLASICO 1000 G;San Ignacio;1000 g;2867.36;0.0
779100002228;SKU-12227;NATURA ACEITE GIRASOL 3 L;Natura;3 l;2461.2;5.0
779100002229;SKU-12228;COCINERO ACEITE MEZCLA 900 ML;Cocinero;900 ml;1782.11;10.0
779100002230;SKU-12229;GALLO ARROZ LARGO FINO 500 G;Gallo;500 g;1166.68;0.0
779100002231;SKU-12230;MATARAZZO FIDEOS GUISEROS 500 G;Matarazzo;500 g;711.19;10.0
779100002232;SKU-12231;LUCCHETTI FIDEOS TALLARINES 500 GR;Lucchetti;500 gr;799.88;10.0
779100002233;SKU-12232;MAROLIO PURE DE TOMATE 520 G;Marolio;520 g;886.83;0.0
779100002234;SKU-12233;HELLMANNS MAYONESA CLASICA 1000 GR;Hellmanns;1000 gr;2543.14;0.0
779100002235;SKU-12234;ARCOR GALLETITAS DULCES 300 G;Arcor;300 g;1097.09;10.0
779100002236;SKU-12235;TERRABUSI GALLETITAS DE AGUA 100 G;Terrabusi;100 g;1004.2;10.0
779100002237;SKU-12236;HEAD & SHOULDERS SHAMPOO ANTICASPA 400 ML;Head & Shoulders;400 ml;4364.5;5.0
779100002238;SKU-12237;PANTENE ACONDICIONADOR BRILLO 200 ML;Pantene;200 ml;2199.78;0.0
779100002239;SKU-12238;REXONA DESODORANTE AEROSOL 150 ML;Rexona;150 ml;2857.83;10.0
779100002240;SKU-12239;COLGATE CREMA DENTAL TRIPLE ACCION 70 G;Colgate;70 g;1957.46;0.0
779100002241;SKU-12240;COCA-COLA GASEOSA COLA 500 ML;Coca-Cola;500 ml;1786.69;0.0
779100002242;SKU-12241;SPRITE GASEOSA LIMA LIMON 2250 ML;Sprite;2250 ml;4646.42;10.0
779100002243;SKU-12242;QUILMES CERVEZA RUBIA 473 ML;Quilmes;473 ml;1439.61;0.0
779100002244;SKU-12243;LA SERENÍSIMA LECHE ENTERA 1000 CC;La Serenísima;1000 cc;1351.13;10.0
779100002245;SKU-12244;SANCOR LECHE DESCREMADA 1000 ML;Sancor;1000 ml;1401.39;5.0
779100002246;SKU-12245;LA SERENÍSIMA YOGUR BEBIBLE FRUTILLA 1000 GR;La Serenísima;1000 gr;2120.87;5.0
779100002247;SKU-12246;SAN IGNACIO DULCE DE LECHE CLASICO 400 G;San Ignacio;400 g;2656.75;10.0
779100002248;SKU-12247;NATURA ACEITE GIRASOL 900 ML;Natura;900 ml;2166.11;0.0
779100002249;SKU-12248;COCINERO ACEITE MEZCLA 1500 ML;Cocinero;1500 ml;2651.0;5.0
779100002250;SKU-12249;GALLO ARROZ LARGO FINO 1000 GR;Gallo;1000 gr;1748.76;0.0
779100002251;SKU-12250;MATARAZZO FIDEOS GUISEROS 500 GR;Matarazzo;500 gr;895.84;5.0
779100002252;SKU-12251;LUCCHETTI FIDEOS TALLARINES 500 G;Lucchetti;500 g;716.04;0.0
779100002253;SKU-12252;MAROLIO PURE DE TOMATE 520 GR;Marolio;520 gr;870.99;10.0
779100002254;SKU-12253;HELLMANNS MAYONESA CLASICA 475 G;Hellmanns;475 g;2473.32;0.0
779100002255;SKU-12254;ARCOR GALLETITAS DULCES 120 G;Arcor;120 g;1088.96;10.0
779100002256;SKU-12255;TERRABUSI GALLETITAS DE AGUA 300 G;Terrabusi;300 g;870.43;0.0
779100002257;SKU-12256;HEAD & SHOULDERS SHAMPOO ANTICASPA 200 ML;Head & Shoulders;200 ml;2149.28;0.0
779100002258;SKU-12257;PANTENE ACONDICIONADOR BRILLO 400 ML;Pantene;400 ml;4291.23;5.0
779100002259;SKU-12258;REXONA DESODORANTE AEROSOL 150 CC;Rexona;150 cc;2571.11;10.0
779100002260;SKU-12259;COLGATE CREMA DENTAL TRIPLE ACCION 90 G;Colgate;90 g;2128.19;0.0
779100002261;SKU-12260;COCA-COLA GASEOSA COLA 354 ML;Coca-Cola;354 ml;1209.2;10.0
779100002262;SKU-12261;SPRITE GASEOSA LIMA LIMON 2250 ML;Sprite;2250 ml;4473.01;5.0
779100002263;SKU-12262;QUILMES CERVEZA RUBIA 710 ML;Quilmes;710 ml;2013.12;5.0
779100002264;SKU-12263;LA SERENÍSIMA LECHE ENTERA 1000 ML;La Serenísima;1000 ml;1519.14;5.0
779100002265;SKU-12264;SANCOR LECHE DESCREMADA TETRA 1L;Sancor;Tetra 1L;1369.34;0.0
779100002266;SKU-12265;LA SERENÍSIMA YOGUR BEBIBLE FRUTILLA 1000 G;La Serenísima;1000 g;2029.4;10.0
779100002267;SKU-12266;SAN IGNACIO DULCE DE LECHE CLASICO 400 GR;San Ignacio;400 gr;2356.74;0.0
779100002268;SKU-12267;NATURA ACEITE GIRASOL 1500 ML;Natura;1500 ml;3184.39;5.0
779100002269;SKU-12268;COCINERO ACEITE MEZCLA 1500 ML;Cocinero;1500 ml;2812.15;5.0
779100002270;SKU-12269;GALLO ARROZ LARGO FINO 1000 G;Gallo;1000 g;1962.79;5.0
779100002271;SKU-12270;MATARAZZO FIDEOS GUISEROS 1000 GR;Matarazzo;1000 gr;1475.32;0.0
779100002272;SKU-12271;LUCCHETTI FIDEOS TALLARINES 500 GR;Lucchetti;500 gr;684.12;10.0
779100002273;SKU-12272;MAROLIO PURE DE TOMATE TETRA 520G;Marolio;Tetra 520g;923.04;0.0
779100002274;SKU-12273;HELLMANNS MAYONESA CLASICA 500 G;Hellmanns;500 g;1443.18;0.0
779100002275;SKU-12274;ARCOR GALLETITAS DULCES 160 G;Arcor;160 g;1260.58;5.0
779100002276;SKU-12275;TERRABUSI GALLETITAS DE AGUA PACK X3 300G;Terrabusi;Pack x3 300g;2656.91;10.0
779100002277;SKU-12276;HEAD & SHOULDERS SHAMPOO ANTICASPA 750 ML;Head & Shoulders;750 ml;4500.57;10.0
779100002278;SKU-12277;PANTENE ACONDICIONADOR BRILLO 200 ML;Pantene;200 ml;1835.8;5.0
779100002279;SKU-12278;REXONA DESODORANTE AEROSOL PACK X2;Rexona;Pack x2;7338.91;10.0
779100002280;SKU-12279;COLGATE CREMA DENTAL TRIPLE ACCION 140 G;Colgate;140 g;1970.35;5.0
779100002281;SKU-12280;COCA-COLA GASEOSA COLA 2250 ML;Coca-Cola;2250 ml;4947.37;10.0
779100002282;SKU-12281;SPRITE GASEOSA LIMA LIMON 1500 ML;Sprite;1500 ml;3623.46;5.0
779100002283;SKU-12282;QUILMES CERVEZA RUBIA PACK X6;Quilmes;Pack x6;12935.04;5.0
779100002284;SKU-12283;LA SERENÍSIMA LECHE ENTERA SACHET 1L;La Serenísima;Sachet 1L;1473.54;10.0
779100002285;SKU-12284;SANCOR LECHE DESCREMADA 1000 CC;Sancor;1000 cc;1416.36;0.0
779100002286;SKU-12285;LA SERENÍSIMA YOGUR BEBIBLE FRUTILLA 1000 GR;La Serenísima;1000 gr;2399.21;5.0
779100002287;SKU-12286;SAN IGNACIO DULCE DE LECHE CLASICO 1000 GR;San Ignacio;1000 gr;2449.21;5.0
779100002288;SKU-12287;NATURA ACEITE GIRASOL 1500 ML;Natura;1500 ml;2854.34;0.0
779100002289;SKU-12288;COCINERO ACEITE MEZCLA 900 ML;Cocinero;900 ml;1826.76;10.0
779100002290;SKU-12289;GALLO ARROZ LARGO FINO 1000 GR;Gallo;1000 gr;1999.89;0.0
779100002291;SKU-12290;MATARAZZO FIDEOS GUISEROS 500 G;Matarazzo;500 g;895.33;10.0
779100002292;SKU-12291;LUCCHETTI FIDEOS TALLARINES 500 G;Lucchetti;500 g;777.47;10.0
779100002293;SKU-12292;MAROLIO PURE DE TOMATE 520 G;Marolio;520 g;888.86;5.0
779100002294;SKU-12293;HELLMANNS MAYONESA CLASICA 950 G;Hellmanns;950 g;2310.87;5.0
779100002295;SKU-12294;ARCOR GALLETITAS DULCES PACK X3;Arcor;Pack x3;2991.57;5.0
779100002296;SKU-12295;TERRABUSI GALLETITAS DE AGUA 100 G;Terrabusi;100 g;958.71;10.0
779100002297;SKU-12296;HEAD & SHOULDERS SHAMPOO ANTICASPA 400 ML;Head & Shoulders;400 ml;5074.67;5.0
779100002298;SKU-12297;PANTENE ACONDICIONADOR BRILLO 400 ML;Pantene;400 ml;4583.61;0.0
779100002299;SKU-12298;REXONA DESODORANTE AEROSOL 150 ML;Rexona;150 ml;2662.95;5.0
779100002300;SKU-12299;COLGATE CREMA DENTAL TRIPLE ACCION 70 G;Colgate;70 g;1818.25;5.0
779100002301;SKU-12300;COCA-COLA GASEOSA COLA 2250 ML;Coca-Cola;2250 ml;4933.54;0.0
779100002302;SKU-12301;SPRITE GASEOSA LIMA LIMON 500 ML;Sprite;500 ml;1486.76;0.0
779100002303;SKU-12302;QUILMES CERVEZA RUBIA 1000 CC;Quilmes;1000 cc;2257.28;10.0
779100002304;SKU-12303;LA SERENÍSIMA LECHE ENTERA TETRA 1L;La Serenísima;Tetra 1L;1327.38;10.0
779100002305;SKU-12304;SANCOR LECHE DESCREMADA 1000 ML;Sancor;1000 ml;1247.47;0.0
779100002306;SKU-12305;LA SERENÍSIMA YOGUR BEBIBLE FRUTILLA 180 G;La Serenísima;180 g;1905.2;10.0
779100002307;SKU-12306;SAN IGNACIO DULCE DE LECHE CLASICO 1000 G;San Ignacio;1000 g;2472.06;10.0
779100002308;SKU-12307;NATURA ACEITE GIRASOL 3 L;Natura;3 l;2662.04;10.0
779100002309;SKU-12308;COCINERO ACEITE MEZCLA 1500 ML;Cocinero;1500 ml;2584.63;0.0
779100002310;SKU-12309;GALLO ARROZ LARGO FINO 500 G;Gallo;500 g;1081.8;0.0
779100002311;SKU-12310;MATARAZZO FIDEOS GUISEROS 500 GR;Matarazzo;500 gr;718.67;5.0
779100002312;SKU-12311;LUCCHETTI FIDEOS TALLARINES 500 GR;Lucchetti;500 gr;823.4;10.0
779100002313;SKU-12312;MAROLIO PURE DE TOMATE 520 GR;Marolio;520 gr;915.32;10.0
779100002314;SKU-12313;HELLMANNS MAYONESA CLASICA 1000 GR;Hellmanns;1000 gr;2728.61;10.0
779100002315;SKU-12314;ARCOR GALLETITAS DULCES 300 G;Arcor;300 g;1056.88;10.0
779100002316;SKU-12315;TERRABUSI GALLETITAS DE AGUA 300 G;Terrabusi;300 g;867.88;5.0
779100002317;SKU-12316;HEAD & SHOULDERS SHAMPOO ANTICASPA 200 ML;Head & Shoulders;200 ml;1833.44;10.0
779100002318;SKU-12317;PANTENE ACONDICIONADOR BRILLO 200 ML;Pantene;200 ml;1873.49;5.0
779100002319;SKU-12318;REXONA DESODORANTE AEROSOL 150 CC;Rexona;150 cc;2803.71;0.0
779100002320;SKU-12319;COLGATE CREMA DENTAL TRIPLE ACCION 90 G;Colgate;90 g;1742.69;0.0
779100002321;SKU-12320;COCA-COLA GASEOSA COLA 2.25L;Coca-Cola;2.25L;4953.01;10.0
779100002322;SKU-12321;SPRITE GASEOSA LIMA LIMON 2250 ML;Sprite;2250 ml;4691.76;10.0
779100002323;SKU-12322;QUILMES CERVEZA RUBIA 1000 CC;Quilmes;1000 cc;2126.95;0.0
779100002324;SKU-12323;LA SERENÍSIMA LECHE ENTERA 1000 CC;La Serenísima;1000 cc;1298.68;5.0
779100002325;SKU-12324;SANCOR LECHE DESCREMADA TETRA 1L;Sancor;Tetra 1L;1257.3;10.0
779100002326;SKU-12325;LA SERENÍSIMA YOGUR BEBIBLE FRUTILLA 1000 GR;La Serenísima;1000 gr;2313.73;0.0
779100002327;SKU-12326;SAN IGNACIO DULCE DE LECHE CLASICO 400 G;San Ignacio;400 g;2360.15;5.0
779100002328;SKU-12327;NATURA ACEITE GIRASOL 900 ML;Natura;900 ml;2115.34;10.0
779100002329;SKU-12328;COCINERO ACEITE MEZCLA 1500 ML;Cocinero;1500 ml;2697.88;5.0
779100002330;SKU-12329;GALLO ARROZ LARGO FINO 1000 GR;Gallo;1000 gr;2002.71;10.0
779100002331;SKU-12330;MATARAZZO FIDEOS GUISEROS 1000 GR;Matarazzo;1000 gr;1262.54;5.0
779100002332;SKU-12331;LUCCHETTI FIDEOS TALLARINES 500 G;Lucchetti;500 g;786.03;10.0
779100002333;SKU-12332;MAROLIO PURE DE TOMATE TETRA 520G;Marolio;Tetra 520g;909.04;0.0
779100002334;SKU-12333;HELLMANNS MAYONESA CLASICA 475 G;Hellmanns;475 g;2652.07;10.0
779100002335;SKU-12334;ARCOR GALLETITAS DULCES 120 G;Arcor;120 g;1087.38;10.0
779100002336;SKU-12335;TERRABUSI GALLETITAS DE AGUA PACK X3 300G;Terrabusi;Pack x3 300g;2641.43;5.0
779100002337;SKU-12336;HEAD & SHOULDERS SHAMPOO ANTICASPA 750 ML;Head & Shoulders;750 ml;4937.84;5.0
779100002338;SKU-12337;PANTENE ACONDICIONADOR BRILLO 400 ML;Pantene;400 ml;4330.15;0.0
779100002339;SKU-12338;REXONA DESODORANTE AEROSOL PACK X2;Rexona;Pack x2;8557.9;5.0
779100002340;SKU-12339;COLGATE CREMA DENTAL TRIPLE ACCION 140 G;Colgate;140 g;1926.25;5.0
779100002341;SKU-12340;COCA-COLA GASEOSA COLA 1500 ML;Coca-Cola;1500 ml;3504.45;10.0
779100002342;SKU-12341;SPRITE GASEOSA LIMA LIMON 2250 ML;Sprite;2250 ml;4390.38;10.0
779100002343;SKU-12342;QUILMES CERVEZA RUBIA 473 ML;Quilmes;473 ml;1347.63;10.0
779100002344;SKU-12343;LA SERENÍSIMA LECHE ENTERA 1000 ML;La Serenísima;1000 ml;1514.38;10.0
779100002345;SKU-12344;SANCOR LECHE DESCREMADA 1000 CC;Sancor;1000 cc;1297.77;5.0
779100002346;SKU-12345;LA SERENÍSIMA YOGUR BEBIBLE FRUTILLA 1000 G;La Serenísima;1000 g;1900.45;10.0
779100002347;SKU-12346;SAN IGNACIO DULCE DE LECHE CLASICO 400 GR;San Ignacio;400 gr;2629.86;0.0
779100002348;SKU-12347;NATURA ACEITE GIRASOL 1500 ML;Natura;1500 ml;2994.82;5.0
779100002349;SKU-12348;COCINERO ACEITE MEZCLA 900 ML;Cocinero;900 ml;1935.25;10.0
779100002350;SKU-12349;GALLO ARROZ LARGO FINO 1000 G;Gallo;1000 g;1900.91;0.0
779100002351;SKU-12350;MATARAZZO FIDEOS GUISEROS 500 G;Matarazzo;500 g;856.11;5.0
779100002352;SKU-12351;LUCCHETTI FIDEOS TALLARINES 500 GR;Lucchetti;500 gr;713.92;10.0
779100002353;SKU-12352;MAROLIO PURE DE TOMATE 520 G;Marolio;520 g;889.54;10.0
779100002354;SKU-12353;HELLMANNS MAYONESA CLASICA 500 G;Hellmanns;500 g;1561.37;5.0
779100002355;SKU-12354;ARCOR GALLETITAS DULCES 160 G;Arcor;160 g;1063.28;10.0
779100002356;SKU-12355;TERRABUSI GALLETITAS DE AGUA 100 G;Terrabusi;100 g;878.43;0.0
779100002357;SKU-12356;HEAD & SHOULDERS SHAMPOO ANTICASPA 400 ML;Head & Shoulders;400 ml;4205.96;5.0
779100002358;SKU-12357;PANTENE ACONDICIONADOR BRILLO 200 ML;Pantene;200 ml;1779.8;10.0
779100002359;SKU-12358;REXONA DESODORANTE AEROSOL 150 ML;Rexona;150 ml;3049.22;10.0
779100002360;SKU-12359;COLGATE CREMA DENTAL TRIPLE ACCION 70 G;Colgate;70 g;2154.95;5.0
779100002361;SKU-12360;COCA-COLA GASEOSA COLA 500 ML;Coca-Cola;500 ml;1635.56;5.0
779100002362;SKU-12361;SPRITE GASEOSA LIMA LIMON 1500 ML;Sprite;1500 ml;3577.0;0.0
779100002363;SKU-12362;QUILMES CERVEZA RUBIA 710 ML;Quilmes;710 ml;2023.82;5.0
779100002364;SKU-12363;LA SERENÍSIMA LECHE ENTERA SACHET 1L;La Serenísima;Sachet 1L;1474.92;5.0
779100002365;SKU-12364;SANCOR LECHE DESCREMADA 1000 ML;Sancor;1000 ml;1509.29;0.0
779100002366;SKU-12365;LA SERENÍSIMA YOGUR BEBIBLE FRUTILLA 1000 GR;La Serenísima;1000 gr;2266.52;5.0
779100002367;SKU-12366;SAN IGNACIO DULCE DE LECHE CLASICO 1000 GR;San Ignacio;1000 gr;2262.6;5.0
779100002368;SKU-12367;NATURA ACEITE GIRASOL 1500 ML;Natura;1500 ml;3239.53;10.0
779100002369;SKU-12368;COCINERO ACEITE MEZCLA 1500 ML;Cocinero;1500 ml;2435.96;10.0
779100002370;SKU-12369;GALLO ARROZ LARGO FINO 1000 GR;Gallo;1000 gr;1782.39;10.0
779100002371;SKU-12370;MATARAZZO FIDEOS GUISEROS 500 GR;Matarazzo;500 gr;849.54;5.0
779100002372;SKU-12371;LUCCHETTI FIDEOS TALLARINES 500 G;Lucchetti;500 g;836.98;5.0
779100002373;SKU-12372;MAROLIO PURE DE TOMATE 520 GR;Marolio;520 gr;971.81;0.0
779100002374;SKU-12373;HELLMANNS MAYONESA CLASICA 950 G;Hellmanns;950 g;2553.94;0.0
779100002375;SKU-12374;ARCOR GALLETITAS DULCES PACK X3;Arcor;Pack x3;3383.82;5.0
779100002376;SKU-12375;TERRABUSI GALLETITAS DE AGUA 300 G;Terrabusi;300 g;902.36;10.0
779100002377;SKU-12376;HEAD & SHOULDERS SHAMPOO ANTICASPA 200 ML;Head & Shoulders;200 ml;2202.66;5.0
779100002378;SKU-12377;PANTENE ACONDICIONADOR BRILLO 400 ML;Pantene;400 ml;4037.76;5.0
779100002379;SKU-12378;REXONA DESODORANTE AEROSOL 150 CC;Rexona;150 cc;3209.58;10.0
779100002380;SKU-12379;COLGATE CREMA DENTAL TRIPLE ACCION 90 G;Colgate;90 g;2084.08;10.0
779100002381;SKU-12380;COCA-COLA GASEOSA COLA 354 ML;Coca-Cola;354 ml;1371.43;0.0
779100002382;SKU-12381;SPRITE GASEOSA LIMA LIMON 500 ML;Sprite;500 ml;1836.21;0.0
779100002383;SKU-12382;QUILMES CERVEZA RUBIA PACK X6;Quilmes;Pack x6;12159.32;0.0
779100002384;SKU-12383;LA SERENÍSIMA LECHE ENTERA TETRA 1L;La Serenísima;Tetra 1L;1577.62;10.0
779100002385;SKU-12384;SANCOR LECHE DESCREMADA TETRA 1L;Sancor;Tetra 1L;1393.81;5.0
779100002386;SKU-12385;LA SERENÍSIMA YOGUR BEBIBLE FRUTILLA 180 G;La Serenísima;180 g;2337.08;5.0
779100002387;SKU-12386;SAN IGNACIO DULCE DE LECHE CLASICO 1000 G;San Ignacio;1000 g;2658.15;5.0
779100002388;SKU-12387;NATURA ACEITE GIRASOL 3 L;Natura;3 l;2402.47;0.0
779100002389;SKU-12388;COCINERO ACEITE MEZCLA 1500 ML;Cocinero;1500 ml;2724.08;5.0
779100002390;SKU-12389;GALLO ARROZ LARGO FINO 500 G;Gallo;500 g;1137.0;0.0
779100002391;SKU-12390;MATARAZZO FIDEOS GUISEROS 1000 GR;Matarazzo;1000 gr;1173.59;10.0
779100002392;SKU-12391;LUCCHETTI FIDEOS TALLARINES 500 GR;Lucchetti;500 gr;708.05;5.0
779100002393;SKU-12392;MAROLIO PURE DE TOMATE TETRA 520G;Marolio;Tetra 520g;879.72;5.0
779100002394;SKU-12393;HELLMANNS MAYONESA CLASICA 1000 GR;Hellmanns;1000 gr;2717.32;5.0
779100002395;SKU-12394;ARCOR GALLETITAS DULCES 300 G;Arcor;300 g;1013.94;0.0
779100002396;SKU-12395;TERRABUSI GALLETITAS DE AGUA PACK X3 300G;Terrabusi;Pack x3 300g;2819.18;10.0
779100002397;SKU-12396;HEAD & SHOULDERS SHAMPOO ANTICASPA 750 ML;Head & Shoulders;750 ml;4946.28;0.0
779100002398;SKU-12397;PANTENE ACONDICIONADOR BRILLO 200 ML;Pantene;200 ml;2093.59;0.0
779100002399;SKU-12398;REXONA DESODORANTE AEROSOL PACK X2;Rexona;Pack x2;6915.87;5.0
779100002400;SKU-12399;COLGATE CREMA DENTAL TRIPLE ACCION 140 G;Colgate;140 g;1990.96;10.0
779100002401;SKU-12400;COCA-COLA GASEOSA COLA 2250 ML;Coca-Cola;2250 ml;5446.27;10.0
779100002402;SKU-12401;SPRITE GASEOSA LIMA LIMON 2250 ML;Sprite;2250 ml;5314.08;0.0
779100002403;SKU-12402;QUILMES CERVEZA RUBIA 1000 CC;Quilmes;1000 cc;2014.03;5.0
779100002404;SKU-12403;LA SERENÍSIMA LECHE ENTERA 1000 CC;La Serenísima;1000 cc;1306.52;0.0
779100002405;SKU-12404;SANCOR LECHE DESCREMADA 1000 CC;Sancor;1000 cc;1517.76;0.0
779100002406;SKU-12405;LA SERENÍSIMA YOGUR BEBIBLE FRUTILLA 1000 GR;La Serenísima;1000 gr;2344.91;5.0
779100002407;SKU-12406;SAN IGNACIO DULCE DE LECHE CLASICO 400 G;San Ignacio;400 g;2615.66;10.0
779100002408;SKU-12407;NATURA ACEITE GIRASOL 900 ML;Natura;900 ml;2137.19;10.0
779100002409;SKU-12408;COCINERO ACEITE MEZCLA 900 ML;Cocinero;900 ml;1720.61;10.0
779100002410;SKU-12409;GALLO ARROZ LARGO FINO 1000 GR;Gallo;1000 gr;1695.36;5.0
779100002411;SKU-12410;MATARAZZO FIDEOS GUISEROS 500 G;Matarazzo;500 g;704.31;10.0
779100002412;SKU-12411;LUCCHETTI FIDEOS TALLARINES 500 G;Lucchetti;500 g;729.79;0.0
779100002413;SKU-12412;MAROLIO PURE DE TOMATE 520 G;Marolio;520 g;803.8;5.0
779100002414;SKU-12413;HELLMANNS MAYONESA CLASICA 475 G;Hellmanns;475 g;2936.09;10.0
779100002415;SKU-12414;ARCOR GALLETITAS DULCES 120 G;Arcor;120 g;1139.61;10.0
779100002416;SKU-12415;TERRABUSI GALLETITAS DE AGUA 100 G;Terrabusi;100 g;1083.65;10.0
779100002417;SKU-12416;HEAD & SHOULDERS SHAMPOO ANTICASPA 400 ML;Head & Shoulders;400 ml;4787.49;5.0
779100002418;SKU-12417;PANTENE ACONDICIONADOR BRILLO 400 ML;Pantene;400 ml;4227.01;0.0
779100002419;SKU-12418;REXONA DESODORANTE AEROSOL 150 ML;Rexona;150 ml;2856.68;5.0
779100002420;SKU-12419;COLGATE CREMA DENTAL TRIPLE ACCION 70 G;Colgate;70 g;1987.4;10.0
779100002421;SKU-12420;COCA-COLA GASEOSA COLA 2250 ML;Coca-Cola;2250 ml;4738.36;5.0
779100002422;SKU-12421;SPRITE GASEOSA LIMA LIMON 2250 ML;Sprite;2250 ml;5482.19;10.0
779100002423;SKU-12422;QUILMES CERVEZA RUBIA 1000 CC;Quilmes;1000 cc;2081.22;5.0
779100002424;SKU-12423;LA SERENÍSIMA LECHE ENTERA 1000 ML;La Serenísima;1000 ml;1424.08;5.0
779100002425;SKU-12424;SANCOR LECHE DESCREMADA 1000 ML;Sancor;1000 ml;1429.85;10.0
779100002426;SKU-12425;LA SERENÍSIMA YOGUR BEBIBLE FRUTILLA 1000 G;La Serenísima;1000 g;2029.71;5.0
779100002427;SKU-12426;SAN IGNACIO DULCE DE LECHE CLASICO 400 GR;San Ignacio;400 gr;2369.24;5.0
779100002428;SKU-12427;NATURA ACEITE GIRASOL 1500 ML;Natura;1500 ml;3124.96;10.0
779100002429;SKU-12428;COCINERO ACEITE MEZCLA 1500 ML;Cocinero;1500 ml;2494.51;10.0
779100002430;SKU-12429;GALLO ARROZ LARGO FINO 1000 G;Gallo;1000 g;1930.59;5.0
779100002431;SKU-12430;MATARAZZO FIDEOS GUISEROS 500 GR;Matarazzo;500 gr;792.36;10.0
779100002432;SKU-12431;LUCCHETTI FIDEOS TALLARINES 500 GR;Lucchetti;500 gr;735.12;10.0
779100002433;SKU-12432;MAROLIO PURE DE TOMATE 520 GR;Marolio;520 gr;879.36;5.0
779100002434;SKU-12433;HELLMANNS MAYONESA CLASICA 500 G;Hellmanns;500 g;1458.04;10.0
779100002435;SKU-12434;ARCOR GALLETITAS DULCES 160 G;Arcor;160 g;1083.75;10.0
779100002436;SKU-12435;TERRABUSI GALLETITAS DE AGUA 300 G;Terrabusi;300 g;1032.59;5.0
779100002437;SKU-12436;HEAD & SHOULDERS SHAMPOO ANTICASPA 200 ML;Head & Shoulders;200 ml;1970.04;0.0
779100002438;SKU-12437;PANTENE ACONDICIONADOR BRILLO 200 ML;Pantene;200 ml;2217.47;10.0
779100002439;SKU-12438;REXONA DESODORANTE AEROSOL 150 CC;Rexona;150 cc;2539.86;10.0
779100002440;SKU-12439;COLGATE CREMA DENTAL TRIPLE ACCION 90 G;Colgate;90 g;2002.36;0.0
779100002441;SKU-12440;COCA-COLA GASEOSA COLA 2.25L;Coca-Cola;2.25L;4757.97;10.0
779100002442;SKU-12441;SPRITE GASEOSA LIMA LIMON 1500 ML;Sprite;1500 ml;3839.5;0.0
779100002443;SKU-12442;QUILMES CERVEZA RUBIA 473 ML;Quilmes;473 ml;1432.93;0.0
779100002444;SKU-12443;LA SERENÍSIMA LECHE ENTERA SACHET 1L;La Serenísima;Sachet 1L;1315.84;0.0
779100002445;SKU-12444;SANCOR LECHE DESCREMADA TETRA 1L;Sancor;Tetra 1L;1258.3;0.0
779100002446;SKU-12445;LA SERENÍSIMA YOGUR BEBIBLE FRUTILLA 1000 GR;La Serenísima;1000 gr;2027.56;10.0
779100002447;SKU-12446;SAN IGNACIO DULCE DE LECHE CLASICO 1000 GR;San Ignacio;1000 gr;2751.6;5.0
779100002448;SKU-12447;NATURA ACEITE GIRASOL 1500 ML;Natura;1500 ml;2826.88;0.0
779100002449;SKU-12448;COCINERO ACEITE MEZCLA 1500 ML;Cocinero;1500 ml;2789.12;5.0
779100002450;SKU-12449;GALLO ARROZ LARGO FINO 1000 GR;Gallo;1000 gr;1971.26;0.0
779100002451;SKU-12450;MATARAZZO FIDEOS GUISEROS 1000 GR;Matarazzo;1000 gr;1273.89;5.0
779100002452;SKU-12451;LUCCHETTI FIDEOS TALLARINES 500 G;Lucchetti;500 g;812.73;0.0
779100002453;SKU-12452;MAROLIO PURE DE TOMATE TETRA 520G;Marolio;Tetra 520g;922.81;0.0
779100002454;SKU-12453;HELLMANNS MAYONESA CLASICA 950 G;Hellmanns;950 g;2249.05;10.0
779100002455;SKU-12454;ARCOR GALLETITAS DULCES PACK X3;Arcor;Pack x3;3198.58;0.0
779100002456;SKU-12455;TERRABUSI GALLETITAS DE AGUA PACK X3 300G;Terrabusi;Pack x3 300g;2916.09;0.0
779100002457;SKU-12456;HEAD & SHOULDERS SHAMPOO ANTICASPA 750 ML;Head & Shoulders;750 ml;5011.83;0.0
779100002458;SKU-12457;PANTENE ACONDICIONADOR BRILLO 400 ML;Pantene;400 ml;4896.98;0.0
779100002459;SKU-12458;REXONA DESODORANTE AEROSOL PACK X2;Rexona;Pack x2;7438.56;0.0
779100002460;SKU-12459;COLGATE CREMA DENTAL TRIPLE ACCION 140 G;Colgate;140 g;1714.61;0.0
779100002461;SKU-12460;COCA-COLA GASEOSA COLA 1500 ML;Coca-Cola;1500 ml;3848.86;0.0
779100002462;SKU-12461;SPRITE GASEOSA LIMA LIMON 500 ML;Sprite;500 ml;1517.66;0.0
779100002463;SKU-12462;QUILMES CERVEZA RUBIA 710 ML;Quilmes;710 ml;2519.14;10.0
779100002464;SKU-12463;LA SERENÍSIMA LECHE ENTERA TETRA 1L;La Serenísima;Tetra 1L;1339.53;10.0
779100002465;SKU-12464;SANCOR LECHE DESCREMADA 1000 CC;Sancor;1000 cc;1378.91;5.0
779100002466;SKU-12465;LA SERENÍSIMA YOGUR BEBIBLE FRUTILLA 180 G;La Serenísima;180 g;2267.96;0.0
779100002467;SKU-12466;SAN IGNACIO DULCE DE LECHE CLASICO 1000 G;San Ignacio;1000 g;2304.62;5.0
779100002468;SKU-12467;NATURA ACEITE GIRASOL 3 L;Natura;3 l;2563.53;10.0
779100002469;SKU-12468;COCINERO ACEITE MEZCLA 900 ML;Cocinero;900 ml;1593.71;0.0
779100002470;SKU-12469;GALLO ARROZ LARGO FINO 500 G;Gallo;500 g;1171.74;10.0
779100002471;SKU-12470;MATARAZZO FIDEOS GUISEROS 500 G;Matarazzo;500 g;753.67;0.0
779100002472;SKU-12471;LUCCHETTI FIDEOS TALLARINES 500 GR;Lucchetti;500 gr;807.96;10.0
779100002473;SKU-12472;MAROLIO PURE DE TOMATE 520 G;Marolio;520 g;788.06;5.0
779100002474;SKU-12473;HELLMANNS MAYONESA CLASICA 1000 GR;Hellmanns;1000 gr;2987.83;10.0
779100002475;SKU-12474;ARCOR GALLETITAS DULCES 300 G;Arcor;300 g;1073.73;5.0
779100002476;SKU-12475;TERRABUSI GALLETITAS DE AGUA 100 G;Terrabusi;100 g;920.54;5.0
779100002477;SKU-12476;HEAD & SHOULDERS SHAMPOO ANTICASPA 400 ML;Head & Shoulders;400 ml;4243.59;10.0
779100002478;SKU-12477;PANTENE ACONDICIONADOR BRILLO 200 ML;Pantene;200 ml;2050.43;0.0
779100002479;SKU-12478;REXONA DESODORANTE AEROSOL 150 ML;Rexona;150 ml;3086.12;10.0
779100002480;SKU-12479;COLGATE CREMA DENTAL TRIPLE ACCION 70 G;Colgate;70 g;2141.8;10.0
779100002481;SKU-12480;COCA-COLA GASEOSA COLA 500 ML;Coca-Cola;500 ml;1514.81;5.0
779100002482;SKU-12481;SPRITE GASEOSA LIMA LIMON 2250 ML;Sprite;2250 ml;5576.28;5.0
779100002483;SKU-12482;QUILMES CERVEZA RUBIA PACK X6;Quilmes;Pack x6;11627.22;5.0
779100002484;SKU-12483;LA SERENÍSIMA LECHE ENTERA 1000 CC;La Serenísima;1000 cc;1275.12;10.0
779100002485;SKU-12484;SANCOR LECHE DESCREMADA 1000 ML;Sancor;1000 ml;1307.37;0.0
779100002486;SKU-12485;LA SERENÍSIMA YOGUR BEBIBLE FRUTILLA 1000 GR;La Serenísima;1000 gr;2088.46;0.0
779100002487;SKU-12486;SAN IGNACIO DULCE DE LECHE CLASICO 400 G;San Ignacio;400 g;2676.94;10.0
779100002488;SKU-12487;NATURA ACEITE GIRASOL 900 ML;Natura;900 ml;2148.76;5.0
779100002489;SKU-12488;COCINERO ACEITE MEZCLA 1500 ML;Cocinero;1500 ml;2448.97;10.0
779100002490;SKU-12489;GALLO ARROZ LARGO FINO 1000 GR;Gallo;1000 gr;1802.68;10.0
779100002491;SKU-12490;MATARAZZO FIDEOS GUISEROS 500 GR;Matarazzo;500 gr;805.74;0.0
779100002492;SKU-12491;LUCCHETTI FIDEOS TALLARINES 500 G;Lucchetti;500 g;797.06;10.0
779100002493;SKU-12492;MAROLIO PURE DE TOMATE 520 GR;Marolio;520 gr;830.42;0.0
779100002494;SKU-12493;HELLMANNS MAYONESA CLASICA 475 G;Hellmanns;475 g;2612.09;5.0
779100002495;SKU-12494;ARCOR GALLETITAS DULCES 120 G;Arcor;120 g;1142.28;0.0
779100002496;SKU-12495;TERRABUSI GALLETITAS DE AGUA 300 G;Terrabusi;300 g;973.87;10.0
779100002497;SKU-12496;HEAD & SHOULDERS SHAMPOO ANTICASPA 200 ML;Head & Shoulders;200 ml;2029.08;0.0
779100002498;SKU-12497;PANTENE ACONDICIONADOR BRILLO 400 ML;Pantene;400 ml;4407.89;0.0
779100002499;SKU-12498;REXONA DESODORANTE AEROSOL 150 CC;Rexona;150 cc;2964.25;10.0
779100002500;SKU-12499;COLGATE CREMA DENTAL TRIPLE ACCION 90 G;Colgate;90 g;2135.79;5.0
779100002501;SKU-12500;COCA-COLA GASEOSA COLA 354 ML;Coca-Cola;354 ml;1244.44;5.0
779100002502;SKU-12501;SPRITE GASEOSA LIMA LIMON 2250 ML;Sprite;2250 ml;5459.61;0.0
779100002503;SKU-12502;QUILMES CERVEZA RUBIA 1000 CC;Quilmes;1000 cc;2302.84;10.0
779100002504;SKU-12503;LA SERENÍSIMA LECHE ENTERA 1000 ML;La Serenísima;1000 ml;1506.6;0.0
779100002505;SKU-12504;SANCOR LECHE DESCREMADA TETRA 1L;Sancor;Tetra 1L;1301.23;0.0
779100002506;SKU-12505;LA SERENÍSIMA YOGUR BEBIBLE FRUTILLA 1000 G;La Serenísima;1000 g;1900.69;0.0
779100002507;SKU-12506;SAN IGNACIO DULCE DE LECHE CLASICO 400 GR;San Ignacio;400 gr;2618.69;0.0
779100002508;SKU-12507;NATURA ACEITE GIRASOL 1500 ML;Natura;1500 ml;2980.3;10.0
779100002509;SKU-12508;COCINERO ACEITE MEZCLA 1500 ML;Cocinero;1500 ml;2300.93;5.0
779100002510;SKU-12509;GALLO ARROZ LARGO FINO 1000 G;Gallo;1000 g;1826.9;10.0
779100002511;SKU-12510;MATARAZZO FIDEOS GUISEROS 1000 GR;Matarazzo;1000 gr;1302.61;5.0
779100002512;SKU-12511;LUCCHETTI FIDEOS TALLARINES 500 GR;Lucchetti;500 gr;844.27;0.0
779100002513;SKU-12512;MAROLIO PURE DE TOMATE TETRA 520G;Marolio;Tetra 520g;922.26;5.0
779100002514;SKU-12513;HELLMANNS MAYONESA CLASICA 500 G;Hellmanns;500 g;1602.43;10.0
779100002515;SKU-12514;ARCOR GALLETITAS DULCES 160 G;Arcor;160 g;1242.18;0.0
779100002516;SKU-12515;TERRABUSI GALLETITAS DE AGUA PACK X3 300G;Terrabusi;Pack x3 300g;2773.46;10.0
779100002517;SKU-12516;HEAD & SHOULDERS SHAMPOO ANTICASPA 750 ML;Head & Shoulders;750 ml;4720.19;10.0
779100002518;SKU-12517;PANTENE ACONDICIONADOR BRILLO 200 ML;Pantene;200 ml;2007.18;5.0
779100002519;SKU-12518;REXONA DESODORANTE AEROSOL PACK X2;Rexona;Pack x2;6916.76;10.0
779100002520;SKU-12519;COLGATE CREMA DENTAL TRIPLE ACCION 140 G;Colgate;140 g;1768.06;5.0
779100002521;SKU-12520;COCA-COLA GASEOSA COLA 2250 ML;Coca-Cola;2250 ml;5785.28;0.0
779100002522;SKU-12521;SPRITE GASEOSA LIMA LIMON 1500 ML;Sprite;1500 ml;3181.31;0.0
779100002523;SKU-12522;QUILMES CERVEZA RUBIA 1000 CC;Quilmes;1000 cc;2330.59;10.0
779100002524;SKU-12523;LA SERENÍSIMA LECHE ENTERA SACHET 1L;La Serenísima;Sachet 1L;1442.94;10.0
779100002525;SKU-12524;SANCOR LECHE DESCREMADA 1000 CC;Sancor;1000 cc;1321.6;0.0
779100002526;SKU-12525;LA SERENÍSIMA YOGUR BEBIBLE FRUTILLA 1000 GR;La Serenísima;1000 gr;2381.19;0.0
779100002527;SKU-12526;SAN IGNACIO DULCE DE LECHE CLASICO 1000 GR;San Ignacio;1000 gr;2673.88;0.0
779100002528;SKU-12527;NATURA ACEITE GIRASOL 1500 ML;Natura;1500 ml;3328.41;10.0
779100002529;SKU-12528;COCINERO ACEITE MEZCLA 900 ML;Cocinero;900 ml;1689.8;5.0
779100002530;SKU-12529;GALLO ARROZ LARGO FINO 1000 GR;Gallo;1000 gr;1624.54;5.0
779100002531;SKU-12530;MATARAZZO FIDEOS GUISEROS 500 G;Matarazzo;500 g;864.5;10.0
779100002532;SKU-12531;LUCCHETTI FIDEOS TALLARINES 500 G;Lucchetti;500 g;735.16;0.0
779100002533;SKU-12532;MAROLIO PURE DE TOMATE 520 G;Marolio;520 g;878.82;10.0
779100002534;SKU-12533;HELLMANNS MAYONESA CLASICA 950 G;Hellmanns;950 g;2523.88;5.0
779100002535;SKU-12534;ARCOR GALLETITAS DULCES PACK X3;Arcor;Pack x3;2856.13;0.0
779100002536;SKU-12535;TERRABUSI GALLETITAS DE AGUA 100 G;Terrabusi;100 g;980.72;10.0
779100002537;SKU-12536;HEAD & SHOULDERS SHAMPOO ANTICASPA 400 ML;Head & Shoulders;400 ml;4869.23;0.0
779100002538;SKU-12537;PANTENE ACONDICIONADOR BRILLO 400 ML;Pantene;400 ml;4466.65;0.0
779100002539;SKU-12538;REXONA DESODORANTE AEROSOL 150 ML;Rexona;150 ml;2784.96;5.0
779100002540;SKU-12539;COLGATE CREMA DENTAL TRIPLE ACCION 70 G;Colgate;70 g;1899.17;5.0
779100002541;SKU-12540;COCA-COLA GASEOSA COLA 2250 ML;Coca-Cola;2250 ml;5367.93;10.0
779100002542;SKU-12541;SPRITE GASEOSA LIMA LIMON 500 ML;Sprite;500 ml;1530.8;0.0
779100002543;SKU-12542;QUILMES CERVEZA RUBIA 473 ML;Quilmes;473 ml;1309.6;5.0
779100002544;SKU-12543;LA SERENÍSIMA LECHE ENTERA TETRA 1L;La Serenísima;Tetra 1L;1419.59;10.0
779100002545;SKU-12544;SANCOR LECHE DESCREMADA 1000 ML;Sancor;1000 ml;1477.31;10.0
779100002546;SKU-12545;LA SERENÍSIMA YOGUR BEBIBLE FRUTILLA 180 G;La Serenísima;180 g;2284.69;5.0
779100002547;SKU-12546;SAN IGNACIO DULCE DE LECHE CLASICO 1000 G;San Ignacio;1000 g;2551.15;5.0
779100002548;SKU-12547;NATURA ACEITE GIRASOL 3 L;Natura;3 l;2254.8;5.0
779100002549;SKU-12548;COCINERO ACEITE MEZCLA 1500 ML;Cocinero;1500 ml;2225.67;5.0
779100002550;SKU-12549;GALLO ARROZ LARGO FINO 500 G;Gallo;500 g;1169.24;0.0
779100002551;SKU-12550;MATARAZZO FIDEOS GUISEROS 500 GR;Matarazzo;500 gr;727.28;10.0
779100002552;SKU-12551;LUCCHETTI FIDEOS TALLARINES 500 GR;Lucchetti;500 gr;696.66;5.0
779100002553;SKU-12552;MAROLIO PURE DE TOMATE 520 GR;Marolio;520 gr;880.79;5.0
779100002554;SKU-12553;HELLMANNS MAYONESA CLASICA 1000 GR;Hellmanns;1000 gr;2567.79;0.0
779100002555;SKU-12554;ARCOR GALLETITAS DULCES 300 G;Arcor;300 g;1058.6;5.0
779100002556;SKU-12555;TERRABUSI GALLETITAS DE AGUA 300 G;Terrabusi;300 g;907.72;0.0
779100002557;SKU-12556;HEAD & SHOULDERS SHAMPOO ANTICASPA 200 ML;Head & Shoulders;200 ml;2123.76;10.0
779100002558;SKU-12557;PANTENE ACONDICIONADOR BRILLO 200 ML;Pantene;200 ml;1977.86;10.0
779100002559;SKU-12558;REXONA DESODORANTE AEROSOL 150 CC;Rexona;150 cc;3143.55;5.0
779100002560;SKU-12559;COLGATE CREMA DENTAL TRIPLE ACCION 90 G;Colgate;90 g;2145.03;10.0
779100002561;SKU-12560;COCA-COLA GASEOSA COLA 2.25L;Coca-Cola;2.25L;5209.61;10.0
779100002562;SKU-12561;SPRITE GASEOSA LIMA LIMON 2250 ML;Sprite;2250 ml;5013.57;10.0
779100002563;SKU-12562;QUILMES CERVEZA RUBIA 710 ML;Quilmes;710 ml;2304.94;0.0
779100002564;SKU-12563;LA SERENÍSIMA LECHE ENTERA 1000 CC;La Serenísima;1000 cc;1544.32;10.0
779100002565;SKU-12564;SANCOR LECHE DESCREMADA TETRA 1L;Sancor;Tetra 1L;1455.85;0.0
779100002566;SKU-12565;LA SERENÍSIMA YOGUR BEBIBLE FRUTILLA 1000 GR;La Serenísima;1000 gr;2198.88;5.0
779100002567;SKU-12566;SAN IGNACIO DULCE DE LECHE CLASICO 400 G;San Ignacio;400 g;2426.86;10.0
779100002568;SKU-12567;NATURA ACEITE GIRASOL 900 ML;Natura;900 ml;2353.73;10.0
779100002569;SKU-12568;COCINERO ACEITE MEZCLA 1500 ML;Cocinero;1500 ml;2520.01;10.0
779100002570;SKU-12569;GALLO ARROZ LARGO FINO 1000 GR;Gallo;1000 gr;1935.29;0.0
779100002571;SKU-12570;MATARAZZO FIDEOS GUISEROS 1000 GR;Matarazzo;1000 gr;1324.1;10.0
779100002572;SKU-12571;LUCCHETTI FIDEOS TALLARINES 500 G;Lucchetti;500 g;770.98;10.0
779100002573;SKU-12572;MAROLIO PURE DE TOMATE TETRA 520G;Marolio;Tetra 520g;937.73;10.0
779100002574;SKU-12573;HELLMANNS MAYONESA CLASICA 475 G;Hellmanns;475 g;2834.65;5.0
779100002575;SKU-12574;ARCOR GALLETITAS DULCES 120 G;Arcor;120 g;1247.94;10.0
779100002576;SKU-12575;TERRABUSI GALLETITAS DE AGUA PACK X3 300G;Terrabusi;Pack x3 300g;2923.16;10.0
779100002577;SKU-12576;HEAD & SHOULDERS SHAMPOO ANTICASPA 750 ML;Head & Shoulders;750 ml;4255.21;10.0
779100002578;SKU-12577;PANTENE ACONDICIONADOR BRILLO 400 ML;Pantene;400 ml;3983.94;10.0
779100002579;SKU-12578;REXONA DESODORANTE AEROSOL PACK X2;Rexona;Pack x2;7202.64;0.0
779100002580;SKU-12579;COLGATE CREMA DENTAL TRIPLE ACCION 140 G;Colgate;140 g;1763.98;5.0
779100002581;SKU-12580;COCA-COLA GASEOSA COLA 1500 ML;Coca-Cola;1500 ml;3613.63;5.0
779100002582;SKU-12581;SPRITE GASEOSA LIMA LIMON 2250 ML;Sprite;2250 ml;4765.01;5.0
779100002583;SKU-12582;QUILMES CERVEZA RUBIA PACK X6;Quilmes;Pack x6;10512.26;5.0
779100002584;SKU-12583;LA SERENÍSIMA LECHE ENTERA 1000 ML;La Serenísima;1000 ml;1374.85;10.0
779100002585;SKU-12584;SANCOR LECHE DESCREMADA 1000 CC;Sancor;1000 cc;1256.33;10.0
779100002586;SKU-12585;LA SERENÍSIMA YOGUR BEBIBLE FRUTILLA 1000 G;La Serenísima;1000 g;1967.9;0.0
779100002587;SKU-12586;SAN IGNACIO DULCE DE LECHE CLASICO 400 GR;San Ignacio;400 gr;2293.66;0.0
779100002588;SKU-12587;NATURA ACEITE GIRASOL 1500 ML;Natura;1500 ml;3346.78;5.0
779100002589;SKU-12588;COCINERO ACEITE MEZCLA 900 ML;Cocinero;900 ml;1896.39;10.0
779100002590;SKU-12589;GALLO ARROZ LARGO FINO 1000 G;Gallo;1000 g;1833.4;5.0
779100002591;SKU-12590;MATARAZZO FIDEOS GUISEROS 500 G;Matarazzo;500 g;832.78;10.0
779100002592;SKU-12591;LUCCHETTI FIDEOS TALLARINES 500 GR;Lucchetti;500 gr;712.1;10.0
779100002593;SKU-12592;MAROLIO PURE DE TOMATE 520 G;Marolio;520 g;966.94;0.0
779100002594;SKU-12593;HELLMANNS MAYONESA CLASICA 500 G;Hellmanns;500 g;1770.62;10.0
779100002595;SKU-12594;ARCOR GALLETITAS DULCES 160 G;Arcor;160 g;1217.43;5.0
779100002596;SKU-12595;TERRABUSI GALLETITAS DE AGUA 100 G;Terrabusi;100 g;929.32;10.0
779100002597;SKU-12596;HEAD & SHOULDERS SHAMPOO ANTICASPA 400 ML;Head & Shoulders;400 ml;4853.16;10.0
779100002598;SKU-12597;PANTENE ACONDICIONADOR BRILLO 200 ML;Pantene;200 ml;1890.28;0.0
779100002599;SKU-12598;REXONA DESODORANTE AEROSOL 150 ML;Rexona;150 ml;2536.91;5.0
779100002600;SKU-12599;COLGATE CREMA DENTAL TRIPLE ACCION 70 G;Colgate;70 g;1826.74;5.0
779100002601;SKU-12600;COCA-COLA GASEOSA COLA 500 ML;Coca-Cola;500 ml;1563.38;0.0
779100002602;SKU-12601;SPRITE GASEOSA LIMA LIMON 1500 ML;Sprite;1500 ml;3569.04;5.0
779100002603;SKU-12602;QUILMES CERVEZA RUBIA 1000 CC;Quilmes;1000 cc;2087.01;0.0
779100002604;SKU-12603;LA SERENÍSIMA LECHE ENTERA SACHET 1L;La Serenísima;Sachet 1L;1408.54;5.0
779100002605;SKU-12604;SANCOR LECHE DESCREMADA 1000 ML;Sancor;1000 ml;1272.37;5.0
779100002606;SKU-12605;LA SERENÍSIMA YOGUR BEBIBLE FRUTILLA 1000 GR;La Serenísima;1000 gr;2076.61;0.0
779100002607;SKU-12606;SAN IGNACIO DULCE DE LECHE CLASICO 1000 GR;San Ignacio;1000 gr;2380.07;10.0
779100002608;SKU-12607;NATURA ACEITE GIRASOL 1500 ML;Natura;1500 ml;3160.93;5.0
779100002609;SKU-12608;COCINERO ACEITE MEZCLA 1500 ML;Cocinero;1500 ml;2785.25;0.0
779100002610;SKU-12609;GALLO ARROZ LARGO FINO 1000 GR;Gallo;1000 gr;1964.14;0.0
779100002611;SKU-12610;MATARAZZO FIDEOS GUISEROS 500 GR;Matarazzo;500 gr;710.67;5.0
779100002612;SKU-12611;LUCCHETTI FIDEOS TALLARINES 500 G;Lucchetti;500 g;726.61;5.0
779100002613;SKU-12612;MAROLIO PURE DE TOMATE 520 GR;Marolio;520 gr;952.19;5.0
779100002614;SKU-12613;HELLMANNS MAYONESA CLASICA 950 G;Hellmanns;950 g;2305.56;5.0
779100002615;SKU-12614;ARCOR GALLETITAS DULCES PACK X3;Arcor;Pack x3;2807.03;5.0
779100002616;SKU-12615;TERRABUSI GALLETITAS DE AGUA 300 G;Terrabusi;300 g;879.64;10.0
779100002617;SKU-12616;HEAD & SHOULDERS SHAMPOO ANTICASPA 200 ML;Head & Shoulders;200 ml;1932.31;5.0
779100002618;SKU-12617;PANTENE ACONDICIONADOR BRILLO 400 ML;Pantene;400 ml;3991.45;0.0
779100002619;SKU-12618;REXONA DESODORANTE AEROSOL 150 CC;Rexona;150 cc;3010.89;10.0
779100002620;SKU-12619;COLGATE CREMA DENTAL TRIPLE ACCION 90 G;Colgate;90 g;2146.89;0.0
779100002621;SKU-12620;COCA-COLA GASEOSA COLA 354 ML;Coca-Cola;354 ml;1209.41;0.0
779100002622;SKU-12621;SPRITE GASEOSA LIMA LIMON 500 ML;Sprite;500 ml;1645.95;10.0
779100002623;SKU-12622;QUILMES CERVEZA RUBIA 1000 CC;Quilmes;1000 cc;2278.25;10.0
779100002624;SKU-12623;LA SERENÍSIMA LECHE ENTERA TETRA 1L;La Serenísima;Tetra 1L;1279.9;10.0
779100002625;SKU-12624;SANCOR LECHE DESCREMADA TETRA 1L;Sancor;Tetra 1L;1479.24;10.0
779100002626;SKU-12625;LA SERENÍSIMA YOGUR BEBIBLE FRUTILLA 180 G;La Serenísima;180 g;2074.31;0.0
779100002627;SKU-12626;SAN IGNACIO DULCE DE LECHE CLASICO 1000 G;San Ignacio;1000 g;2779.45;0.0
779100002628;SKU-12627;NATURA ACEITE GIRASOL 3 L;Natura;3 l;2226.97;0.0
779100002629;SKU-12628;COCINERO ACEITE MEZCLA 1500 ML;Cocinero;1500 ml;2476.93;5.0
779100002630;SKU-12629;GALLO ARROZ LARGO FINO 500 G;Gallo;500 g;996.22;0.0
779100002631;SKU-12630;MATARAZZO FIDEOS GUISEROS 1000 GR;Matarazzo;1000 gr;1352.58;5.0
779100002632;SKU-12631;LUCCHETTI FIDEOS TALLARINES 500 GR;Lucchetti;500 gr;757.01;0.0
779100002633;SKU-12632;MAROLIO PURE DE TOMATE TETRA 520G;Marolio;Tetra 520g;822.36;5.0
779100002634;SKU-12633;HELLMANNS MAYONESA CLASICA 1000 GR;Hellmanns;1000 gr;2683.5;5.0
779100002635;SKU-12634;ARCOR GALLETITAS DULCES 300 G;Arcor;300 g;1205.7;5.0
779100002636;SKU-12635;TERRABUSI GALLETITAS DE AGUA PACK X3 300G;Terrabusi;Pack x3 300g;2917.91;0.0
779100002637;SKU-12636;HEAD & SHOULDERS SHAMPOO ANTICASPA 750 ML;Head & Shoulders;750 ml;4210.8;10.0
779100002638;SKU-12637;PANTENE ACONDICIONADOR BRILLO 200 ML;Pantene;200 ml;2036.53;0.0
779100002639;SKU-12638;REXONA DESODORANTE AEROSOL PACK X2;Rexona;Pack x2;7654.43;10.0
779100002640;SKU-12639;COLGATE CREMA DENTAL TRIPLE ACCION 140 G;Colgate;140 g;1729.19;5.0
779100002641;SKU-12640;COCA-COLA GASEOSA COLA 2250 ML;Coca-Cola;2250 ml;5473.84;0.0
779100002642;SKU-12641;SPRITE GASEOSA LIMA LIMON 2250 ML;Sprite;2250 ml;4560.73;5.0
779100002643;SKU-12642;QUILMES CERVEZA RUBIA 473 ML;Quilmes;473 ml;1384.23;5.0
779100002644;SKU-12643;LA SERENÍSIMA LECHE ENTERA 1000 CC;La Serenísima;1000 cc;1555.6;5.0
779100002645;SKU-12644;SANCOR LECHE DESCREMADA 1000 CC;Sancor;1000 cc;1336.83;5.0
779100002646;SKU-12645;LA SERENÍSIMA YOGUR BEBIBLE FRUTILLA 1000 GR;La Serenísima;1000 gr;1959.44;5.0
779100002647;SKU-12646;SAN IGNACIO DULCE DE LECHE CLASICO 400 G;San Ignacio;400 g;2340.39;0.0
779100002648;SKU-12647;NATURA ACEITE GIRASOL 900 ML;Natura;900 ml;2270.91;0.0
779100002649;SKU-12648;COCINERO ACEITE MEZCLA 900 ML;Cocinero;900 ml;1917.08;10.0
779100002650;SKU-12649;GALLO ARROZ LARGO FINO 1000 GR;Gallo;1000 gr;1968.53;5.0
779100002651;SKU-12650;MATARAZZO FIDEOS GUISEROS 500 G;Matarazzo;500 g;780.05;10.0
779100002652;SKU-12651;LUCCHETTI FIDEOS TALLARINES 500 G;Lucchetti;500 g;785.46;5.0
779100002653;SKU-12652;MAROLIO PURE DE TOMATE 520 G;Marolio;520 g;890.18;5.0
779100002654;SKU-12653;HELLMANNS MAYONESA CLASICA 475 G;Hellmanns;475 g;2757.66;10.0
779100002655;SKU-12654;ARCOR GALLETITAS DULCES 120 G;Arcor;120 g;1199.81;5.0
779100002656;SKU-12655;TERRABUSI GALLETITAS DE AGUA 100 G;Terrabusi;100 g;987.65;5.0
779100002657;SKU-12656;HEAD & SHOULDERS SHAMPOO ANTICASPA 400 ML;Head & Shoulders;400 ml;4399.83;0.0
779100002658;SKU-12657;PANTENE ACONDICIONADOR BRILLO 400 ML;Pantene;400 ml;4425.55;10.0
779100002659;SKU-12658;REXONA DESODORANTE AEROSOL 150 ML;Rexona;150 ml;2732.71;10.0
779100002660;SKU-12659;COLGATE CREMA DENTAL TRIPLE ACCION 70 G;Colgate;70 g;1710.01;5.0
779100002661;SKU-12660;COCA-COLA GASEOSA COLA 2250 ML;Coca-Cola;2250 ml;4892.6;0.0
779100002662;SKU-12661;SPRITE GASEOSA LIMA LIMON 2250 ML;Sprite;2250 ml;5232.09;0.0
779100002663;SKU-12662;QUILMES CERVEZA RUBIA 710 ML;Quilmes;710 ml;2203.41;5.0
779100002664;SKU-12663;LA SERENÍSIMA LECHE ENTERA 1000 ML;La Serenísima;1000 ml;1477.83;10.0
779100002665;SKU-12664;SANCOR LECHE DESCREMADA 1000 ML;Sancor;1000 ml;1354.29;5.0
779100002666;SKU-12665;LA SERENÍSIMA YOGUR BEBIBLE FRUTILLA 1000 G;La Serenísima;1000 g;2333.13;10.0
779100002667;SKU-12666;SAN IGNACIO DULCE DE LECHE CLASICO 400 GR;San Ignacio;400 gr;2388.9;0.0
779100002668;SKU-12667;NATURA ACEITE GIRASOL 1500 ML;Natura;1500 ml;3179.96;10.0
779100002669;SKU-12668;COCINERO ACEITE MEZCLA 1500 ML;Cocinero;1500 ml;2675.0;0.0
779100002670;SKU-12669;GALLO ARROZ LARGO FINO 1000 G;Gallo;1000 g;1702.2;10.0
779100002671;SKU-12670;MATARAZZO FIDEOS GUISEROS 500 GR;Matarazzo;500 gr;726.98;10.0
779100002672;SKU-12671;LUCCHETTI FIDEOS TALLARINES 500 GR;Lucchetti;500 gr;851.32;10.0
779100002673;SKU-12672;MAROLIO PURE DE TOMATE 520 GR;Marolio;520 gr;842.11;0.0
779100002674;SKU-12673;HELLMANNS MAYONESA CLASICA 500 G;Hellmanns;500 g;1550.64;0.0
779100002675;SKU-12674;ARCOR GALLETITAS DULCES 160 G;Arcor;160 g;1126.75;0.0
779100002676;SKU-12675;TERRABUSI GALLETITAS DE AGUA 300 G;Terrabusi;300 g;979.71;5.0
779100002677;SKU-12676;HEAD & SHOULDERS SHAMPOO ANTICASPA 200 ML;Head & Shoulders;200 ml;2201.86;0.0
779100002678;SKU-12677;PANTENE ACONDICIONADOR BRILLO 200 ML;Pantene;200 ml;1866.8;0.0
779100002679;SKU-12678;REXONA DESODORANTE AEROSOL 150 CC;Rexona;150 cc;3018.85;0.0
779100002680;SKU-12679;COLGATE CREMA DENTAL TRIPLE ACCION 90 G;Colgate;90 g;1849.96;5.0
779100002681;SKU-12680;COCA-COLA GASEOSA COLA 2.25L;Coca-Cola;2.25L;5743.86;10.0
779100002682;SKU-12681;SPRITE GASEOSA LIMA LIMON 1500 ML;Sprite;1500 ml;3771.38;5.0
779100002683;SKU-12682;QUILMES CERVEZA RUBIA PACK X6;Quilmes;Pack x6;13093.55;10.0
779100002684;SKU-12683;LA SERENÍSIMA LECHE ENTERA SACHET 1L;La Serenísima;Sachet 1L;1346.45;0.0
779100002685;SKU-12684;SANCOR LECHE DESCREMADA TETRA 1L;Sancor;Tetra 1L;1234.86;10.0
779100002686;SKU-12685;LA SERENÍSIMA YOGUR BEBIBLE FRUTILLA 1000 GR;La Serenísima;1000 gr;2254.01;5.0
779100002687;SKU-12686;SAN IGNACIO DULCE DE LECHE CLASICO 1000 GR;San Ignacio;1000 gr;2347.54;5.0
779100002688;SKU-12687;NATURA ACEITE GIRASOL 1500 ML;Natura;1500 ml;3035.9;5.0
779100002689;SKU-12688;COCINERO ACEITE MEZCLA 1500 ML;Cocinero;1500 ml;2326.81;0.0
779100002690;SKU-12689;GALLO ARROZ LARGO FINO 1000 GR;Gallo;1000 gr;1809.88;5.0
779100002691;SKU-12690;MATARAZZO FIDEOS GUISEROS 1000 GR;Matarazzo;1000 gr;1340.3;5.0
779100002692;SKU-12691;LUCCHETTI FIDEOS TALLARINES 500 G;Lucchetti;500 g;832.68;0.0
779100002693;SKU-12692;MAROLIO PURE DE TOMATE TETRA 520G;Marolio;Tetra 520g;923.33;0.0
779100002694;SKU-12693;HELLMANNS MAYONESA CLASICA 950 G;Hellmanns;950 g;2603.55;10.0
779100002695;SKU-12694;ARCOR GALLETITAS DULCES PACK X3;Arcor;Pack x3;3020.63;0.0
779100002696;SKU-12695;TERRABUSI GALLETITAS DE AGUA PACK X3 300G;Terrabusi;Pack x3 300g;2839.44;0.0
779100002697;SKU-12696;HEAD & SHOULDERS SHAMPOO ANTICASPA 750 ML;Head & Shoulders;750 ml;4744.83;5.0
779100002698;SKU-12697;PANTENE ACONDICIONADOR BRILLO 400 ML;Pantene;400 ml;3948.0;0.0
779100002699;SKU-12698;REXONA DESODORANTE AEROSOL PACK X2;Rexona;Pack x2;8397.35;10.0
779100002700;SKU-12699;COLGATE CREMA DENTAL TRIPLE ACCION 140 G;Colgate;140 g;1751.13;0.0
779100002701;SKU-12700;COCA-COLA GASEOSA COLA 1500 ML;Coca-Cola;1500 ml;4062.55;0.0
779100002702;SKU-12701;SPRITE GASEOSA LIMA LIMON 500 ML;Sprite;500 ml;1558.54;10.0
779100002703;SKU-12702;QUILMES CERVEZA RUBIA 1000 CC;Quilmes;1000 cc;2308.61;0.0
779100002704;SKU-12703;LA SERENÍSIMA LECHE ENTERA TETRA 1L;La Serenísima;Tetra 1L;1600.85;10.0
779100002705;SKU-12704;SANCOR LECHE DESCREMADA 1000 CC;Sancor;1000 cc;1418.17;10.0
779100002706;SKU-12705;LA SERENÍSIMA YOGUR BEBIBLE FRUTILLA 180 G;La Serenísima;180 g;2312.3;10.0
779100002707;SKU-12706;SAN IGNACIO DULCE DE LECHE CLASICO 1000 G;San Ignacio;1000 g;2447.36;5.0
779100002708;SKU-12707;NATURA ACEITE GIRASOL 3 L;Natura;3 l;2635.5;5.0
779100002709;SKU-12708;COCINERO ACEITE MEZCLA 900 ML;Cocinero;900 ml;1683.13;5.0
779100002710;SKU-12709;GALLO ARROZ LARGO FINO 500 G;Gallo;500 g;1065.58;0.0
779100002711;SKU-12710;MATARAZZO FIDEOS GUISEROS 500 G;Matarazzo;500 g;766.42;10.0
779100002712;SKU-12711;LUCCHETTI FIDEOS TALLARINES 500 GR;Lucchetti;500 gr;685.33;10.0
779100002713;SKU-12712;MAROLIO PURE DE TOMATE 520 G;Marolio;520 g;903.91;0.0
779100002714;SKU-12713;HELLMANNS MAYONESA CLASICA 1000 GR;Hellmanns;1000 gr;2739.6;10.0
779100002715;SKU-12714;ARCOR GALLETITAS DULCES 300 G;Arcor;300 g;1054.35;5.0
779100002716;SKU-12715;TERRABUSI GALLETITAS DE AGUA 100 G;Terrabusi;100 g;947.62;0.0
779100002717;SKU-12716;HEAD & SHOULDERS SHAMPOO ANTICASPA 400 ML;Head & Shoulders;400 ml;4309.64;0.0
779100002718;SKU-12717;PANTENE ACONDICIONADOR BRILLO 200 ML;Pantene;200 ml;2033.17;10.0
779100002719;SKU-12718;REXONA DESODORANTE AEROSOL 150 ML;Rexona;150 ml;2685.96;5.0
779100002720;SKU-12719;COLGATE CREMA DENTAL TRIPLE ACCION 70 G;Colgate;70 g;2161.78;0.0
779100002721;SKU-12720;COCA-COLA GASEOSA COLA 500 ML;Coca-Cola;500 ml;1596.38;5.0
779100002722;SKU-12721;SPRITE GASEOSA LIMA LIMON 2250 ML;Sprite;2250 ml;4629.02;0.0
779100002723;SKU-12722;QUILMES CERVEZA RUBIA 1000 CC;Quilmes;1000 cc;2059.32;0.0
779100002724;SKU-12723;LA SERENÍSIMA LECHE ENTERA 1000 CC;La Serenísima;1000 cc;1372.92;0.0
779100002725;SKU-12724;SANCOR LECHE DESCREMADA 1000 ML;Sancor;1000 ml;1505.33;10.0
779100002726;SKU-12725;LA SERENÍSIMA YOGUR BEBIBLE FRUTILLA 1000 GR;La Serenísima;1000 gr;1970.09;0.0
779100002727;SKU-12726;SAN IGNACIO DULCE DE LECHE CLASICO 400 G;San Ignacio;400 g;2743.54;0.0
779100002728;SKU-12727;NATURA ACEITE GIRASOL 900 ML;Natura;900 ml;2116.46;10.0
779100002729;SKU-12728;COCINERO ACEITE MEZCLA 1500 ML;Cocinero;1500 ml;2650.17;0.0
779100002730;SKU-12729;GALLO ARROZ LARGO FINO 1000 GR;Gallo;1000 gr;1632.88;5.0
779100002731;SKU-12730;MATARAZZO FIDEOS GUISEROS 500 GR;Matarazzo;500 gr;820.14;0.0
779100002732;SKU-12731;LUCCHETTI FIDEOS TALLARINES 500 G;Lucchetti;500 g;799.88;0.0
779100002733;SKU-12732;MAROLIO PURE DE TOMATE 520 GR;Marolio;520 gr;896.83;0.0
779100002734;SKU-12733;HELLMANNS MAYONESA CLASICA 475 G;Hellmanns;475 g;2430.54;0.0
779100002735;SKU-12734;ARCOR GALLETITAS DULCES 120 G;Arcor;120 g;1132.43;10.0
779100002736;SKU-12735;TERRABUSI GALLETITAS DE AGUA 300 G;Terrabusi;300 g;968.44;10.0
779100002737;SKU-12736;HEAD & SHOULDERS SHAMPOO ANTICASPA 200 ML;Head & Shoulders;200 ml;1874.67;5.0
779100002738;SKU-12737;PANTENE ACONDICIONADOR BRILLO 400 ML;Pantene;400 ml;4063.55;10.0
779100002739;SKU-12738;REXONA DESODORANTE AEROSOL 150 CC;Rexona;150 cc;2645.18;5.0
779100002740;SKU-12739;COLGATE CREMA DENTAL TRIPLE ACCION 90 G;Colgate;90 g;1908.38;5.0
779100002741;SKU-12740;COCA-COLA GASEOSA COLA 354 ML;Coca-Cola;354 ml;1386.37;10.0
779100002742;SKU-12741;SPRITE GASEOSA LIMA LIMON 2250 ML;Sprite;2250 ml;4878.39;10.0
779100002743;SKU-12742;QUILMES CERVEZA RUBIA 473 ML;Quilmes;473 ml;1483.59;0.0
779100002744;SKU-12743;LA SERENÍSIMA LECHE ENTERA 1000 ML;La Serenísima;1000 ml;1559.61;5.0
779100002745;SKU-12744;SANCOR LECHE DESCREMADA TETRA 1L;Sancor;Tetra 1L;1451.95;5.0
779100002746;SKU-12745;LA SERENÍSIMA YOGUR BEBIBLE FRUTILLA 1000 G;La Serenísima;1000 g;2159.58;5.0
779100002747;SKU-12746;SAN IGNACIO DULCE DE LECHE CLASICO 400 GR;San Ignacio;400 gr;2759.98;10.0
779100002748;SKU-12747;NATURA ACEITE GIRASOL 1500 ML;Natura;1500 ml;3176.63;5.0
779100002749;SKU-12748;COCINERO ACEITE MEZCLA 1500 ML;Cocinero;1500 ml;2736.7;10.0
779100002750;SKU-12749;GALLO ARROZ LARGO FINO 1000 G;Gallo;1000 g;1888.97;0.0
779100002751;SKU-12750;MATARAZZO FIDEOS GUISEROS 1000 GR;Matarazzo;1000 gr;1192.09;10.0
779100002752;SKU-12751;LUCCHETTI FIDEOS TALLARINES 500 GR;Lucchetti;500 gr;825.89;10.0
779100002753;SKU-12752;MAROLIO PURE DE TOMATE TETRA 520G;Marolio;Tetra 520g;857.65;5.0
779100002754;SKU-12753;HELLMANNS MAYONESA CLASICA 500 G;Hellmanns;500 g;1616.32;5.0
779100002755;SKU-12754;ARCOR GALLETITAS DULCES 160 G;Arcor;160 g;1186.66;5.0
779100002756;SKU-12755;TERRABUSI GALLETITAS DE AGUA PACK X3 300G;Terrabusi;Pack x3 300g;2910.81;5.0
779100002757;SKU-12756;HEAD & SHOULDERS SHAMPOO ANTICASPA 750 ML;Head & Shoulders;750 ml;4893.22;5.0
779100002758;SKU-12757;PANTENE ACONDICIONADOR BRILLO 200 ML;Pantene;200 ml;2069.31;10.0
779100002759;SKU-12758;REXONA DESODORANTE AEROSOL PACK X2;Rexona;Pack x2;7635.96;5.0
779100002760;SKU-12759;COLGATE CREMA DENTAL TRIPLE ACCION 140 G;Colgate;140 g;2019.28;0.0
779100002761;SKU-12760;COCA-COLA GASEOSA COLA 2250 ML;Coca-Cola;2250 ml;5311.28;0.0
779100002762;SKU-12761;SPRITE GASEOSA LIMA LIMON 1500 ML;Sprite;1500 ml;3816.49;5.0
779100002763;SKU-12762;QUILMES CERVEZA RUBIA 710 ML;Quilmes;710 ml;2012.55;10.0
779100002764;SKU-12763;LA SERENÍSIMA LECHE ENTERA SACHET 1L;La Serenísima;Sachet 1L;1432.9;10.0
779100002765;SKU-12764;SANCOR LECHE DESCREMADA 1000 CC;Sancor;1000 cc;1461.21;0.0
779100002766;SKU-12765;LA SERENÍSIMA YOGUR BEBIBLE FRUTILLA 1000 GR;La Serenísima;1000 gr;2077.88;0.0
779100002767;SKU-12766;SAN IGNACIO DULCE DE LECHE CLASICO 1000 GR;San Ignacio;1000 gr;2427.52;5.0
779100002768;SKU-12767;NATURA ACEITE GIRASOL 1500 ML;Natura;1500 ml;3496.83;0.0
779100002769;SKU-12768;COCINERO ACEITE MEZCLA 900 ML;Cocinero;900 ml;1774.83;10.0
779100002770;SKU-12769;GALLO ARROZ LARGO FINO 1000 GR;Gallo;1000 gr;1768.89;10.0
779100002771;SKU-12770;MATARAZZO FIDEOS GUISEROS 500 G;Matarazzo;500 g;716.26;0.0
779100002772;SKU-12771;LUCCHETTI FIDEOS TALLARINES 500 G;Lucchetti;500 g;753.84;10.0
779100002773;SKU-12772;MAROLIO PURE DE TOMATE 520 G;Marolio;520 g;960.07;10.0
779100002774;SKU-12773;HELLMANNS MAYONESA CLASICA 950 G;Hellmanns;950 g;2611.75;10.0
779100002775;SKU-12774;ARCOR GALLETITAS DULCES PACK X3;Arcor;Pack x3;3127.24;5.0
779100002776;SKU-12775;TERRABUSI GALLETITAS DE AGUA 100 G;Terrabusi;100 g;1063.68;10.0
779100002777;SKU-12776;HEAD & SHOULDERS SHAMPOO ANTICASPA 400 ML;Head & Shoulders;400 ml;4313.05;10.0
779100002778;SKU-12777;PANTENE ACONDICIONADOR BRILLO 400 ML;Pantene;400 ml;3876.83;5.0
779100002779;SKU-12778;REXONA DESODORANTE AEROSOL 150 ML;Rexona;150 ml;3041.79;10.0
779100002780;SKU-12779;COLGATE CREMA DENTAL TRIPLE ACCION 70 G;Colgate;70 g;1726.64;10.0
779100002781;SKU-12780;COCA-COLA GASEOSA COLA 2250 ML;Coca-Cola;2250 ml;5781.83;0.0
779100002782;SKU-12781;SPRITE GASEOSA LIMA LIMON 500 ML;Sprite;500 ml;1617.42;5.0
779100002783;SKU-12782;QUILMES CERVEZA RUBIA PACK X6;Quilmes;Pack x6;11279.48;0.0
779100002784;SKU-12783;LA SERENÍSIMA LECHE ENTERA TETRA 1L;La Serenísima;Tetra 1L;1422.43;0.0
779100002785;SKU-12784;SANCOR LECHE DESCREMADA 1000 ML;Sancor;1000 ml;1285.16;10.0
779100002786;SKU-12785;LA SERENÍSIMA YOGUR BEBIBLE FRUTILLA 180 G;La Serenísima;180 g;2275.83;0.0
779100002787;SKU-12786;SAN IGNACIO DULCE DE LECHE CLASICO 1000 G;San Ignacio;1000 g;2388.03;10.0
779100002788;SKU-12787;NATURA ACEITE GIRASOL 3 L;Natura;3 l;2574.13;5.0
779100002789;SKU-12788;COCINERO ACEITE MEZCLA 1500 ML;Cocinero;1500 ml;2784.57;5.0
779100002790;SKU-12789;GALLO ARROZ LARGO FINO 500 G;Gallo;500 g;1161.45;5.0
779100002791;SKU-12790;MATARAZZO FIDEOS GUISEROS 500 GR;Matarazzo;500 gr;847.08;5.0
779100002792;SKU-12791;LUCCHETTI FIDEOS TALLARINES 500 GR;Lucchetti;500 gr;689.42;0.0
779100002793;SKU-12792;MAROLIO PURE DE TOMATE 520 GR;Marolio;520 gr;769.4;5.0
779100002794;SKU-12793;HELLMANNS MAYONESA CLASICA 1000 GR;Hellmanns;1000 gr;2748.17;0.0
779100002795;SKU-12794;ARCOR GALLETITAS DULCES 300 G;Arcor;300 g;1120.61;5.0
779100002796;SKU-12795;TERRABUSI GALLETITAS DE AGUA 300 G;Terrabusi;300 g;1032.69;10.0
779100002797;SKU-12796;HEAD & SHOULDERS SHAMPOO ANTICASPA 200 ML;Head & Shoulders;200 ml;2046.81;0.0
779100002798;SKU-12797;PANTENE ACONDICIONADOR BRILLO 200 ML;Pantene;200 ml;1777.18;5.0
779100002799;SKU-12798;REXONA DESODORANTE AEROSOL 150 CC;Rexona;150 cc;2898.92;0.0
779100002800;SKU-12799;COLGATE CREMA DENTAL TRIPLE ACCION 90 G;Colgate;90 g;2145.84;10.0
779100002801;SKU-12800;COCA-COLA GASEOSA COLA 2.25L;Coca-Cola;2.25L;5118.58;10.0
779100002802;SKU-12801;SPRITE GASEOSA LIMA LIMON 2250 ML;Sprite;2250 ml;4799.21;10.0
779100002803;SKU-12802;QUILMES CERVEZA RUBIA 1000 CC;Quilmes;1000 cc;2242.74;5.0
779100002804;SKU-12803;LA SERENÍSIMA LECHE ENTERA 1000 CC;La Serenísima;1000 cc;1482.0;10.0
779100002805;SKU-12804;SANCOR LECHE DESCREMADA TETRA 1L;Sancor;Tetra 1L;1483.4;5.0
779100002806;SKU-12805;LA SERENÍSIMA YOGUR BEBIBLE FRUTILLA 1000 GR;La Serenísima;1000 gr;1901.37;0.0
779100002807;SKU-12806;SAN IGNACIO DULCE DE LECHE CLASICO 400 G;San Ignacio;400 g;2467.27;0.0
779100002808;SKU-12807;NATURA ACEITE GIRASOL 900 ML;Natura;900 ml;2264.28;10.0
779100002809;SKU-12808;COCINERO ACEITE MEZCLA 1500 ML;Cocinero;1500 ml;2240.01;5.0
779100002810;SKU-12809;GALLO ARROZ LARGO FINO 1000 GR;Gallo;1000 gr;1692.37;0.0
779100002811;SKU-12810;MATARAZZO FIDEOS GUISEROS 1000 GR;Matarazzo;1000 gr;1251.52;5.0
779100002812;SKU-12811;LUCCHETTI FIDEOS TALLARINES 500 G;Lucchetti;500 g;838.24;10.0
779100002813;SKU-12812;MAROLIO PURE DE TOMATE TETRA 520G;Marolio;Tetra 520g;898.6;10.0
779100002814;SKU-12813;HELLMANNS MAYONESA CLASICA 475 G;Hellmanns;475 g;2941.72;0.0
779100002815;SKU-12814;ARCOR GALLETITAS DULCES 120 G;Arcor;120 g;1067.93;5.0
779100002816;SKU-12815;TERRABUSI GALLETITAS DE AGUA PACK X3 300G;Terrabusi;Pack x3 300g;2868.43;5.0
779100002817;SKU-12816;HEAD & SHOULDERS SHAMPOO ANTICASPA 750 ML;Head & Shoulders;750 ml;4473.27;10.0
779100002818;SKU-12817;PANTENE ACONDICIONADOR BRILLO 400 ML;Pantene;400 ml;3926.92;5.0
779100002819;SKU-12818;REXONA DESODORANTE AEROSOL PACK X2;Rexona;Pack x2;7845.16;10.0
779100002820;SKU-12819;COLGATE CREMA DENTAL TRIPLE ACCION 140 G;Colgate;140 g;1863.65;10.0
779100002821;SKU-12820;COCA-COLA GASEOSA COLA 1500 ML;Coca-Cola;1500 ml;3679.04;5.0
779100002822;SKU-12821;SPRITE GASEOSA LIMA LIMON 2250 ML;Sprite;2250 ml;5412.87;10.0
779100002823;SKU-12822;QUILMES CERVEZA RUBIA 1000 CC;Quilmes;1000 cc;2509.14;0.0
779100002824;SKU-12823;LA SERENÍSIMA LECHE ENTERA 1000 ML;La Serenísima;1000 ml;1549.57;10.0
779100002825;SKU-12824;SANCOR LECHE DESCREMADA 1000 CC;Sancor;1000 cc;1541.1;5.0
779100002826;SKU-12825;LA SERENÍSIMA YOGUR BEBIBLE FRUTILLA 1000 G;La Serenísima;1000 g;2028.95;0.0
779100002827;SKU-12826;SAN IGNACIO DULCE DE LECHE CLASICO 400 GR;San Ignacio;400 gr;2559.43;0.0
779100002828;SKU-12827;NATURA ACEITE GIRASOL 1500 ML;Natura;1500 ml;3406.77;0.0
779100002829;SKU-12828;COCINERO ACEITE MEZCLA 900 ML;Cocinero;900 ml;1833.74;5.0
779100002830;SKU-12829;GALLO ARROZ LARGO FINO 1000 G;Gallo;1000 g;1867.01;10.0
779100002831;SKU-12830;MATARAZZO FIDEOS GUISEROS 500 G;Matarazzo;500 g;745.81;0.0
779100002832;SKU-12831;LUCCHETTI FIDEOS TALLARINES 500 GR;Lucchetti;500 gr;731.08;0.0
779100002833;SKU-12832;MAROLIO PURE DE TOMATE 520 G;Marolio;520 g;806.39;0.0
779100002834;SKU-12833;HELLMANNS MAYONESA CLASICA 500 G;Hellmanns;500 g;1638.73;5.0
779100002835;SKU-12834;ARCOR GALLETITAS DULCES 160 G;Arcor;160 g;1250.63;0.0
779100002836;SKU-12835;TERRABUSI GALLETITAS DE AGUA 100 G;Terrabusi;100 g;863.15;10.0
779100002837;SKU-12836;HEAD & SHOULDERS SHAMPOO ANTICASPA 400 ML;Head & Shoulders;400 ml;4875.2;10.0
779100002838;SKU-12837;PANTENE ACONDICIONADOR BRILLO 200 ML;Pantene;200 ml;1927.96;5.0
779100002839;SKU-12838;REXONA DESODORANTE AEROSOL 150 ML;Rexona;150 ml;3078.62;5.0
779100002840;SKU-12839;COLGATE CREMA DENTAL TRIPLE ACCION 70 G;Colgate;70 g;1914.14;10.0
779100002841;SKU-12840;COCA-COLA GASEOSA COLA 500 ML;Coca-Cola;500 ml;1658.53;5.0
779100002842;SKU-12841;SPRITE GASEOSA LIMA LIMON 1500 ML;Sprite;1500 ml;3344.15;5.0
779100002843;SKU-12842;QUILMES CERVEZA RUBIA 473 ML;Quilmes;473 ml;1269.8;0.0
779100002844;SKU-12843;LA SERENÍSIMA LECHE ENTERA SACHET 1L;La Serenísima;Sachet 1L;1602.44;5.0
779100002845;SKU-12844;SANCOR LECHE DESCREMADA 1000 ML;Sancor;1000 ml;1415.82;10.0
779100002846;SKU-12845;LA SERENÍSIMA YOGUR BEBIBLE FRUTILLA 1000 GR;La Serenísima;1000 gr;2376.07;0.0
779100002847;SKU-12846;SAN IGNACIO DULCE DE LECHE CLASICO 1000 GR;San Ignacio;1000 gr;2261.87;10.0
779100002848;SKU-12847;NATURA ACEITE GIRASOL 1500 ML;Natura;1500 ml;3066.48;0.0
779100002849;SKU-12848;COCINERO ACEITE MEZCLA 1500 ML;Cocinero;1500 ml;2435.12;5.0
779100002850;SKU-12849;GALLO ARROZ LARGO FINO 1000 GR;Gallo;1000 gr;1953.77;5.0
779100002851;SKU-12850;MATARAZZO FIDEOS GUISEROS 500 GR;Matarazzo;500 gr;792.84;0.0
779100002852;SKU-12851;LUCCHETTI FIDEOS TALLARINES 500 G;Lucchetti;500 g;829.13;5.0
779100002853;SKU-12852;MAROLIO PURE DE TOMATE 520 GR;Marolio;520 gr;812.41;10.0
779100002854;SKU-12853;HELLMANNS MAYONESA CLASICA 950 G;Hellmanns;950 g;2240.5;10.0
779100002855;SKU-12854;ARCOR GALLETITAS DULCES PACK X3;Arcor;Pack x3;3209.03;0.0
779100002856;SKU-12855;TERRABUSI GALLETITAS DE AGUA 300 G;Terrabusi;300 g;889.41;5.0
779100002857;SKU-12856;HEAD & SHOULDERS SHAMPOO ANTICASPA 200 ML;Head & Shoulders;200 ml;2081.95;0.0
779100002858;SKU-12857;PANTENE ACONDICIONADOR BRILLO 400 ML;Pantene;400 ml;4400.62;0.0
779100002859;SKU-12858;REXONA DESODORANTE AEROSOL 150 CC;Rexona;150 cc;3185.19;5.0
779100002860;SKU-12859;COLGATE CREMA DENTAL TRIPLE ACCION 90 G;Colgate;90 g;1737.95;5.0
779100002861;SKU-12860;COCA-COLA GASEOSA COLA 354 ML;Coca-Cola;354 ml;1371.0;0.0
779100002862;SKU-12861;SPRITE GASEOSA LIMA LIMON 500 ML;Sprite;500 ml;1683.68;10.0
779100002863;SKU-12862;QUILMES CERVEZA RUBIA 710 ML;Quilmes;710 ml;2504.02;10.0
779100002864;SKU-12863;LA SERENÍSIMA LECHE ENTERA TETRA 1L;La Serenísima;Tetra 1L;1383.93;10.0
779100002865;SKU-12864;SANCOR LECHE DESCREMADA TETRA 1L;Sancor;Tetra 1L;1538.26;10.0
779100002866;SKU-12865;LA SERENÍSIMA YOGUR BEBIBLE FRUTILLA 180 G;La Serenísima;180 g;2024.12;10.0
779100002867;SKU-12866;SAN IGNACIO DULCE DE LECHE CLASICO 1000 G;San Ignacio;1000 g;2286.67;5.0
779100002868;SKU-12867;NATURA ACEITE GIRASOL 3 L;Natura;3 l;2247.0;5.0
779100002869;SKU-12868;COCINERO ACEITE MEZCLA 1500 ML;Cocinero;1500 ml;2299.61;10.0
779100002870;SKU-12869;GALLO ARROZ LARGO FINO 500 G;Gallo;500 g;972.0;5.0
779100002871;SKU-12870;MATARAZZO FIDEOS GUISEROS 1000 GR;Matarazzo;1000 gr;1258.18;10.0
779100002872;SKU-12871;LUCCHETTI FIDEOS TALLARINES 500 GR;Lucchetti;500 gr;781.04;5.0
779100002873;SKU-12872;MAROLIO PURE DE TOMATE TETRA 520G;Marolio;Tetra 520g;794.68;5.0
779100002874;SKU-12873;HELLMANNS MAYONESA CLASICA 1000 GR;Hellmanns;1000 gr;2449.84;5.0
779100002875;SKU-12874;ARCOR GALLETITAS DULCES 300 G;Arcor;300 g;1167.23;5.0
779100002876;SKU-12875;TERRABUSI GALLETITAS DE AGUA PACK X3 300G;Terrabusi;Pack x3 300g;2336.83;5.0
779100002877;SKU-12876;HEAD & SHOULDERS SHAMPOO ANTICASPA 750 ML;Head & Shoulders;750 ml;4861.33;10.0
779100002878;SKU-12877;PANTENE ACONDICIONADOR BRILLO 200 ML;Pantene;200 ml;2047.15;5.0
779100002879;SKU-12878;REXONA DESODORANTE AEROSOL PACK X2;Rexona;Pack x2;8350.88;0.0
779100002880;SKU-12879;COLGATE CREMA DENTAL TRIPLE ACCION 140 G;Colgate;140 g;2050.92;5.0
779100002881;SKU-12880;COCA-COLA GASEOSA COLA 2250 ML;Coca-Cola;2250 ml;5762.85;0.0
779100002882;SKU-12881;SPRITE GASEOSA LIMA LIMON 2250 ML;Sprite;2250 ml;5130.35;0.0
779100002883;SKU-12882;QUILMES CERVEZA RUBIA PACK X6;Quilmes;Pack x6;12761.27;10.0
779100002884;SKU-12883;LA SERENÍSIMA LECHE ENTERA 1000 CC;La Serenísima;1000 cc;1347.42;0.0
779100002885;SKU-12884;SANCOR LECHE DESCREMADA 1000 CC;Sancor;1000 cc;1226.62;0.0
779100002886;SKU-12885;LA SERENÍSIMA YOGUR BEBIBLE FRUTILLA 1000 GR;La Serenísima;1000 gr;2242.71;10.0
779100002887;SKU-12886;SAN IGNACIO DULCE DE LECHE CLASICO 400 G;San Ignacio;400 g;2279.47;10.0
779100002888;SKU-12887;NATURA ACEITE GIRASOL 900 ML;Natura;900 ml;1981.57;5.0
779100002889;SKU-12888;COCINERO ACEITE MEZCLA 900 ML;Cocinero;900 ml;1839.19;10.0
779100002890;SKU-12889;GALLO ARROZ LARGO FINO 1000 GR;Gallo;1000 gr;1635.94;10.0
779100002891;SKU-12890;MATARAZZO FIDEOS GUISEROS 500 G;Matarazzo;500 g;814.47;0.0
779100002892;SKU-12891;LUCCHETTI FIDEOS TALLARINES 500 G;Lucchetti;500 g;791.86;10.0
779100002893;SKU-12892;MAROLIO PURE DE TOMATE 520 G;Marolio;520 g;928.92;5.0
779100002894;SKU-12893;HELLMANNS MAYONESA CLASICA 475 G;Hellmanns;475 g;2466.65;0.0
779100002895;SKU-12894;ARCOR GALLETITAS DULCES 120 G;Arcor;120 g;1236.53;5.0
779100002896;SKU-12895;TERRABUSI GALLETITAS DE AGUA 100 G;Terrabusi;100 g;967.73;5.0
779100002897;SKU-12896;HEAD & SHOULDERS SHAMPOO ANTICASPA 400 ML;Head & Shoulders;400 ml;4631.63;5.0
779100002898;SKU-12897;PANTENE ACONDICIONADOR BRILLO 400 ML;Pantene;400 ml;3982.3;10.0
779100002899;SKU-12898;REXONA DESODORANTE AEROSOL 150 ML;Rexona;150 ml;2569.51;0.0
779100002900;SKU-12899;COLGATE CREMA DENTAL TRIPLE ACCION 70 G;Colgate;70 g;1753.29;10.0
779100002901;SKU-12900;COCA-COLA GASEOSA COLA 2250 ML;Coca-Cola;2250 ml;5742.21;10.0
779100002902;SKU-12901;SPRITE GASEOSA LIMA LIMON 2250 ML;Sprite;2250 ml;4720.8;10.0
779100002903;SKU-12902;QUILMES CERVEZA RUBIA 1000 CC;Quilmes;1000 cc;2479.09;5.0
779100002904;SKU-12903;LA SERENÍSIMA LECHE ENTERA 1000 ML;La Serenísima;1000 ml;1426.36;10.0
779100002905;SKU-12904;SANCOR LECHE DESCREMADA 1000 ML;Sancor;1000 ml;1411.03;0.0
779100002906;SKU-12905;LA SERENÍSIMA YOGUR BEBIBLE FRUTILLA 1000 G;La Serenísima;1000 g;1914.74;10.0
779100002907;SKU-12906;SAN IGNACIO DULCE DE LECHE CLASICO 400 GR;San Ignacio;400 gr;2431.65;10.0
779100002908;SKU-12907;NATURA ACEITE GIRASOL 1500 ML;Natura;1500 ml;3276.84;5.0
779100002909;SKU-12908;COCINERO ACEITE MEZCLA 1500 ML;Cocinero;1500 ml;2358.49;0.0
779100002910;SKU-12909;GALLO ARROZ LARGO FINO 1000 G;Gallo;1000 g;1763.21;5.0
779100002911;SKU-12910;MATARAZZO FIDEOS GUISEROS 500 GR;Matarazzo;500 gr;722.76;10.0
779100002912;SKU-12911;LUCCHETTI FIDEOS TALLARINES 500 GR;Lucchetti;500 gr;808.95;0.0
779100002913;SKU-12912;MAROLIO PURE DE TOMATE 520 GR;Marolio;520 gr;791.27;0.0
779100002914;SKU-12913;HELLMANNS MAYONESA CLASICA 500 G;Hellmanns;500 g;1422.64;5.0
779100002915;SKU-12914;ARCOR GALLETITAS DULCES 160 G;Arcor;160 g;1044.8;5.0
779100002916;SKU-12915;TERRABUSI GALLETITAS DE AGUA 300 G;Terrabusi;300 g;1012.97;5.0
779100002917;SKU-12916;HEAD & SHOULDERS SHAMPOO ANTICASPA 200 ML;Head & Shoulders;200 ml;2321.17;0.0
779100002918;SKU-12917;PANTENE ACONDICIONADOR BRILLO 200 ML;Pantene;200 ml;1935.28;5.0
779100002919;SKU-12918;REXONA DESODORANTE AEROSOL 150 CC;Rexona;150 cc;2813.59;10.0
779100002920;SKU-12919;COLGATE CREMA DENTAL TRIPLE ACCION 90 G;Colgate;90 g;2148.93;10.0
779100002921;SKU-12920;COCA-COLA GASEOSA COLA 2.25L;Coca-Cola;2.25L;4780.5;10.0
779100002922;SKU-12921;SPRITE GASEOSA LIMA LIMON 1500 ML;Sprite;1500 ml;3682.24;0.0
779100002923;SKU-12922;QUILMES CERVEZA RUBIA 1000 CC;Quilmes;1000 cc;2337.55;5.0
779100002924;SKU-12923;LA SERENÍSIMA LECHE ENTERA SACHET 1L;La Serenísima;Sachet 1L;1303.68;10.0
779100002925;SKU-12924;SANCOR LECHE DESCREMADA TETRA 1L;Sancor;Tetra 1L;1314.83;0.0
779100002926;SKU-12925;LA SERENÍSIMA YOGUR BEBIBLE FRUTILLA 1000 GR;La Serenísima;1000 gr;1909.24;10.0
779100002927;SKU-12926;SAN IGNACIO DULCE DE LECHE CLASICO 1000 GR;San Ignacio;1000 gr;2250.0;10.0
779100002928;SKU-12927;NATURA ACEITE GIRASOL 1500 ML;Natura;1500 ml;3069.19;5.0
779100002929;SKU-12928;COCINERO ACEITE MEZCLA 1500 ML;Cocinero;1500 ml;2506.34;0.0
779100002930;SKU-12929;GALLO ARROZ LARGO FINO 1000 GR;Gallo;1000 gr;1848.96;5.0
779100002931;SKU-12930;MATARAZZO FIDEOS GUISEROS 1000 GR;Matarazzo;1000 gr;1240.38;10.0
779100002932;SKU-12931;LUCCHETTI FIDEOS TALLARINES 500 G;Lucchetti;500 g;806.83;5.0
779100002933;SKU-12932;MAROLIO PURE DE TOMATE TETRA 520G;Marolio;Tetra 520g;880.28;5.0
779100002934;SKU-12933;HELLMANNS MAYONESA CLASICA 950 G;Hellmanns;950 g;2509.35;5.0
779100002935;SKU-12934;ARCOR GALLETITAS DULCES PACK X3;Arcor;Pack x3;3003.68;0.0
779100002936;SKU-12935;TERRABUSI GALLETITAS DE AGUA PACK X3 300G;Terrabusi;Pack x3 300g;2852.35;5.0
779100002937;SKU-12936;HEAD & SHOULDERS SHAMPOO ANTICASPA 750 ML;Head & Shoulders;750 ml;5133.66;10.0
779100002938;SKU-12937;PANTENE ACONDICIONADOR BRILLO 400 ML;Pantene;400 ml;4756.2;0.0
779100002939;SKU-12938;REXONA DESODORANTE AEROSOL PACK X2;Rexona;Pack x2;8300.7;10.0
779100002940;SKU-12939;COLGATE CREMA DENTAL TRIPLE ACCION 140 G;Colgate;140 g;2001.38;0.0
779100002941;SKU-12940;COCA-COLA GASEOSA COLA 1500 ML;Coca-Cola;1500 ml;4044.59;5.0
779100002942;SKU-12941;SPRITE GASEOSA LIMA LIMON 500 ML;Sprite;500 ml;1490.32;0.0
779100002943;SKU-12942;QUILMES CERVEZA RUBIA 473 ML;Quilmes;473 ml;1227.36;5.0
779100002944;SKU-12943;LA SERENÍSIMA LECHE ENTERA TETRA 1L;La Serenísima;Tetra 1L;1365.48;10.0
779100002945;SKU-12944;SANCOR LECHE DESCREMADA 1000 CC;Sancor;1000 cc;1219.18;0.0
779100002946;SKU-12945;LA SERENÍSIMA YOGUR BEBIBLE FRUTILLA 180 G;La Serenísima;180 g;2343.01;5.0
779100002947;SKU-12946;SAN IGNACIO DULCE DE LECHE CLASICO 1000 G;San Ignacio;1000 g;2515.86;0.0
779100002948;SKU-12947;NATURA ACEITE GIRASOL 3 L;Natura;3 l;2470.25;10.0
779100002949;SKU-12948;COCINERO ACEITE MEZCLA 900 ML;Cocinero;900 ml;1858.87;10.0
779100002950;SKU-12949;GALLO ARROZ LARGO FINO 500 G;Gallo;500 g;1067.34;0.0
779100002951;SKU-12950;MATARAZZO FIDEOS GUISEROS 500 G;Matarazzo;500 g;871.66;5.0
779100002952;SKU-12951;LUCCHETTI FIDEOS TALLARINES 500 GR;Lucchetti;500 gr;766.05;5.0
779100002953;SKU-12952;MAROLIO PURE DE TOMATE 520 G;Marolio;520 g;976.29;10.0
779100002954;SKU-12953;HELLMANNS MAYONESA CLASICA 1000 GR;Hellmanns;1000 gr;2772.16;10.0
779100002955;SKU-12954;ARCOR GALLETITAS DULCES 300 G;Arcor;300 g;1263.69;0.0
779100002956;SKU-12955;TERRABUSI GALLETITAS DE AGUA 100 G;Terrabusi;100 g;914.11;5.0
779100002957;SKU-12956;HEAD & SHOULDERS SHAMPOO ANTICASPA 400 ML;Head & Shoulders;400 ml;4840.93;5.0
779100002958;SKU-12957;PANTENE ACONDICIONADOR BRILLO 200 ML;Pantene;200 ml;1992.47;0.0
779100002959;SKU-12958;REXONA DESODORANTE AEROSOL 150 ML;Rexona;150 ml;2559.45;0.0
779100002960;SKU-12959;COLGATE CREMA DENTAL TRIPLE ACCION 70 G;Colgate;70 g;1738.99;0.0
779100002961;SKU-12960;COCA-COLA GASEOSA COLA 500 ML;Coca-Cola;500 ml;1655.62;10.0
779100002962;SKU-12961;SPRITE GASEOSA LIMA LIMON 2250 ML;Sprite;2250 ml;4605.41;5.0
779100002963;SKU-12962;QUILMES CERVEZA RUBIA 710 ML;Quilmes;710 ml;2487.24;10.0
779100002964;SKU-12963;LA SERENÍSIMA LECHE ENTERA 1000 CC;La Serenísima;1000 cc;1379.53;0.0
779100002965;SKU-12964;SANCOR LECHE DESCREMADA 1000 ML;Sancor;1000 ml;1433.47;5.0
779100002966;SKU-12965;LA SERENÍSIMA YOGUR BEBIBLE FRUTILLA 1000 GR;La Serenísima;1000 gr;2297.34;10.0
779100002967;SKU-12966;SAN IGNACIO DULCE DE LECHE CLASICO 400 G;San Ignacio;400 g;2397.52;5.0
779100002968;SKU-12967;NATURA ACEITE GIRASOL 900 ML;Natura;900 ml;2382.54;10.0
779100002969;SKU-12968;COCINERO ACEITE MEZCLA 1500 ML;Cocinero;1500 ml;2410.46;0.0
779100002970;SKU-12969;GALLO ARROZ LARGO FINO 1000 GR;Gallo;1000 gr;2033.91;5.0
779100002971;SKU-12970;MATARAZZO FIDEOS GUISEROS 500 GR;Matarazzo;500 gr;834.0;0.0
779100002972;SKU-12971;LUCCHETTI FIDEOS TALLARINES 500 G;Lucchetti;500 g;794.98;10.0
779100002973;SKU-12972;MAROLIO PURE DE TOMATE 520 GR;Marolio;520 gr;936.93;0.0
779100002974;SKU-12973;HELLMANNS MAYONESA CLASICA 475 G;Hellmanns;475 g;2604.66;5.0
779100002975;SKU-12974;ARCOR GALLETITAS DULCES 120 G;Arcor;120 g;1112.77;10.0
779100002976;SKU-12975;TERRABUSI GALLETITAS DE AGUA 300 G;Terrabusi;300 g;1025.36;5.0
779100002977;SKU-12976;HEAD & SHOULDERS SHAMPOO ANTICASPA 200 ML;Head & Shoulders;200 ml;2189.14;0.0
779100002978;SKU-12977;PANTENE ACONDICIONADOR BRILLO 400 ML;Pantene;400 ml;3907.33;10.0
779100002979;SKU-12978;REXONA DESODORANTE AEROSOL 150 CC;Rexona;150 cc;2526.22;0.0
779100002980;SKU-12979;COLGATE CREMA DENTAL TRIPLE ACCION 90 G;Colgate;90 g;2047.2;10.0
779100002981;SKU-12980;COCA-COLA GASEOSA COLA 354 ML;Coca-Cola;354 ml;1280.01;10.0
779100002982;SKU-12981;SPRITE GASEOSA LIMA LIMON 2250 ML;Sprite;2250 ml;4891.77;10.0
779100002983;SKU-12982;QUILMES CERVEZA RUBIA PACK X6;Quilmes;Pack x6;11617.83;10.0
779100002984;SKU-12983;LA SERENÍSIMA LECHE ENTERA 1000 ML;La Serenísima;1000 ml;1400.51;0.0
779100002985;SKU-12984;SANCOR LECHE DESCREMADA TETRA 1L;Sancor;Tetra 1L;1508.63;0.0
779100002986;SKU-12985;LA SERENÍSIMA YOGUR BEBIBLE FRUTILLA 1000 G;La Serenísima;1000 g;2329.73;0.0
779100002987;SKU-12986;SAN IGNACIO DULCE DE LECHE CLASICO 400 GR;San Ignacio;400 gr;2727.61;0.0
779100002988;SKU-12987;NATURA ACEITE GIRASOL 1500 ML;Natura;1500 ml;3211.13;5.0
779100002989;SKU-12988;COCINERO ACEITE MEZCLA 1500 ML;Cocinero;1500 ml;2516.34;0.0
779100002990;SKU-12989;GALLO ARROZ LARGO FINO 1000 G;Gallo;1000 g;1779.59;5.0
779100002991;SKU-12990;MATARAZZO FIDEOS GUISEROS 1000 GR;Matarazzo;1000 gr;1296.09;5.0
779100002992;SKU-12991;LUCCHETTI FIDEOS TALLARINES 500 GR;Lucchetti;500 gr;683.33;5.0
779100002993;SKU-12992;MAROLIO PURE DE TOMATE TETRA 520G;Marolio;Tetra 520g;867.81;10.0
779100002994;SKU-12993;HELLMANNS MAYONESA CLASICA 500 G;Hellmanns;500 g;1584.37;0.0
779100002995;SKU-12994;ARCOR GALLETITAS DULCES 160 G;Arcor;160 g;1248.09;10.0
779100002996;SKU-12995;TERRABUSI GALLETITAS DE AGUA PACK X3 300G;Terrabusi;Pack x3 300g;2454.34;5.0
779100002997;SKU-12996;HEAD & SHOULDERS SHAMPOO ANTICASPA 750 ML;Head & Shoulders;750 ml;4184.26;5.0
779100002998;SKU-12997;PANTENE ACONDICIONADOR BRILLO 200 ML;Pantene;200 ml;1869.41;10.0
779100002999;SKU-12998;REXONA DESODORANTE AEROSOL PACK X2;Rexona;Pack x2;7771.77;5.0
779100003000;SKU-12999;COLGATE CREMA DENTAL TRIPLE ACCION 140 G;Colgate;140 g;2164.31;5.0
779100003001;SKU-13000;COCA-COLA GASEOSA COLA 2250 ML;Coca-Cola;2250 ml;5268.07;10.0
779100003002;SKU-13001;SPRITE GASEOSA LIMA LIMON 1500 ML;Sprite;1500 ml;3936.18;5.0
779100003003;SKU-13002;QUILMES CERVEZA RUBIA 1000 CC;Quilmes;1000 cc;2097.97;5.0
779100003004;SKU-13003;LA SERENÍSIMA LECHE ENTERA SACHET 1L;La Serenísima;Sachet 1L;1535.65;0.0
779100003005;SKU-13004;SANCOR LECHE DESCREMADA 1000 CC;Sancor;1000 cc;1255.69;0.0
779100003006;SKU-13005;LA SERENÍSIMA YOGUR BEBIBLE FRUTILLA 1000 GR;La Serenísima;1000 gr;2087.03;10.0
779100003007;SKU-13006;SAN IGNACIO DULCE DE LECHE CLASICO 1000 GR;San Ignacio;1000 gr;2387.15;10.0
779100003008;SKU-13007;NATURA ACEITE GIRASOL 1500 ML;Natura;1500 ml;3536.34;0.0
779100003009;SKU-13008;COCINERO ACEITE MEZCLA 900 ML;Cocinero;900 ml;1916.79;5.0
779100003010;SKU-13009;GALLO ARROZ LARGO FINO 1000 GR;Gallo;1000 gr;1774.25;0.0
779100003011;SKU-13010;MATARAZZO FIDEOS GUISEROS 500 G;Matarazzo;500 g;775.37;0.0
779100003012;SKU-13011;LUCCHETTI FIDEOS TALLARINES 500 G;Lucchetti;500 g;828.29;0.0
779100003013;SKU-13012;MAROLIO PURE DE TOMATE 520 G;Marolio;520 g;866.77;5.0
779100003014;SKU-13013;HELLMANNS MAYONESA CLASICA 950 G;Hellmanns;950 g;2236.02;0.0
779100003015;SKU-13014;ARCOR GALLETITAS DULCES PACK X3;Arcor;Pack x3;3205.39;5.0
779100003016;SKU-13015;TERRABUSI GALLETITAS DE AGUA 100 G;Terrabusi;100 g;899.52;5.0
779100003017;SKU-13016;HEAD & SHOULDERS SHAMPOO ANTICASPA 400 ML;Head & Shoulders;400 ml;4345.4;10.0
779100003018;SKU-13017;PANTENE ACONDICIONADOR BRILLO 400 ML;Pantene;400 ml;4108.14;10.0
779100003019;SKU-13018;REXONA DESODORANTE AEROSOL 150 ML;Rexona;150 ml;2899.23;10.0
779100003020;SKU-13019;COLGATE CREMA DENTAL TRIPLE ACCION 70 G;Colgate;70 g;1925.13;5.0
779100003021;SKU-13020;COCA-COLA GASEOSA COLA 2250 ML;Coca-Cola;2250 ml;4951.86;10.0
779100003022;SKU-13021;SPRITE GASEOSA LIMA LIMON 500 ML;Sprite;500 ml;1806.33;5.0
779100003023;SKU-13022;QUILMES CERVEZA RUBIA 1000 CC;Quilmes;1000 cc;2048.16;10.0
779100003024;SKU-13023;LA SERENÍSIMA LECHE ENTERA TETRA 1L;La Serenísima;Tetra 1L;1260.75;10.0
779100003025;SKU-13024;SANCOR LECHE DESCREMADA 1000 ML;Sancor;1000 ml;1538.42;10.0
779100003026;SKU-13025;LA SERENÍSIMA YOGUR BEBIBLE FRUTILLA 180 G;La Serenísima;180 g;2032.32;5.0
779100003027;SKU-13026;SAN IGNACIO DULCE DE LECHE CLASICO 1000 G;San Ignacio;1000 g;2347.99;10.0
779100003028;SKU-13027;NATURA ACEITE GIRASOL 3 L;Natura;3 l;2263.42;0.0
779100003029;SKU-13028;COCINERO ACEITE MEZCLA 1500 ML;Cocinero;1500 ml;2333.12;5.0
779100003030;SKU-13029;GALLO ARROZ LARGO FINO 500 G;Gallo;500 g;1212.5;0.0
779100003031;SKU-13030;MATARAZZO FIDEOS GUISEROS 500 GR;Matarazzo;500 gr;797.52;10.0
779100003032;SKU-13031;LUCCHETTI FIDEOS TALLARINES 500 GR;Lucchetti;500 gr;701.31;0.0
779100003033;SKU-13032;MAROLIO PURE DE TOMATE 520 GR;Marolio;520 gr;851.92;0.0
779100003034;SKU-13033;HELLMANNS MAYONESA CLASICA 1000 GR;Hellmanns;1000 gr;2448.07;10.0
779100003035;SKU-13034;ARCOR GALLETITAS DULCES 300 G;Arcor;300 g;1162.95;5.0
779100003036;SKU-13035;TERRABUSI GALLETITAS DE AGUA 300 G;Terrabusi;300 g;1089.01;5.0
779100003037;SKU-13036;HEAD & SHOULDERS SHAMPOO ANTICASPA 200 ML;Head & Shoulders;200 ml;2219.73;0.0
779100003038;SKU-13037;PANTENE ACONDICIONADOR BRILLO 200 ML;Pantene;200 ml;2185.73;0.0
779100003039;SKU-13038;REXONA DESODORANTE AEROSOL 150 CC;Rexona;150 cc;2610.91;10.0
779100003040;SKU-13039;COLGATE CREMA DENTAL TRIPLE ACCION 90 G;Colgate;90 g;2158.04;0.0
779100003041;SKU-13040;COCA-COLA GASEOSA COLA 2.25L;Coca-Cola;2.25L;4780.23;10.0
779100003042;SKU-13041;SPRITE GASEOSA LIMA LIMON 2250 ML;Sprite;2250 ml;5274.79;5.0
779100003043;SKU-13042;QUILMES CERVEZA RUBIA 473 ML;Quilmes;473 ml;1333.49;10.0
779100003044;SKU-13043;LA SERENÍSIMA LECHE ENTERA 1000 CC;La Serenísima;1000 cc;1319.43;10.0
779100003045;SKU-13044;SANCOR LECHE DESCREMADA TETRA 1L;Sancor;Tetra 1L;1278.73;5.0
779100003046;SKU-13045;LA SERENÍSIMA YOGUR BEBIBLE FRUTILLA 1000 GR;La Serenísima;1000 gr;2280.67;0.0
779100003047;SKU-13046;SAN IGNACIO DULCE DE LECHE CLASICO 400 G;San Ignacio;400 g;2377.32;10.0
779100003048;SKU-13047;NATURA ACEITE GIRASOL 900 ML;Natura;900 ml;2242.75;10.0
779100003049;SKU-13048;COCINERO ACEITE MEZCLA 1500 ML;Cocinero;1500 ml;2668.08;10.0
779100003050;SKU-13049;GALLO ARROZ LARGO FINO 1000 GR;Gallo;1000 gr;2013.27;5.0
779100003051;SKU-13050;MATARAZZO FIDEOS GUISEROS 1000 GR;Matarazzo;1000 gr;1354.59;0.0
779100003052;SKU-13051;LUCCHETTI FIDEOS TALLARINES 500 G;Lucchetti;500 g;800.03;0.0
779100003053;SKU-13052;MAROLIO PURE DE TOMATE TETRA 520G;Marolio;Tetra 520g;880.42;5.0
779100003054;SKU-13053;HELLMANNS MAYONESA CLASICA 475 G;Hellmanns;475 g;2423.45;5.0
779100003055;SKU-13054;ARCOR GALLETITAS DULCES 120 G;Arcor;120 g;1048.64;5.0
779100003056;SKU-13055;TERRABUSI GALLETITAS DE AGUA PACK X3 300G;Terrabusi;Pack x3 300g;2854.01;10.0
779100003057;SKU-13056;HEAD & SHOULDERS SHAMPOO ANTICASPA 750 ML;Head & Shoulders;750 ml;4575.9;5.0
779100003058;SKU-13057;PANTENE ACONDICIONADOR BRILLO 400 ML;Pantene;400 ml;4839.08;5.0
779100003059;SKU-13058;REXONA DESODORANTE AEROSOL PACK X2;Rexona;Pack x2;8558.74;5.0
779100003060;SKU-13059;COLGATE CREMA DENTAL TRIPLE ACCION 140 G;Colgate;140 g;1813.97;5.0
779100003061;SKU-13060;COCA-COLA GASEOSA COLA 1500 ML;Coca-Cola;1500 ml;3307.95;0.0
779100003062;SKU-13061;SPRITE GASEOSA LIMA LIMON 2250 ML;Sprite;2250 ml;4400.37;10.0
779100003063;SKU-13062;QUILMES CERVEZA RUBIA 710 ML;Quilmes;710 ml;2329.59;0.0
779100003064;SKU-13063;LA SERENÍSIMA LECHE ENTERA 1000 ML;La Serenísima;1000 ml;1314.58;10.0
779100003065;SKU-13064;SANCOR LECHE DESCREMADA 1000 CC;Sancor;1000 cc;1379.61;10.0
779100003066;SKU-13065;LA SERENÍSIMA YOGUR BEBIBLE FRUTILLA 1000 G;La Serenísima;1000 g;2211.98;5.0
779100003067;SKU-13066;SAN IGNACIO DULCE DE LECHE CLASICO 400 GR;San Ignacio;400 gr;2443.84;0.0
779100003068;SKU-13067;NATURA ACEITE GIRASOL 1500 ML;Natura;1500 ml;3509.74;5.0
779100003069;SKU-13068;COCINERO ACEITE MEZCLA 900 ML;Cocinero;900 ml;1896.84;10.0
779100003070;SKU-13069;GALLO ARROZ LARGO FINO 1000 G;Gallo;1000 g;1894.99;5.0
779100003071;SKU-13070;MATARAZZO FIDEOS GUISEROS 500 G;Matarazzo;500 g;877.71;10.0
779100003072;SKU-13071;LUCCHETTI FIDEOS TALLARINES 500 GR;Lucchetti;500 gr;741.07;5.0
779100003073;SKU-13072;MAROLIO PURE DE TOMATE 520 G;Marolio;520 g;846.33;10.0
779100003074;SKU-13073;HELLMANNS MAYONESA CLASICA 500 G;Hellmanns;500 g;1665.8;10.0
779100003075;SKU-13074;ARCOR GALLETITAS DULCES 160 G;Arcor;160 g;992.25;0.0
779100003076;SKU-13075;TERRABUSI GALLETITAS DE AGUA 100 G;Terrabusi;100 g;1087.3;0.0
779100003077;SKU-13076;HEAD & SHOULDERS SHAMPOO ANTICASPA 400 ML;Head & Shoulders;400 ml;4921.09;0.0
779100003078;SKU-13077;PANTENE ACONDICIONADOR BRILLO 200 ML;Pantene;200 ml;2010.65;0.0
779100003079;SKU-13078;REXONA DESODORANTE AEROSOL 150 ML;Rexona;150 ml;2724.98;10.0
779100003080;SKU-13079;COLGATE CREMA DENTAL TRIPLE ACCION 70 G;Colgate;70 g;1851.92;0.0
779100003081;SKU-13080;COCA-COLA GASEOSA COLA 500 ML;Coca-Cola;500 ml;1677.65;5.0
779100003082;SKU-13081;SPRITE GASEOSA LIMA LIMON 1500 ML;Sprite;1500 ml;3884.6;0.0
779100003083;SKU-13082;QUILMES CERVEZA RUBIA PACK X6;Quilmes;Pack x6;12301.32;5.0
779100003084;SKU-13083;LA SERENÍSIMA LECHE ENTERA SACHET 1L;La Serenísima;Sachet 1L;1488.77;5.0
779100003085;SKU-13084;SANCOR LECHE DESCREMADA 1000 ML;Sancor;1000 ml;1302.57;5.0
779100003086;SKU-13085;LA SERENÍSIMA YOGUR BEBIBLE FRUTILLA 1000 GR;La Serenísima;1000 gr;2141.27;10.0
779100003087;SKU-13086;SAN IGNACIO DULCE DE LECHE CLASICO 1000 GR;San Ignacio;1000 gr;2693.08;5.0
779100003088;SKU-13087;NATURA ACEITE GIRASOL 1500 ML;Natura;1500 ml;2947.28;10.0
779100003089;SKU-13088;COCINERO ACEITE MEZCLA 1500 ML;Cocinero;1500 ml;2712.24;5.0
779100003090;SKU-13089;GALLO ARROZ LARGO FINO 1000 GR;Gallo;1000 gr;2021.63;0.0
779100003091;SKU-13090;MATARAZZO FIDEOS GUISEROS 500 GR;Matarazzo;500 gr;756.26;5.0
779100003092;SKU-13091;LUCCHETTI FIDEOS TALLARINES 500 G;Lucchetti;500 g;776.15;10.0
779100003093;SKU-13092;MAROLIO PURE DE TOMATE 520 GR;Marolio;520 gr;927.77;10.0
779100003094;SKU-13093;HELLMANNS MAYONESA CLASICA 950 G;Hellmanns;950 g;2440.59;0.0
779100003095;SKU-13094;ARCOR GALLETITAS DULCES PACK X3;Arcor;Pack x3;2917.81;10.0
779100003096;SKU-13095;TERRABUSI GALLETITAS DE AGUA 300 G;Terrabusi;300 g;920.26;5.0
779100003097;SKU-13096;HEAD & SHOULDERS SHAMPOO ANTICASPA 200 ML;Head & Shoulders;200 ml;2159.13;0.0
779100003098;SKU-13097;PANTENE ACONDICIONADOR BRILLO 400 ML;Pantene;400 ml;4813.33;0.0
779100003099;SKU-13098;REXONA DESODORANTE AEROSOL 150 CC;Rexona;150 cc;2769.82;5.0
779100003100;SKU-13099;COLGATE CREMA DENTAL TRIPLE ACCION 90 G;Colgate;90 g;2124.02;5.0
779100003101;SKU-13100;COCA-COLA GASEOSA COLA 354 ML;Coca-Cola;354 ml;1373.71;0.0
779100003102;SKU-13101;SPRITE GASEOSA LIMA LIMON 500 ML;Sprite;500 ml;1670.78;10.0
779100003103;SKU-13102;QUILMES CERVEZA RUBIA 1000 CC;Quilmes;1000 cc;2472.0;0.0
779100003104;SKU-13103;LA SERENÍSIMA LECHE ENTERA TETRA 1L;La Serenísima;Tetra 1L;1331.66;0.0
779100003105;SKU-13104;SANCOR LECHE DESCREMADA TETRA 1L;Sancor;Tetra 1L;1551.88;0.0
779100003106;SKU-13105;LA SERENÍSIMA YOGUR BEBIBLE FRUTILLA 180 G;La Serenísima;180 g;2303.91;0.0
779100003107;SKU-13106;SAN IGNACIO DULCE DE LECHE CLASICO 1000 G;San Ignacio;1000 g;2376.18;10.0
779100003108;SKU-13107;NATURA ACEITE GIRASOL 3 L;Natura;3 l;2173.95;10.0
779100003109;SKU-13108;COCINERO ACEITE MEZCLA 1500 ML;Cocinero;1500 ml;2671.76;10.0
779100003110;SKU-13109;GALLO ARROZ LARGO FINO 500 G;Gallo;500 g;1209.67;0.0
779100003111;SKU-13110;MATARAZZO FIDEOS GUISEROS 1000 GR;Matarazzo;1000 gr;1411.73;10.0
779100003112;SKU-13111;LUCCHETTI FIDEOS TALLARINES 500 GR;Lucchetti;500 gr;678.71;10.0
779100003113;SKU-13112;MAROLIO PURE DE TOMATE TETRA 520G;Marolio;Tetra 520g;814.71;10.0
779100003114;SKU-13113;HELLMANNS MAYONESA CLASICA 1000 GR;Hellmanns;1000 gr;2526.33;0.0
779100003115;SKU-13114;ARCOR GALLETITAS DULCES 300 G;Arcor;300 g;1138.08;5.0
779100003116;SKU-13115;TERRABUSI GALLETITAS DE AGUA PACK X3 300G;Terrabusi;Pack x3 300g;2859.97;0.0
779100003117;SKU-13116;HEAD & SHOULDERS SHAMPOO ANTICASPA 750 ML;Head & Shoulders;750 ml;5048.67;5.0
779100003118;SKU-13117;PANTENE ACONDICIONADOR BRILLO 200 ML;Pantene;200 ml;2210.54;0.0
779100003119;SKU-13118;REXONA DESODORANTE AEROSOL PACK X2;Rexona;Pack x2;8121.18;5.0
779100003120;SKU-13119;COLGATE CREMA DENTAL TRIPLE ACCION 140 G;Colgate;140 g;1734.19;5.0
779100003121;SKU-13120;COCA-COLA GASEOSA COLA 2250 ML;Coca-Cola;2250 ml;5231.09;0.0
779100003122;SKU-13121;SPRITE GASEOSA LIMA LIMON 2250 ML;Sprite;2250 ml;5368.48;5.0
779100003123;SKU-13122;QUILMES CERVEZA RUBIA 1000 CC;Quilmes;1000 cc;2218.88;0.0
779100003124;SKU-13123;LA SERENÍSIMA LECHE ENTERA 1000 CC;La Serenísima;1000 cc;1294.08;0.0
779100003125;SKU-13124;SANCOR LECHE DESCREMADA 1000 CC;Sancor;1000 cc;1538.36;10.0
779100003126;SKU-13125;LA SERENÍSIMA YOGUR BEBIBLE FRUTILLA 1000 GR;La Serenísima;1000 gr;2412.96;5.0
779100003127;SKU-13126;SAN IGNACIO DULCE DE LECHE CLASICO 400 G;San Ignacio;400 g;2309.17;5.0
779100003128;SKU-13127;NATURA ACEITE GIRASOL 900 ML;Natura;900 ml;2317.68;0.0
779100003129;SKU-13128;COCINERO ACEITE MEZCLA 900 ML;Cocinero;900 ml;1832.41;0.0
779100003130;SKU-13129;GALLO ARROZ LARGO FINO 1000 GR;Gallo;1000 gr;1776.56;0.0
779100003131;SKU-13130;MATARAZZO FIDEOS GUISEROS 500 G;Matarazzo;500 g;764.19;5.0
779100003132;SKU-13131;LUCCHETTI FIDEOS TALLARINES 500 G;Lucchetti;500 g;827.33;0.0
779100003133;SKU-13132;MAROLIO PURE DE TOMATE 520 G;Marolio;520 g;806.02;0.0
779100003134;SKU-13133;HELLMANNS MAYONESA CLASICA 475 G;Hellmanns;475 g;2982.14;5.0
779100003135;SKU-13134;ARCOR GALLETITAS DULCES 120 G;Arcor;120 g;1169.45;10.0
779100003136;SKU-13135;TERRABUSI GALLETITAS DE AGUA 100 G;Terrabusi;100 g;1013.7;10.0
779100003137;SKU-13136;HEAD & SHOULDERS SHAMPOO ANTICASPA 400 ML;Head & Shoulders;400 ml;4539.56;10.0
779100003138;SKU-13137;PANTENE ACONDICIONADOR BRILLO 400 ML;Pantene;400 ml;4879.26;0.0
779100003139;SKU-13138;REXONA DESODORANTE AEROSOL 150 ML;Rexona;150 ml;2983.82;5.0
779100003140;SKU-13139;COLGATE CREMA DENTAL TRIPLE ACCION 70 G;Colgate;70 g;1780.06;0.0
779100003141;SKU-13140;COCA-COLA GASEOSA COLA 2250 ML;Coca-Cola;2250 ml;4579.25;10.0
779100003142;SKU-13141;SPRITE GASEOSA LIMA LIMON 2250 ML;Sprite;2250 ml;5566.97;0.0
779100003143;SKU-13142;QUILMES CERVEZA RUBIA 473 ML;Quilmes;473 ml;1438.49;0.0
779100003144;SKU-13143;LA SERENÍSIMA LECHE ENTERA 1000 ML;La Serenísima;1000 ml;1525.77;10.0
779100003145;SKU-13144;SANCOR LECHE DESCREMADA 1000 ML;Sancor;1000 ml;1386.03;0.0
779100003146;SKU-13145;LA SERENÍSIMA YOGUR BEBIBLE FRUTILLA 1000 G;La Serenísima;1000 g;2065.83;10.0
779100003147;SKU-13146;SAN IGNACIO DULCE DE LECHE CLASICO 400 GR;San Ignacio;400 gr;2855.01;10.0
779100003148;SKU-13147;NATURA ACEITE GIRASOL 1500 ML;Natura;1500 ml;3513.08;5.0
779100003149;SKU-13148;COCINERO ACEITE MEZCLA 1500 ML;Cocinero;1500 ml;2449.67;0.0
779100003150;SKU-13149;GALLO ARROZ LARGO FINO 1000 G;Gallo;1000 g;2020.5;5.0
779100003151;SKU-13150;MATARAZZO FIDEOS GUISEROS 500 GR;Matarazzo;500 gr;870.57;0.0
779100003152;SKU-13151;LUCCHETTI FIDEOS TALLARINES 500 GR;Lucchetti;500 gr;861.62;0.0
779100003153;SKU-13152;MAROLIO PURE DE TOMATE 520 GR;Marolio;520 gr;961.48;5.0
779100003154;SKU-13153;HELLMANNS MAYONESA CLASICA 500 G;Hellmanns;500 g;1576.64;0.0
779100003155;SKU-13154;ARCOR GALLETITAS DULCES 160 G;Arcor;160 g;1220.39;0.0
779100003156;SKU-13155;TERRABUSI GALLETITAS DE AGUA 300 G;Terrabusi;300 g;954.21;0.0
779100003157;SKU-13156;HEAD & SHOULDERS SHAMPOO ANTICASPA 200 ML;Head & Shoulders;200 ml;2300.03;5.0
779100003158;SKU-13157;PANTENE ACONDICIONADOR BRILLO 200 ML;Pantene;200 ml;2187.89;5.0
779100003159;SKU-13158;REXONA DESODORANTE AEROSOL 150 CC;Rexona;150 cc;2686.33;5.0
779100003160;SKU-13159;COLGATE CREMA DENTAL TRIPLE ACCION 90 G;Colgate;90 g;2116.99;5.0
779100003161;SKU-13160;COCA-COLA GASEOSA COLA 2.25L;Coca-Cola;2.25L;5691.2;0.0
779100003162;SKU-13161;SPRITE GASEOSA LIMA LIMON 1500 ML;Sprite;1500 ml;3516.81;10.0
779100003163;SKU-13162;QUILMES CERVEZA RUBIA 710 ML;Quilmes;710 ml;2487.41;0.0
779100003164;SKU-13163;LA SERENÍSIMA LECHE ENTERA SACHET 1L;La Serenísima;Sachet 1L;1600.83;10.0
779100003165;SKU-13164;SANCOR LECHE DESCREMADA TETRA 1L;Sancor;Tetra 1L;1539.69;0.0
779100003166;SKU-13165;LA SERENÍSIMA YOGUR BEBIBLE FRUTILLA 1000 GR;La Serenísima;1000 gr;2256.09;10.0
779100003167;SKU-13166;SAN IGNACIO DULCE DE LECHE CLASICO 1000 GR;San Ignacio;1000 gr;2771.26;5.0
779100003168;SKU-13167;NATURA ACEITE GIRASOL 1500 ML;Natura;1500 ml;3191.19;5.0
779100003169;SKU-13168;COCINERO ACEITE MEZCLA 1500 ML;Cocinero;1500 ml;2565.17;10.0
779100003170;SKU-13169;GALLO ARROZ LARGO FINO 1000 GR;Gallo;1000 gr;1736.74;0.0
779100003171;SKU-13170;MATARAZZO FIDEOS GUISEROS 1000 GR;Matarazzo;1000 gr;1419.46;10.0
779100003172;SKU-13171;LUCCHETTI FIDEOS TALLARINES 500 G;Lucchetti;500 g;799.64;10.0
779100003173;SKU-13172;MAROLIO PURE DE TOMATE TETRA 520G;Marolio;Tetra 520g;966.24;5.0
779100003174;SKU-13173;HELLMANNS MAYONESA CLASICA 950 G;Hellmanns;950 g;2286.29;5.0
779100003175;SKU-13174;ARCOR GALLETITAS DULCES PACK X3;Arcor;Pack x3;3097.88;0.0
779100003176;SKU-13175;TERRABUSI GALLETITAS DE AGUA PACK X3 300G;Terrabusi;Pack x3 300g;2417.04;0.0
779100003177;SKU-13176;HEAD & SHOULDERS SHAMPOO ANTICASPA 750 ML;Head & Shoulders;750 ml;5145.66;5.0
779100003178;SKU-13177;PANTENE ACONDICIONADOR BRILLO 400 ML;Pantene;400 ml;4839.27;10.0
779100003179;SKU-13178;REXONA DESODORANTE AEROSOL PACK X2;Rexona;Pack x2;8109.29;0.0
779100003180;SKU-13179;COLGATE CREMA DENTAL TRIPLE ACCION 140 G;Colgate;140 g;1788.06;5.0
779100003181;SKU-13180;COCA-COLA GASEOSA COLA 1500 ML;Coca-Cola;1500 ml;3313.97;0.0
779100003182;SKU-13181;SPRITE GASEOSA LIMA LIMON 500 ML;Sprite;500 ml;1672.6;5.0
779100003183;SKU-13182;QUILMES CERVEZA RUBIA PACK X6;Quilmes;Pack x6;12388.18;0.0
779100003184;SKU-13183;LA SERENÍSIMA LECHE ENTERA TETRA 1L;La Serenísima;Tetra 1L;1516.86;0.0
779100003185;SKU-13184;SANCOR LECHE DESCREMADA 1000 CC;Sancor;1000 cc;1535.18;5.0
779100003186;SKU-13185;LA SERENÍSIMA YOGUR BEBIBLE FRUTILLA 180 G;La Serenísima;180 g;2004.64;0.0
779100003187;SKU-13186;SAN IGNACIO DULCE DE LECHE CLASICO 1000 G;San Ignacio;1000 g;2408.05;5.0
779100003188;SKU-13187;NATURA ACEITE GIRASOL 3 L;Natura;3 l;2660.79;0.0
779100003189;SKU-13188;COCINERO ACEITE MEZCLA 900 ML;Cocinero;900 ml;1721.33;0.0
779100003190;SKU-13189;GALLO ARROZ LARGO FINO 500 G;Gallo;500 g;1103.34;5.0
779100003191;SKU-13190;MATARAZZO FIDEOS GUISEROS 500 G;Matarazzo;500 g;709.27;5.0
779100003192;SKU-13191;LUCCHETTI FIDEOS TALLARINES 500 GR;Lucchetti;500 gr;794.17;5.0
779100003193;SKU-13192;MAROLIO PURE DE TOMATE 520 G;Marolio;520 g;801.42;5.0
779100003194;SKU-13193;HELLMANNS MAYONESA CLASICA 1000 GR;Hellmanns;1000 gr;2878.9;5.0
779100003195;SKU-13194;ARCOR GALLETITAS DULCES 300 G;Arcor;300 g;1086.59;10.0
779100003196;SKU-13195;TERRABUSI GALLETITAS DE AGUA 100 G;Terrabusi;100 g;1033.29;5.0
779100003197;SKU-13196;HEAD & SHOULDERS SHAMPOO ANTICASPA 400 ML;Head & Shoulders;400 ml;4614.79;10.0
779100003198;SKU-13197;PANTENE ACONDICIONADOR BRILLO 200 ML;Pantene;200 ml;1934.61;0.0
779100003199;SKU-13198;REXONA DESODORANTE AEROSOL 150 ML;Rexona;150 ml;3014.79;0.0
779100003200;SKU-13199;COLGATE CREMA DENTAL TRIPLE ACCION 70 G;Colgate;70 g;2110.63;5.0
779100003201;SKU-13200;COCA-COLA GASEOSA COLA 500 ML;Coca-Cola;500 ml;1893.68;10.0
779100003202;SKU-13201;SPRITE GASEOSA LIMA LIMON 2250 ML;Sprite;2250 ml;5021.81;0.0
779100003203;SKU-13202;QUILMES CERVEZA RUBIA 1000 CC;Quilmes;1000 cc;2066.42;5.0
779100003204;SKU-13203;LA SERENÍSIMA LECHE ENTERA 1000 CC;La Serenísima;1000 cc;1540.86;10.0
779100003205;SKU-13204;SANCOR LECHE DESCREMADA 1000 ML;Sancor;1000 ml;1326.26;0.0
779100003206;SKU-13205;LA SERENÍSIMA YOGUR BEBIBLE FRUTILLA 1000 GR;La Serenísima;1000 gr;2107.48;5.0
779100003207;SKU-13206;SAN IGNACIO DULCE DE LECHE CLASICO 400 G;San Ignacio;400 g;2508.92;5.0
779100003208;SKU-13207;NATURA ACEITE GIRASOL 900 ML;Natura;900 ml;2217.25;0.0
779100003209;SKU-13208;COCINERO ACEITE MEZCLA 1500 ML;Cocinero;1500 ml;2245.64;5.0
779100003210;SKU-13209;GALLO ARROZ LARGO FINO 1000 GR;Gallo;1000 gr;1735.6;10.0
779100003211;SKU-13210;MATARAZZO FIDEOS GUISEROS 500 GR;Matarazzo;500 gr;704.99;0.0
779100003212;SKU-13211;LUCCHETTI FIDEOS TALLARINES 500 G;Lucchetti;500 g;706.3;10.0
779100003213;SKU-13212;MAROLIO PURE DE TOMATE 520 GR;Marolio;520 gr;827.53;10.0
779100003214;SKU-13213;HELLMANNS MAYONESA CLASICA 475 G;Hellmanns;475 g;2344.46;5.0
779100003215;SKU-13214;ARCOR GALLETITAS DULCES 120 G;Arcor;120 g;1023.27;10.0
779100003216;SKU-13215;TERRABUSI GALLETITAS DE AGUA 300 G;Terrabusi;300 g;889.16;0.0
779100003217;SKU-13216;HEAD & SHOULDERS SHAMPOO ANTICASPA 200 ML;Head & Shoulders;200 ml;2114.82;10.0
779100003218;SKU-13217;PANTENE ACONDICIONADOR BRILLO 400 ML;Pantene;400 ml;4168.99;0.0
779100003219;SKU-13218;REXONA DESODORANTE AEROSOL 150 CC;Rexona;150 cc;2946.16;5.0
779100003220;SKU-13219;COLGATE CREMA DENTAL TRIPLE ACCION 90 G;Colgate;90 g;1821.63;0.0
779100003221;SKU-13220;COCA-COLA GASEOSA COLA 354 ML;Coca-Cola;354 ml;1175.29;5.0
779100003222;SKU-13221;SPRITE GASEOSA LIMA LIMON 2250 ML;Sprite;2250 ml;4859.82;5.0
779100003223;SKU-13222;QUILMES CERVEZA RUBIA 1000 CC;Quilmes;1000 cc;2280.76;0.0
779100003224;SKU-13223;LA SERENÍSIMA LECHE ENTERA 1000 ML;La Serenísima;1000 ml;1566.11;0.0
779100003225;SKU-13224;SANCOR LECHE DESCREMADA TETRA 1L;Sancor;Tetra 1L;1416.08;5.0
779100003226;SKU-13225;LA SERENÍSIMA YOGUR BEBIBLE FRUTILLA 1000 G;La Serenísima;1000 g;2191.53;5.0
779100003227;SKU-13226;SAN IGNACIO DULCE DE LECHE CLASICO 400 GR;San Ignacio;400 gr;2622.94;10.0
779100003228;SKU-13227;NATURA ACEITE GIRASOL 1500 ML;Natura;1500 ml;3454.75;0.0
779100003229;SKU-13228;COCINERO ACEITE MEZCLA 1500 ML;Cocinero;1500 ml;2529.36;5.0
779100003230;SKU-13229;GALLO ARROZ LARGO FINO 1000 G;Gallo;1000 g;1925.28;5.0
779100003231;SKU-13230;MATARAZZO FIDEOS GUISEROS 1000 GR;Matarazzo;1000 gr;1395.28;0.0
779100003232;SKU-13231;LUCCHETTI FIDEOS TALLARINES 500 GR;Lucchetti;500 gr;749.16;5.0
779100003233;SKU-13232;MAROLIO PURE DE TOMATE TETRA 520G;Marolio;Tetra 520g;844.61;5.0
779100003234;SKU-13233;HELLMANNS MAYONESA CLASICA 500 G;Hellmanns;500 g;1677.73;5.0
779100003235;SKU-13234;ARCOR GALLETITAS DULCES 160 G;Arcor;160 g;1010.58;5.0
779100003236;SKU-13235;TERRABUSI GALLETITAS DE AGUA PACK X3 300G;Terrabusi;Pack x3 300g;2452.36;10.0
779100003237;SKU-13236;HEAD & SHOULDERS SHAMPOO ANTICASPA 750 ML;Head & Shoulders;750 ml;4298.9;5.0
779100003238;SKU-13237;PANTENE ACONDICIONADOR BRILLO 200 ML;Pantene;200 ml;2166.66;0.0
779100003239;SKU-13238;REXONA DESODORANTE AEROSOL PACK X2;Rexona;Pack x2;7899.6;5.0
779100003240;SKU-13239;COLGATE CREMA DENTAL TRIPLE ACCION 140 G;Colgate;140 g;1804.09;0.0
779100003241;SKU-13240;COCA-COLA GASEOSA COLA 2250 ML;Coca-Cola;2250 ml;5090.18;10.0
779100003242;SKU-13241;SPRITE GASEOSA LIMA LIMON 1500 ML;Sprite;1500 ml;3432.89;10.0
779100003243;SKU-13242;QUILMES CERVEZA RUBIA 473 ML;Quilmes;473 ml;1473.46;10.0
779100003244;SKU-13243;LA SERENÍSIMA LECHE ENTERA SACHET 1L;La Serenísima;Sachet 1L;1564.86;5.0
779100003245;SKU-13244;SANCOR LECHE DESCREMADA 1000 CC;Sancor;1000 cc;1472.04;10.0
779100003246;SKU-13245;LA SERENÍSIMA YOGUR BEBIBLE FRUTILLA 1000 GR;La Serenísima;1000 gr;2145.35;0.0
779100003247;SKU-13246;SAN IGNACIO DULCE DE LECHE CLASICO 1000 GR;San Ignacio;1000 gr;2253.59;0.0
779100003248;SKU-13247;NATURA ACEITE GIRASOL 1500 ML;Natura;1500 ml;3083.04;5.0
779100003249;SKU-13248;COCINERO ACEITE MEZCLA 900 ML;Cocinero;900 ml;1688.28;5.0
779100003250;SKU-13249;GALLO ARROZ LARGO FINO 1000 GR;Gallo;1000 gr;1910.04;0.0
779100003251;SKU-13250;MATARAZZO FIDEOS GUISEROS 500 G;Matarazzo;500 g;702.43;0.0
779100003252;SKU-13251;LUCCHETTI FIDEOS TALLARINES 500 G;Lucchetti;500 g;740.4;0.0
779100003253;SKU-13252;MAROLIO PURE DE TOMATE 520 G;Marolio;520 g;849.72;10.0
779100003254;SKU-13253;HELLMANNS MAYONESA CLASICA 950 G;Hellmanns;950 g;2552.34;0.0
779100003255;SKU-13254;ARCOR GALLETITAS DULCES PACK X3;Arcor;Pack x3;2932.42;10.0
779100003256;SKU-13255;TERRABUSI GALLETITAS DE AGUA 100 G;Terrabusi;100 g;1006.08;5.0
779100003257;SKU-13256;HEAD & SHOULDERS SHAMPOO ANTICASPA 400 ML;Head & Shoulders;400 ml;4589.41;5.0
779100003258;SKU-13257;PANTENE ACONDICIONADOR BRILLO 400 ML;Pantene;400 ml;3921.63;10.0
779100003259;SKU-13258;REXONA DESODORANTE AEROSOL 150 ML;Rexona;150 ml;2574.54;5.0
779100003260;SKU-13259;COLGATE CREMA DENTAL TRIPLE ACCION 70 G;Colgate;70 g;1930.86;10.0
779100003261;SKU-13260;COCA-COLA GASEOSA COLA 2250 ML;Coca-Cola;2250 ml;5032.15;10.0
779100003262;SKU-13261;SPRITE GASEOSA LIMA LIMON 500 ML;Sprite;500 ml;1776.18;10.0
779100003263;SKU-13262;QUILMES CERVEZA RUBIA 710 ML;Quilmes;710 ml;2528.82;10.0
779100003264;SKU-13263;LA SERENÍSIMA LECHE ENTERA TETRA 1L;La Serenísima;Tetra 1L;1486.15;0.0
779100003265;SKU-13264;SANCOR LECHE DESCREMADA 1000 ML;Sancor;1000 ml;1500.09;10.0
779100003266;SKU-13265;LA SERENÍSIMA YOGUR BEBIBLE FRUTILLA 180 G;La Serenísima;180 g;1948.24;0.0
779100003267;SKU-13266;SAN IGNACIO DULCE DE LECHE CLASICO 1000 G;San Ignacio;1000 g;2538.44;5.0
779100003268;SKU-13267;NATURA ACEITE GIRASOL 3 L;Natura;3 l;2686.63;10.0
779100003269;SKU-13268;COCINERO ACEITE MEZCLA 1500 ML;Cocinero;1500 ml;2497.78;10.0
779100003270;SKU-13269;GALLO ARROZ LARGO FINO 500 G;Gallo;500 g;1033.72;0.0
779100003271;SKU-13270;MATARAZZO FIDEOS GUISEROS 500 GR;Matarazzo;500 gr;889.21;5.0
779100003272;SKU-13271;LUCCHETTI FIDEOS TALLARINES 500 GR;Lucchetti;500 gr;789.8;5.0
779100003273;SKU-13272;MAROLIO PURE DE TOMATE 520 GR;Marolio;520 gr;800.56;0.0
779100003274;SKU-13273;HELLMANNS MAYONESA CLASICA 1000 GR;Hellmanns;1000 gr;2342.2;10.0
779100003275;SKU-13274;ARCOR GALLETITAS DULCES 300 G;Arcor;300 g;1017.09;0.0
779100003276;SKU-13275;TERRABUSI GALLETITAS DE AGUA 300 G;Terrabusi;300 g;958.05;0.0
779100003277;SKU-13276;HEAD & SHOULDERS SHAMPOO ANTICASPA 200 ML;Head & Shoulders;200 ml;2235.64;5.0
779100003278;SKU-13277;PANTENE ACONDICIONADOR BRILLO 200 ML;Pantene;200 ml;1850.38;0.0
779100003279;SKU-13278;REXONA DESODORANTE AEROSOL 150 CC;Rexona;150 cc;2787.93;0.0
779100003280;SKU-13279;COLGATE CREMA DENTAL TRIPLE ACCION 90 G;Colgate;90 g;1967.05;5.0
779100003281;SKU-13280;COCA-COLA GASEOSA COLA 2.25L;Coca-Cola;2.25L;5381.85;10.0
779100003282;SKU-13281;SPRITE GASEOSA LIMA LIMON 2250 ML;Sprite;2250 ml;5518.32;0.0
779100003283;SKU-13282;QUILMES CERVEZA RUBIA PACK X6;Quilmes;Pack x6;11459.67;10.0
779100003284;SKU-13283;LA SERENÍSIMA LECHE ENTERA 1000 CC;La Serenísima;1000 cc;1346.56;5.0
779100003285;SKU-13284;SANCOR LECHE DESCREMADA TETRA 1L;Sancor;Tetra 1L;1373.88;0.0
779100003286;SKU-13285;LA SERENÍSIMA YOGUR BEBIBLE FRUTILLA 1000 GR;La Serenísima;1000 gr;2322.04;0.0
779100003287;SKU-13286;SAN IGNACIO DULCE DE LECHE CLASICO 400 G;San Ignacio;400 g;2418.77;0.0
779100003288;SKU-13287;NATURA ACEITE GIRASOL 900 ML;Natura;900 ml;2274.27;0.0
779100003289;SKU-13288;COCINERO ACEITE MEZCLA 1500 ML;Cocinero;1500 ml;2581.84;10.0
779100003290;SKU-13289;GALLO ARROZ LARGO FINO 1000 GR;Gallo;1000 gr;1724.4;0.0
779100003291;SKU-13290;MATARAZZO FIDEOS GUISEROS 1000 GR;Matarazzo;1000 gr;1320.13;0.0
779100003292;SKU-13291;LUCCHETTI FIDEOS TALLARINES 500 G;Lucchetti;500 g;820.67;5.0
779100003293;SKU-13292;MAROLIO PURE DE TOMATE TETRA 520G;Marolio;Tetra 520g;783.43;10.0
779100003294;SKU-13293;HELLMANNS MAYONESA CLASICA 475 G;Hellmanns;475 g;2692.65;0.0
779100003295;SKU-13294;ARCOR GALLETITAS DULCES 120 G;Arcor;120 g;1048.46;5.0
779100003296;SKU-13295;TERRABUSI GALLETITAS DE AGUA PACK X3 300G;Terrabusi;Pack x3 300g;2865.18;5.0
779100003297;SKU-13296;HEAD & SHOULDERS SHAMPOO ANTICASPA 750 ML;Head & Shoulders;750 ml;4924.42;0.0
779100003298;SKU-13297;PANTENE ACONDICIONADOR BRILLO 400 ML;Pantene;400 ml;4523.77;10.0
779100003299;SKU-13298;REXONA DESODORANTE AEROSOL PACK X2;Rexona;Pack x2;8456.28;0.0
779100003300;SKU-13299;COLGATE CREMA DENTAL TRIPLE ACCION 140 G;Colgate;140 g;2138.36;0.0
779100003301;SKU-13300;COCA-COLA GASEOSA COLA 1500 ML;Coca-Cola;1500 ml;4055.91;10.0
779100003302;SKU-13301;SPRITE GASEOSA LIMA LIMON 2250 ML;Sprite;2250 ml;5396.54;5.0
779100003303;SKU-13302;QUILMES CERVEZA RUBIA 1000 CC;Quilmes;1000 cc;2228.79;10.0
779100003304;SKU-13303;LA SERENÍSIMA LECHE ENTERA 1000 ML;La Serenísima;1000 ml;1397.95;10.0
779100003305;SKU-13304;SANCOR LECHE DESCREMADA 1000 CC;Sancor;1000 cc;1426.81;5.0
779100003306;SKU-13305;LA SERENÍSIMA YOGUR BEBIBLE FRUTILLA 1000 G;La Serenísima;1000 g;2298.14;5.0
779100003307;SKU-13306;SAN IGNACIO DULCE DE LECHE CLASICO 400 GR;San Ignacio;400 gr;2529.95;0.0
779100003308;SKU-13307;NATURA ACEITE GIRASOL 1500 ML;Natura;1500 ml;2903.51;0.0
779100003309;SKU-13308;COCINERO ACEITE MEZCLA 900 ML;Cocinero;900 ml;1613.53;10.0
779100003310;SKU-13309;GALLO ARROZ LARGO FINO 1000 G;Gallo;1000 g;1902.09;10.0
779100003311;SKU-13310;MATARAZZO FIDEOS GUISEROS 500 G;Matarazzo;500 g;723.18;10.0
779100003312;SKU-13311;LUCCHETTI FIDEOS TALLARINES 500 GR;Lucchetti;500 gr;818.99;5.0
779100003313;SKU-13312;MAROLIO PURE DE TOMATE 520 G;Marolio;520 g;848.28;5.0
779100003314;SKU-13313;HELLMANNS MAYONESA CLASICA 500 G;Hellmanns;500 g;1515.67;10.0
779100003315;SKU-13314;ARCOR GALLETITAS DULCES 160 G;Arcor;160 g;1124.9;5.0
779100003316;SKU-13315;TERRABUSI GALLETITAS DE AGUA 100 G;Terrabusi;100 g;930.38;5.0
779100003317;SKU-13316;HEAD & SHOULDERS SHAMPOO ANTICASPA 400 ML;Head & Shoulders;400 ml;4867.61;5.0
779100003318;SKU-13317;PANTENE ACONDICIONADOR BRILLO 200 ML;Pantene;200 ml;1743.38;5.0
779100003319;SKU-13318;REXONA DESODORANTE AEROSOL 150 ML;Rexona;150 ml;3034.14;0.0
779100003320;SKU-13319;COLGATE CREMA DENTAL TRIPLE ACCION 70 G;Colgate;70 g;1916.42;0.0
779100003321;SKU-13320;COCA-COLA GASEOSA COLA 500 ML;Coca-Cola;500 ml;1749.41;10.0
779100003322;SKU-13321;SPRITE GASEOSA LIMA LIMON 1500 ML;Sprite;1500 ml;3844.17;10.0
779100003323;SKU-13322;QUILMES CERVEZA RUBIA 1000 CC;Quilmes;1000 cc;2334.92;0.0
779100003324;SKU-13323;LA SERENÍSIMA LECHE ENTERA SACHET 1L;La Serenísima;Sachet 1L;1546.24;0.0
779100003325;SKU-13324;SANCOR LECHE DESCREMADA 1000 ML;Sancor;1000 ml;1346.21;5.0
779100003326;SKU-13325;LA SERENÍSIMA YOGUR BEBIBLE FRUTILLA 1000 GR;La Serenísima;1000 gr;2001.82;10.0
779100003327;SKU-13326;SAN IGNACIO DULCE DE LECHE CLASICO 1000 GR;San Ignacio;1000 gr;2473.53;5.0
779100003328;SKU-13327;NATURA ACEITE GIRASOL 1500 ML;Natura;1500 ml;3142.19;0.0
779100003329;SKU-13328;COCINERO ACEITE MEZCLA 1500 ML;Cocinero;1500 ml;2672.15;0.0
779100003330;SKU-13329;GALLO ARROZ LARGO FINO 1000 GR;Gallo;1000 gr;1641.81;5.0
779100003331;SKU-13330;MATARAZZO FIDEOS GUISEROS 500 GR;Matarazzo;500 gr;816.04;5.0
779100003332;SKU-13331;LUCCHETTI FIDEOS TALLARINES 500 G;Lucchetti;500 g;802.18;10.0
779100003333;SKU-13332;MAROLIO PURE DE TOMATE 520 GR;Marolio;520 gr;848.27;10.0
779100003334;SKU-13333;HELLMANNS MAYONESA CLASICA 950 G;Hellmanns;950 g;2565.73;5.0
779100003335;SKU-13334;ARCOR GALLETITAS DULCES PACK X3;Arcor;Pack x3;2939.47;0.0
779100003336;SKU-13335;TERRABUSI GALLETITAS DE AGUA 300 G;Terrabusi;300 g;979.87;10.0
779100003337;SKU-13336;HEAD & SHOULDERS SHAMPOO ANTICASPA 200 ML;Head & Shoulders;200 ml;2090.5;0.0
779100003338;SKU-13337;PANTENE ACONDICIONADOR BRILLO 400 ML;Pantene;400 ml;3941.83;0.0
779100003339;SKU-13338;REXONA DESODORANTE AEROSOL 150 CC;Rexona;150 cc;3017.66;10.0
779100003340;SKU-13339;COLGATE CREMA DENTAL TRIPLE ACCION 90 G;Colgate;90 g;1882.23;0.0
779100003341;SKU-13340;COCA-COLA GASEOSA COLA 354 ML;Coca-Cola;354 ml;1316.05;0.0
779100003342;SKU-13341;SPRITE GASEOSA LIMA LIMON 500 ML;Sprite;500 ml;1736.86;0.0
779100003343;SKU-13342;QUILMES CERVEZA RUBIA 473 ML;Quilmes;473 ml;1237.05;10.0
779100003344;SKU-13343;LA SERENÍSIMA LECHE ENTERA TETRA 1L;La Serenísima;Tetra 1L;1579.63;5.0
779100003345;SKU-13344;SANCOR LECHE DESCREMADA TETRA 1L;Sancor;Tetra 1L;1354.31;10.0
779100003346;SKU-13345;LA SERENÍSIMA YOGUR BEBIBLE FRUTILLA 180 G;La Serenísima;180 g;1963.13;0.0
779100003347;SKU-13346;SAN IGNACIO DULCE DE LECHE CLASICO 1000 G;San Ignacio;1000 g;2764.39;5.0
779100003348;SKU-13347;NATURA ACEITE GIRASOL 3 L;Natura;3 l;2480.01;10.0
779100003349;SKU-13348;COCINERO ACEITE MEZCLA 1500 ML;Cocinero;1500 ml;2648.3;5.0
779100003350;SKU-13349;GALLO ARROZ LARGO FINO 500 G;Gallo;500 g;1227.59;10.0
779100003351;SKU-13350;MATARAZZO FIDEOS GUISEROS 1000 GR;Matarazzo;1000 gr;1353.35;10.0
779100003352;SKU-13351;LUCCHETTI FIDEOS TALLARINES 500 GR;Lucchetti;500 gr;819.15;5.0
779100003353;SKU-13352;MAROLIO PURE DE TOMATE TETRA 520G;Marolio;Tetra 520g;915.02;10.0
779100003354;SKU-13353;HELLMANNS MAYONESA CLASICA 1000 GR;Hellmanns;1000 gr;2406.59;0.0
779100003355;SKU-13354;ARCOR GALLETITAS DULCES 300 G;Arcor;300 g;1197.78;10.0
779100003356;SKU-13355;TERRABUSI GALLETITAS DE AGUA PACK X3 300G;Terrabusi;Pack x3 300g;2488.24;5.0
779100003357;SKU-13356;HEAD & SHOULDERS SHAMPOO ANTICASPA 750 ML;Head & Shoulders;750 ml;4874.19;10.0
779100003358;SKU-13357;PANTENE ACONDICIONADOR BRILLO 200 ML;Pantene;200 ml;2049.82;0.0
779100003359;SKU-13358;REXONA DESODORANTE AEROSOL PACK X2;Rexona;Pack x2;8546.53;5.0
779100003360;SKU-13359;COLGATE CREMA DENTAL TRIPLE ACCION 140 G;Colgate;140 g;1967.0;0.0
779100003361;SKU-13360;COCA-COLA GASEOSA COLA 2250 ML;Coca-Cola;2250 ml;5201.54;0.0
779100003362;SKU-13361;SPRITE GASEOSA LIMA LIMON 2250 ML;Sprite;2250 ml;5069.78;5.0
779100003363;SKU-13362;QUILMES CERVEZA RUBIA 710 ML;Quilmes;710 ml;2409.05;10.0
779100003364;SKU-13363;LA SERENÍSIMA LECHE ENTERA 1000 CC;La Serenísima;1000 cc;1504.96;10.0
779100003365;SKU-13364;SANCOR LECHE DESCREMADA 1000 CC;Sancor;1000 cc;1474.02;10.0
779100003366;SKU-13365;LA SERENÍSIMA YOGUR BEBIBLE FRUTILLA 1000 GR;La Serenísima;1000 gr;2108.9;10.0
779100003367;SKU-13366;SAN IGNACIO DULCE DE LECHE CLASICO 400 G;San Ignacio;400 g;2347.51;0.0
779100003368;SKU-13367;NATURA ACEITE GIRASOL 900 ML;Natura;900 ml;2198.57;10.0
779100003369;SKU-13368;COCINERO ACEITE MEZCLA 900 ML;Cocinero;900 ml;1551.62;0.0
779100003370;SKU-13369;GALLO ARROZ LARGO FINO 1000 GR;Gallo;1000 gr;1674.32;10.0
779100003371;SKU-13370;MATARAZZO FIDEOS GUISEROS 500 G;Matarazzo;500 g;765.11;10.0
779100003372;SKU-13371;LUCCHETTI FIDEOS TALLARINES 500 G;Lucchetti;500 g;743.46;5.0
779100003373;SKU-13372;MAROLIO PURE DE TOMATE 520 G;Marolio;520 g;914.2;0.0
779100003374;SKU-13373;HELLMANNS MAYONESA CLASICA 475 G;Hellmanns;475 g;2668.31;5.0
779100003375;SKU-13374;ARCOR GALLETITAS DULCES 120 G;Arcor;120 g;1187.95;10.0
779100003376;SKU-13375;TERRABUSI GALLETITAS DE AGUA 100 G;Terrabusi;100 g;1087.62;10.0
779100003377;SKU-13376;HEAD & SHOULDERS SHAMPOO ANTICASPA 400 ML;Head & Shoulders;400 ml;4067.27;0.0
779100003378;SKU-13377;PANTENE ACONDICIONADOR BRILLO 400 ML;Pantene;400 ml;4752.12;5.0
779100003379;SKU-13378;REXONA DESODORANTE AEROSOL 150 ML;Rexona;150 ml;2853.76;0.0
779100003380;SKU-13379;COLGATE CREMA DENTAL TRIPLE ACCION 70 G;Colgate;70 g;1955.66;0.0
779100003381;SKU-13380;COCA-COLA GASEOSA COLA 2250 ML;Coca-Cola;2250 ml;5671.23;5.0
779100003382;SKU-13381;SPRITE GASEOSA LIMA LIMON 2250 ML;Sprite;2250 ml;4996.95;5.0
779100003383;SKU-13382;QUILMES CERVEZA RUBIA PACK X6;Quilmes;Pack x6;10614.41;0.0
779100003384;SKU-13383;LA SERENÍSIMA LECHE ENTERA 1000 ML;La Serenísima;1000 ml;1466.18;0.0
779100003385;SKU-13384;SANCOR LECHE DESCREMADA 1000 ML;Sancor;1000 ml;1395.21;0.0
779100003386;SKU-13385;LA SERENÍSIMA YOGUR BEBIBLE FRUTILLA 1000 G;La Serenísima;1000 g;2332.39;0.0
779100003387;SKU-13386;SAN IGNACIO DULCE DE LECHE CLASICO 400 GR;San Ignacio;400 gr;2562.85;10.0
779100003388;SKU-13387;NATURA ACEITE GIRASOL 1500 ML;Natura;1500 ml;3461.62;0.0
779100003389;SKU-13388;COCINERO ACEITE MEZCLA 1500 ML;Cocinero;1500 ml;2606.24;10.0
779100003390;SKU-13389;GALLO ARROZ LARGO FINO 1000 G;Gallo;1000 g;1946.12;0.0
779100003391;SKU-13390;MATARAZZO FIDEOS GUISEROS 500 GR;Matarazzo;500 gr;725.57;0.0
779100003392;SKU-13391;LUCCHETTI FIDEOS TALLARINES 500 GR;Lucchetti;500 gr;739.72;5.0
779100003393;SKU-13392;MAROLIO PURE DE TOMATE 520 GR;Marolio;520 gr;879.17;10.0
779100003394;SKU-13393;HELLMANNS MAYONESA CLASICA 500 G;Hellmanns;500 g;1424.7;0.0
779100003395;SKU-13394;ARCOR GALLETITAS DULCES 160 G;Arcor;160 g;1069.41;5.0
779100003396;SKU-13395;TERRABUSI GALLETITAS DE AGUA 300 G;Terrabusi;300 g;874.24;10.0
779100003397;SKU-13396;HEAD & SHOULDERS SHAMPOO ANTICASPA 200 ML;Head & Shoulders;200 ml;2037.9;5.0
779100003398;SKU-13397;PANTENE ACONDICIONADOR BRILLO 200 ML;Pantene;200 ml;2160.28;10.0
779100003399;SKU-13398;REXONA DESODORANTE AEROSOL 150 CC;Rexona;150 cc;2557.41;5.0
779100003400;SKU-13399;COLGATE CREMA DENTAL TRIPLE ACCION 90 G;Colgate;90 g;1729.92;5.0
779100003401;SKU-13400;COCA-COLA GASEOSA COLA 2.25L;Coca-Cola;2.25L;5102.83;0.0
779100003402;SKU-13401;SPRITE GASEOSA LIMA LIMON 1500 ML;Sprite;1500 ml;3241.87;5.0
779100003403;SKU-13402;QUILMES CERVEZA RUBIA 1000 CC;Quilmes;1000 cc;2327.57;0.0
779100003404;SKU-13403;LA SERENÍSIMA LECHE ENTERA SACHET 1L;La Serenísima;Sachet 1L;1305.18;5.0
779100003405;SKU-13404;SANCOR LECHE DESCREMADA TETRA 1L;Sancor;Tetra 1L;1447.15;0.0
779100003406;SKU-13405;LA SERENÍSIMA YOGUR BEBIBLE FRUTILLA 1000 GR;La Serenísima;1000 gr;2248.85;5.0
779100003407;SKU-13406;SAN IGNACIO DULCE DE LECHE CLASICO 1000 GR;San Ignacio;1000 gr;2313.31;5.0
779100003408;SKU-13407;NATURA ACEITE GIRASOL 1500 ML;Natura;1500 ml;3307.51;10.0
779100003409;SKU-13408;COCINERO ACEITE MEZCLA 1500 ML;Cocinero;1500 ml;2496.55;5.0
779100003410;SKU-13409;GALLO ARROZ LARGO FINO 1000 GR;Gallo;1000 gr;1912.56;0.0
779100003411;SKU-13410;MATARAZZO FIDEOS GUISEROS 1000 GR;Matarazzo;1000 gr;1266.11;10.0
779100003412;SKU-13411;LUCCHETTI FIDEOS TALLARINES 500 G;Lucchetti;500 g;733.53;0.0
779100003413;SKU-13412;MAROLIO PURE DE TOMATE TETRA 520G;Marolio;Tetra 520g;844.09;10.0
779100003414;SKU-13413;HELLMANNS MAYONESA CLASICA 950 G;Hellmanns;950 g;2317.76;5.0
779100003415;SKU-13414;ARCOR GALLETITAS DULCES PACK X3;Arcor;Pack x3;3265.81;0.0
779100003416;SKU-13415;TERRABUSI GALLETITAS DE AGUA PACK X3 300G;Terrabusi;Pack x3 300g;2485.42;5.0
779100003417;SKU-13416;HEAD & SHOULDERS SHAMPOO ANTICASPA 750 ML;Head & Shoulders;750 ml;4088.53;0.0
779100003418;SKU-13417;PANTENE ACONDICIONADOR BRILLO 400 ML;Pantene;400 ml;4058.94;0.0
779100003419;SKU-13418;REXONA DESODORANTE AEROSOL PACK X2;Rexona;Pack x2;7667.83;10.0
779100003420;SKU-13419;COLGATE CREMA DENTAL TRIPLE ACCION 140 G;Colgate;140 g;1837.09;5.0
779100003421;SKU-13420;COCA-COLA GASEOSA COLA 1500 ML;Coca-Cola;1500 ml;3975.52;10.0
779100003422;SKU-13421;SPRITE GASEOSA LIMA LIMON 500 ML;Sprite;500 ml;1758.06;10.0
779100003423;SKU-13422;QUILMES CERVEZA RUBIA 1000 CC;Quilmes;1000 cc;2040.75;5.0
779100003424;SKU-13423;LA SERENÍSIMA LECHE ENTERA TETRA 1L;La Serenísima;Tetra 1L;1297.46;10.0
779100003425;SKU-13424;SANCOR LECHE DESCREMADA 1000 CC;Sancor;1000 cc;1495.67;5.0
779100003426;SKU-13425;LA SERENÍSIMA YOGUR BEBIBLE FRUTILLA 180 G;La Serenísima;180 g;1983.04;0.0
779100003427;SKU-13426;SAN IGNACIO DULCE DE LECHE CLASICO 1000 G;San Ignacio;1000 g;2380.6;0.0
779100003428;SKU-13427;NATURA ACEITE GIRASOL 3 L;Natura;3 l;2500.68;0.0
779100003429;SKU-13428;COCINERO ACEITE MEZCLA 900 ML;Cocinero;900 ml;1809.8;5.0
779100003430;SKU-13429;GALLO ARROZ LARGO FINO 500 G;Gallo;500 g;1075.52;10.0
779100003431;SKU-13430;MATARAZZO FIDEOS GUISEROS 500 G;Matarazzo;500 g;782.24;5.0
779100003432;SKU-13431;LUCCHETTI FIDEOS TALLARINES 500 GR;Lucchetti;500 gr;718.86;5.0
779100003433;SKU-13432;MAROLIO PURE DE TOMATE 520 G;Marolio;520 g;944.66;10.0
779100003434;SKU-13433;HELLMANNS MAYONESA CLASICA 1000 GR;Hellmanns;1000 gr;2907.07;0.0
779100003435;SKU-13434;ARCOR GALLETITAS DULCES 300 G;Arcor;300 g;1153.41;5.0
779100003436;SKU-13435;TERRABUSI GALLETITAS DE AGUA 100 G;Terrabusi;100 g;907.87;10.0
779100003437;SKU-13436;HEAD & SHOULDERS SHAMPOO ANTICASPA 400 ML;Head & Shoulders;400 ml;4258.93;10.0
779100003438;SKU-13437;PANTENE ACONDICIONADOR BRILLO 200 ML;Pantene;200 ml;1985.86;0.0
779100003439;SKU-13438;REXONA DESODORANTE AEROSOL 150 ML;Rexona;150 ml;2859.19;10.0
779100003440;SKU-13439;COLGATE CREMA DENTAL TRIPLE ACCION 70 G;Colgate;70 g;2046.93;5.0
779100003441;SKU-13440;COCA-COLA GASEOSA COLA 500 ML;Coca-Cola;500 ml;1832.97;10.0
779100003442;SKU-13441;SPRITE GASEOSA LIMA LIMON 2250 ML;Sprite;2250 ml;4843.12;5.0
779100003443;SKU-13442;QUILMES CERVEZA RUBIA 473 ML;Quilmes;473 ml;1239.93;5.0
779100003444;SKU-13443;LA SERENÍSIMA LECHE ENTERA 1000 CC;La Serenísima;1000 cc;1314.05;10.0
779100003445;SKU-13444;SANCOR LECHE DESCREMADA 1000 ML;Sancor;1000 ml;1400.19;5.0
779100003446;SKU-13445;LA SERENÍSIMA YOGUR BEBIBLE FRUTILLA 1000 GR;La Serenísima;1000 gr;2353.34;5.0
779100003447;SKU-13446;SAN IGNACIO DULCE DE LECHE CLASICO 400 G;San Ignacio;400 g;2548.96;0.0
779100003448;SKU-13447;NATURA ACEITE GIRASOL 900 ML;Natura;900 ml;2114.06;10.0
779100003449;SKU-13448;COCINERO ACEITE MEZCLA 1500 ML;Cocinero;1500 ml;2245.68;5.0
779100003450;SKU-13449;GALLO ARROZ LARGO FINO 1000 GR;Gallo;1000 gr;1894.45;10.0
779100003451;SKU-13450;MATARAZZO FIDEOS GUISEROS 500 GR;Matarazzo;500 gr;778.8;0.0
779100003452;SKU-13451;LUCCHETTI FIDEOS TALLARINES 500 G;Lucchetti;500 g;759.92;10.0
779100003453;SKU-13452;MAROLIO PURE DE TOMATE 520 GR;Marolio;520 gr;875.22;5.0
779100003454;SKU-13453;HELLMANNS MAYONESA CLASICA 475 G;Hellmanns;475 g;2382.64;0.0
779100003455;SKU-13454;ARCOR GALLETITAS DULCES 120 G;Arcor;120 g;1056.19;5.0
779100003456;SKU-13455;TERRABUSI GALLETITAS DE AGUA 300 G;Terrabusi;300 g;939.81;10.0
779100003457;SKU-13456;HEAD & SHOULDERS SHAMPOO ANTICASPA 200 ML;Head & Shoulders;200 ml;2001.62;10.0
779100003458;SKU-13457;PANTENE ACONDICIONADOR BRILLO 400 ML;Pantene;400 ml;4916.5;10.0
779100003459;SKU-13458;REXONA DESODORANTE AEROSOL 150 CC;Rexona;150 cc;2809.36;10.0
779100003460;SKU-13459;COLGATE CREMA DENTAL TRIPLE ACCION 90 G;Colgate;90 g;1744.44;0.0
779100003461;SKU-13460;COCA-COLA GASEOSA COLA 354 ML;Coca-Cola;354 ml;1289.96;10.0
779100003462;SKU-13461;SPRITE GASEOSA LIMA LIMON 2250 ML;Sprite;2250 ml;4488.09;10.0
779100003463;SKU-13462;QUILMES CERVEZA RUBIA 710 ML;Quilmes;710 ml;2326.32;0.0
779100003464;SKU-13463;LA SERENÍSIMA LECHE ENTERA 1000 ML;La Serenísima;1000 ml;1309.65;5.0
779100003465;SKU-13464;SANCOR LECHE DESCREMADA TETRA 1L;Sancor;Tetra 1L;1443.22;5.0
779100003466;SKU-13465;LA SERENÍSIMA YOGUR BEBIBLE FRUTILLA 1000 G;La Serenísima;1000 g;2324.22;10.0
779100003467;SKU-13466;SAN IGNACIO DULCE DE LECHE CLASICO 400 GR;San Ignacio;400 gr;2392.09;10.0
779100003468;SKU-13467;NATURA ACEITE GIRASOL 1500 ML;Natura;1500 ml;3306.23;10.0
779100003469;SKU-13468;COCINERO ACEITE MEZCLA 1500 ML;Cocinero;1500 ml;2539.46;5.0
779100003470;SKU-13469;GALLO ARROZ LARGO FINO 1000 G;Gallo;1000 g;1671.14;0.0
779100003471;SKU-13470;MATARAZZO FIDEOS GUISEROS 1000 GR;Matarazzo;1000 gr;1288.49;10.0
779100003472;SKU-13471;LUCCHETTI FIDEOS TALLARINES 500 GR;Lucchetti;500 gr;694.02;0.0
779100003473;SKU-13472;MAROLIO PURE DE TOMATE TETRA 520G;Marolio;Tetra 520g;873.62;10.0
779100003474;SKU-13473;HELLMANNS MAYONESA CLASICA 500 G;Hellmanns;500 g;1538.24;0.0
779100003475;SKU-13474;ARCOR GALLETITAS DULCES 160 G;Arcor;160 g;1120.64;5.0
779100003476;SKU-13475;TERRABUSI GALLETITAS DE AGUA PACK X3 300G;Terrabusi;Pack x3 300g;2829.01;0.0
779100003477;SKU-13476;HEAD & SHOULDERS SHAMPOO ANTICASPA 750 ML;Head & Shoulders;750 ml;4656.75;0.0
779100003478;SKU-13477;PANTENE ACONDICIONADOR BRILLO 200 ML;Pantene;200 ml;2084.0;10.0
779100003479;SKU-13478;REXONA DESODORANTE AEROSOL PACK X2;Rexona;Pack x2;7500.71;0.0
779100003480;SKU-13479;COLGATE CREMA DENTAL TRIPLE ACCION 140 G;Colgate;140 g;2150.18;0.0
779100003481;SKU-13480;COCA-COLA GASEOSA COLA 2250 ML;Coca-Cola;2250 ml;5486.58;5.0
779100003482;SKU-13481;SPRITE GASEOSA LIMA LIMON 1500 ML;Sprite;1500 ml;3227.93;10.0
779100003483;SKU-13482;QUILMES CERVEZA RUBIA PACK X6;Quilmes;Pack x6;12056.46;10.0
779100003484;SKU-13483;LA SERENÍSIMA LECHE ENTERA SACHET 1L;La Serenísima;Sachet 1L;1281.04;5.0
779100003485;SKU-13484;SANCOR LECHE DESCREMADA 1000 CC;Sancor;1000 cc;1272.75;10.0
779100003486;SKU-13485;LA SERENÍSIMA YOGUR BEBIBLE FRUTILLA 1000 GR;La Serenísima;1000 gr;2346.44;10.0
779100003487;SKU-13486;SAN IGNACIO DULCE DE LECHE CLASICO 1000 GR;San Ignacio;1000 gr;2720.4;10.0
779100003488;SKU-13487;NATURA ACEITE GIRASOL 1500 ML;Natura;1500 ml;3210.86;5.0
779100003489;SKU-13488;COCINERO ACEITE MEZCLA 900 ML;Cocinero;900 ml;1794.96;0.0
779100003490;SKU-13489;GALLO ARROZ LARGO FINO 1000 GR;Gallo;1000 gr;1664.59;10.0
779100003491;SKU-13490;MATARAZZO FIDEOS GUISEROS 500 G;Matarazzo;500 g;737.47;10.0
779100003492;SKU-13491;LUCCHETTI FIDEOS TALLARINES 500 G;Lucchetti;500 g;698.89;5.0
779100003493;SKU-13492;MAROLIO PURE DE TOMATE 520 G;Marolio;520 g;809.33;0.0
779100003494;SKU-13493;HELLMANNS MAYONESA CLASICA 950 G;Hellmanns;950 g;2529.43;0.0
779100003495;SKU-13494;ARCOR GALLETITAS DULCES PACK X3;Arcor;Pack x3;3085.4;0.0
779100003496;SKU-13495;TERRABUSI GALLETITAS DE AGUA 100 G;Terrabusi;100 g;1041.17;5.0
779100003497;SKU-13496;HEAD & SHOULDERS SHAMPOO ANTICASPA 400 ML;Head & Shoulders;400 ml;4607.6;10.0
779100003498;SKU-13497;PANTENE ACONDICIONADOR BRILLO 400 ML;Pantene;400 ml;4673.93;10.0
779100003499;SKU-13498;REXONA DESODORANTE AEROSOL 150 ML;Rexona;150 ml;2943.05;5.0
779100003500;SKU-13499;COLGATE CREMA DENTAL TRIPLE ACCION 70 G;Colgate;70 g;1904.12;5.0
779100003501;SKU-13500;COCA-COLA GASEOSA COLA 2250 ML;Coca-Cola;2250 ml;4843.19;10.0
779100003502;SKU-13501;SPRITE GASEOSA LIMA LIMON 500 ML;Sprite;500 ml;1661.29;0.0
779100003503;SKU-13502;QUILMES CERVEZA RUBIA 1000 CC;Quilmes;1000 cc;2500.5;5.0
779100003504;SKU-13503;LA SERENÍSIMA LECHE ENTERA TETRA 1L;La Serenísima;Tetra 1L;1491.66;10.0
779100003505;SKU-13504;SANCOR LECHE DESCREMADA 1000 ML;Sancor;1000 ml;1326.03;0.0
779100003506;SKU-13505;LA SERENÍSIMA YOGUR BEBIBLE FRUTILLA 180 G;La Serenísima;180 g;2311.48;5.0
779100003507;SKU-13506;SAN IGNACIO DULCE DE LECHE CLASICO 1000 G;San Ignacio;1000 g;2699.82;0.0
779100003508;SKU-13507;NATURA ACEITE GIRASOL 3 L;Natura;3 l;2181.35;10.0
779100003509;SKU-13508;COCINERO ACEITE MEZCLA 1500 ML;Cocinero;1500 ml;2456.69;10.0
779100003510;SKU-13509;GALLO ARROZ LARGO FINO 500 G;Gallo;500 g;984.95;0.0
779100003511;SKU-13510;MATARAZZO FIDEOS GUISEROS 500 GR;Matarazzo;500 gr;867.14;0.0
779100003512;SKU-13511;LUCCHETTI FIDEOS TALLARINES 500 GR;Lucchetti;500 gr;734.76;10.0
779100003513;SKU-13512;MAROLIO PURE DE TOMATE 520 GR;Marolio;520 gr;831.18;5.0
779100003514;SKU-13513;HELLMANNS MAYONESA CLASICA 1000 GR;Hellmanns;1000 gr;2512.09;10.0
779100003515;SKU-13514;ARCOR GALLETITAS DULCES 300 G;Arcor;300 g;1130.72;0.0
779100003516;SKU-13515;TERRABUSI GALLETITAS DE AGUA 300 G;Terrabusi;300 g;963.57;0.0
779100003517;SKU-13516;HEAD & SHOULDERS SHAMPOO ANTICASPA 200 ML;Head & Shoulders;200 ml;1996.52;0.0
779100003518;SKU-13517;PANTENE ACONDICIONADOR BRILLO 200 ML;Pantene;200 ml;1747.81;10.0
779100003519;SKU-13518;REXONA DESODORANTE AEROSOL 150 CC;Rexona;150 cc;2825.53;0.0
779100003520;SKU-13519;COLGATE CREMA DENTAL TRIPLE ACCION 90 G;Colgate;90 g;1882.48;10.0
779100003521;SKU-13520;COCA-COLA GASEOSA COLA 2.25L;Coca-Cola;2.25L;5590.31;10.0
779100003522;SKU-13521;SPRITE GASEOSA LIMA LIMON 2250 ML;Sprite;2250 ml;4896.99;5.0
779100003523;SKU-13522;QUILMES CERVEZA RUBIA 1000 CC;Quilmes;1000 cc;2286.01;5.0
779100003524;SKU-13523;LA SERENÍSIMA LECHE ENTERA 1000 CC;La Serenísima;1000 cc;1411.72;0.0
779100003525;SKU-13524;SANCOR LECHE DESCREMADA TETRA 1L;Sancor;Tetra 1L;1342.15;10.0
779100003526;SKU-13525;LA SERENÍSIMA YOGUR BEBIBLE FRUTILLA 1000 GR;La Serenísima;1000 gr;1934.94;10.0
779100003527;SKU-13526;SAN IGNACIO DULCE DE LECHE CLASICO 400 G;San Ignacio;400 g;2619.43;5.0
779100003528;SKU-13527;NATURA ACEITE GIRASOL 900 ML;Natura;900 ml;1978.48;10.0
779100003529;SKU-13528;COCINERO ACEITE MEZCLA 1500 ML;Cocinero;1500 ml;2721.06;5.0
779100003530;SKU-13529;GALLO ARROZ LARGO FINO 1000 GR;Gallo;1000 gr;2056.6;0.0
779100003531;SKU-13530;MATARAZZO FIDEOS GUISEROS 1000 GR;Matarazzo;1000 gr;1234.0;0.0
779100003532;SKU-13531;LUCCHETTI FIDEOS TALLARINES 500 G;Lucchetti;500 g;718.02;5.0
779100003533;SKU-13532;MAROLIO PURE DE TOMATE TETRA 520G;Marolio;Tetra 520g;969.19;10.0
779100003534;SKU-13533;HELLMANNS MAYONESA CLASICA 475 G;Hellmanns;475 g;2715.94;0.0
779100003535;SKU-13534;ARCOR GALLETITAS DULCES 120 G;Arcor;120 g;1133.35;10.0
779100003536;SKU-13535;TERRABUSI GALLETITAS DE AGUA PACK X3 300G;Terrabusi;Pack x3 300g;2553.58;5.0
779100003537;SKU-13536;HEAD & SHOULDERS SHAMPOO ANTICASPA 750 ML;Head & Shoulders;750 ml;4311.82;5.0
779100003538;SKU-13537;PANTENE ACONDICIONADOR BRILLO 400 ML;Pantene;400 ml;4939.84;10.0
779100003539;SKU-13538;REXONA DESODORANTE AEROSOL PACK X2;Rexona;Pack x2;8593.9;10.0
779100003540;SKU-13539;COLGATE CREMA DENTAL TRIPLE ACCION 140 G;Colgate;140 g;1846.99;10.0
779100003541;SKU-13540;COCA-COLA GASEOSA COLA 1500 ML;Coca-Cola;1500 ml;3896.36;0.0
779100003542;SKU-13541;SPRITE GASEOSA LIMA LIMON 2250 ML;Sprite;2250 ml;4643.18;0.0
779100003543;SKU-13542;QUILMES CERVEZA RUBIA 473 ML;Quilmes;473 ml;1436.39;5.0
779100003544;SKU-13543;LA SERENÍSIMA LECHE ENTERA 1000 ML;La Serenísima;1000 ml;1450.0;5.0
779100003545;SKU-13544;SANCOR LECHE DESCREMADA 1000 CC;Sancor;1000 cc;1440.65;5.0
779100003546;SKU-13545;LA SERENÍSIMA YOGUR BEBIBLE FRUTILLA 1000 G;La Serenísima;1000 g;2264.38;0.0
779100003547;SKU-13546;SAN IGNACIO DULCE DE LECHE CLASICO 400 GR;San Ignacio;400 gr;2695.56;5.0
779100003548;SKU-13547;NATURA ACEITE GIRASOL 1500 ML;Natura;1500 ml;3126.39;0.0
779100003549;SKU-13548;COCINERO ACEITE MEZCLA 900 ML;Cocinero;900 ml;1549.18;5.0
779100003550;SKU-13549;GALLO ARROZ LARGO FINO 1000 G;Gallo;1000 g;1633.38;10.0
779100003551;SKU-13550;MATARAZZO FIDEOS GUISEROS 500 G;Matarazzo;500 g;878.61;5.0
779100003552;SKU-13551;LUCCHETTI FIDEOS TALLARINES 500 GR;Lucchetti;500 gr;830.18;10.0
779100003553;SKU-13552;MAROLIO PURE DE TOMATE 520 G;Marolio;520 g;949.67;10.0
779100003554;SKU-13553;HELLMANNS MAYONESA CLASICA 500 G;Hellmanns;500 g;1422.85;0.0
779100003555;SKU-13554;ARCOR GALLETITAS DULCES 160 G;Arcor;160 g;1217.15;0.0
779100003556;SKU-13555;TERRABUSI GALLETITAS DE AGUA 100 G;Terrabusi;100 g;867.07;10.0
779100003557;SKU-13556;HEAD & SHOULDERS SHAMPOO ANTICASPA 400 ML;Head & Shoulders;400 ml;4050.89;5.0
779100003558;SKU-13557;PANTENE ACONDICIONADOR BRILLO 200 ML;Pantene;200 ml;2011.54;5.0
779100003559;SKU-13558;REXONA DESODORANTE AEROSOL 150 ML;Rexona;150 ml;3024.76;10.0
779100003560;SKU-13559;COLGATE CREMA DENTAL TRIPLE ACCION 70 G;Colgate;70 g;1936.16;0.0
779100003561;SKU-13560;COCA-COLA GASEOSA COLA 500 ML;Coca-Cola;500 ml;1546.2;5.0
779100003562;SKU-13561;SPRITE GASEOSA LIMA LIMON 1500 ML;Sprite;1500 ml;3840.84;5.0
779100003563;SKU-13562;QUILMES CERVEZA RUBIA 710 ML;Quilmes;710 ml;2512.46;0.0
779100003564;SKU-13563;LA SERENÍSIMA LECHE ENTERA SACHET 1L;La Serenísima;Sachet 1L;1356.4;0.0
779100003565;SKU-13564;SANCOR LECHE DESCREMADA 1000 ML;Sancor;1000 ml;1238.11;0.0
779100003566;SKU-13565;LA SERENÍSIMA YOGUR BEBIBLE FRUTILLA 1000 GR;La Serenísima;1000 gr;2142.42;0.0
779100003567;SKU-13566;SAN IGNACIO DULCE DE LECHE CLASICO 1000 GR;San Ignacio;1000 gr;2409.53;0.0
779100003568;SKU-13567;NATURA ACEITE GIRASOL 1500 ML;Natura;1500 ml;3291.27;5.0
779100003569;SKU-13568;COCINERO ACEITE MEZCLA 1500 ML;Cocinero;1500 ml;2789.48;5.0
779100003570;SKU-13569;GALLO ARROZ LARGO FINO 1000 GR;Gallo;1000 gr;1780.3;5.0
779100003571;SKU-13570;MATARAZZO FIDEOS GUISEROS 500 GR;Matarazzo;500 gr;870.5;10.0
779100003572;SKU-13571;LUCCHETTI FIDEOS TALLARINES 500 G;Lucchetti;500 g;693.62;0.0
779100003573;SKU-13572;MAROLIO PURE DE TOMATE 520 GR;Marolio;520 gr;841.82;5.0
779100003574;SKU-13573;HELLMANNS MAYONESA CLASICA 950 G;Hellmanns;950 g;2551.84;0.0
779100003575;SKU-13574;ARCOR GALLETITAS DULCES PACK X3;Arcor;Pack x3;3313.19;10.0
779100003576;SKU-13575;TERRABUSI GALLETITAS DE AGUA 300 G;Terrabusi;300 g;882.25;10.0
779100003577;SKU-13576;HEAD & SHOULDERS SHAMPOO ANTICASPA 200 ML;Head & Shoulders;200 ml;1965.85;0.0
779100003578;SKU-13577;PANTENE ACONDICIONADOR BRILLO 400 ML;Pantene;400 ml;4855.49;0.0
779100003579;SKU-13578;REXONA DESODORANTE AEROSOL 150 CC;Rexona;150 cc;2961.73;10.0
779100003580;SKU-13579;COLGATE CREMA DENTAL TRIPLE ACCION 90 G;Colgate;90 g;2015.62;0.0
779100003581;SKU-13580;COCA-COLA GASEOSA COLA 354 ML;Coca-Cola;354 ml;1150.97;10.0
779100003582;SKU-13581;SPRITE GASEOSA LIMA LIMON 500 ML;Sprite;500 ml;1489.11;0.0
779100003583;SKU-13582;QUILMES CERVEZA RUBIA PACK X6;Quilmes;Pack x6;12881.96;10.0
779100003584;SKU-13583;LA SERENÍSIMA LECHE ENTERA TETRA 1L;La Serenísima;Tetra 1L;1472.78;0.0
779100003585;SKU-13584;SANCOR LECHE DESCREMADA TETRA 1L;Sancor;Tetra 1L;1432.11;0.0
779100003586;SKU-13585;LA SERENÍSIMA YOGUR BEBIBLE FRUTILLA 180 G;La Serenísima;180 g;2322.8;10.0
779100003587;SKU-13586;SAN IGNACIO DULCE DE LECHE CLASICO 1000 G;San Ignacio;1000 g;2597.4;10.0
779100003588;SKU-13587;NATURA ACEITE GIRASOL 3 L;Natura;3 l;2164.43;10.0
779100003589;SKU-13588;COCINERO ACEITE MEZCLA 1500 ML;Cocinero;1500 ml;2453.16;10.0
779100003590;SKU-13589;GALLO ARROZ LARGO FINO 500 G;Gallo;500 g;1116.93;10.0
779100003591;SKU-13590;MATARAZZO FIDEOS GUISEROS 1000 GR;Matarazzo;1000 gr;1251.09;10.0
779100003592;SKU-13591;LUCCHETTI FIDEOS TALLARINES 500 GR;Lucchetti;500 gr;831.07;5.0
779100003593;SKU-13592;MAROLIO PURE DE TOMATE TETRA 520G;Marolio;Tetra 520g;877.77;0.0
779100003594;SKU-13593;HELLMANNS MAYONESA CLASICA 1000 GR;Hellmanns;1000 gr;2803.27;5.0
779100003595;SKU-13594;ARCOR GALLETITAS DULCES 300 G;Arcor;300 g;1198.99;0.0
779100003596;SKU-13595;TERRABUSI GALLETITAS DE AGUA PACK X3 300G;Terrabusi;Pack x3 300g;2555.92;10.0
779100003597;SKU-13596;HEAD & SHOULDERS SHAMPOO ANTICASPA 750 ML;Head & Shoulders;750 ml;4937.72;0.0
779100003598;SKU-13597;PANTENE ACONDICIONADOR BRILLO 200 ML;Pantene;200 ml;2192.1;10.0
779100003599;SKU-13598;REXONA DESODORANTE AEROSOL PACK X2;Rexona;Pack x2;7897.74;5.0
779100003600;SKU-13599;COLGATE CREMA DENTAL TRIPLE ACCION 140 G;Colgate;140 g;1907.7;5.0
